url,URN,School Name,Local Authority,Street,Town,Postcode,Phase,ReligiousCharacter (name),PAN 2025,Apps Received 2025,Offers Made 2025,1st Pref Rate %,Oversub Ratio,Latitude,Longitude,EstablishmentName,PAN,Snobe Overall Grade,Ofsted Rating,School Website,Last Updated,FSM_percent,Current_roll,First_pref_offers,Preferred_offers,FSM_percent_new,PAN_new,First_pref_offers_new,Crime_index,IMD_rank,Places Offered 2025,ReligiousCharacter,ReligiousCharacter_DfE,Local Authority_DfE,DfE Data Updated
https://snobe.co.uk/schools/all-saints-catholic-school-and-technology-college,101247,All Saints Catholic School and Technology College,Barking and Dagenham,Terling Road,Dagenham,RM8 1JT,Secondary,Roman Catholic,237.0,580,214.0,36.896552,58000,51.562829,0.151337,All Saints Catholic School and Technology College,237.0,A,Ofsted Outstanding,http://www.allsaintsschool.co.uk/?utm_source=snobe-co-uk&utm_medium=school-profile&utm_campaign=organic,2026-03-19,23.9,225.15,214.0,235.0,23.9,237.0,214.0,60.0,7.0,0,,,,True
https://snobe.co.uk/schools/st-teresa-catholic-primary-school-1,101238,The St Teresa Catholic Primary School,Barking and Dagenham,Bowes Road,Dagenham,RM8 2XJ,Primary,Roman Catholic,30.0,76,29.0,38.157895,7600,51.550677,0.124266,The St Teresa Catholic Primary School,29.0,A,Ofsted Good,http://www.st-teresa.co.uk?utm_source=snobe-co-uk&utm_medium=school-profile&utm_campaign=organic,2026-03-19,7.4,28.5,28.0,29.0,7.4,29.0,28.0,60.0,7.0,0,,,,True
https://snobe.co.uk/schools/bishop-douglass-school-finchley,101365,Bishop Douglass School Finchley,Barnet,Hamilton Road,London,N2 0SQ,Secondary,Roman Catholic,136.0,307,60.0,18.237082,295,51.594066,-0.178293,Bishop Douglass School Finchley,104.0,B-,Ofsted Good,http://www.bishopdouglass.barnet.sch.uk/?utm_source=snobe-co-uk&utm_medium=school-profile&utm_campaign=organic,2026-03-19,19.5,129.2,38.0,84.0,19.5,104.0,38.0,55.0,4.0,104,,,Barnet,True
https://snobe.co.uk/schools/bishop-douglass-school-finchley,101365,Bishop Douglass School Finchley,Barnet,Hamilton Road,London,N2 0SQ,Secondary,Roman Catholic,136.0,194,60.0,18.237082,308,51.594066,-0.178293,Bishop Douglass School Finchley,104.0,B-,Ofsted Good,http://www.bishopdouglass.barnet.sch.uk/?utm_source=snobe-co-uk&utm_medium=school-profile&utm_campaign=organic,2026-03-19,19.5,129.2,38.0,84.0,19.5,104.0,38.0,55.0,4.0,63,,,Barnet,True
https://snobe.co.uk/schools/bishop-douglass-school-finchley,101365,Bishop Douglass School Finchley,Barnet,Hamilton Road,London,N2 0SQ,Secondary,Roman Catholic,136.0,261,60.0,18.237082,266,51.594066,-0.178293,Bishop Douglass School Finchley,104.0,B-,Ofsted Good,http://www.bishopdouglass.barnet.sch.uk/?utm_source=snobe-co-uk&utm_medium=school-profile&utm_campaign=organic,2026-03-19,19.5,129.2,38.0,84.0,19.5,104.0,38.0,55.0,4.0,98,,,Barnet,True
https://snobe.co.uk/schools/blessed-dominic-catholic-primary-school,101339,Blessed Dominic Catholic Primary School,Barnet,Great Strand,London,NW9 5PE,Primary,Roman Catholic,60.0,168,58.0,34.52381,280,51.600831,-0.240936,Blessed Dominic Catholic Primary School,60.0,A+,Ofsted Outstanding,http://www.blesseddominic.barnet.sch.uk/?utm_source=snobe-co-uk&utm_medium=school-profile&utm_campaign=organic,2026-03-19,18.5,57.0,58.0,60.0,18.5,60.0,58.0,55.0,4.0,60,,,Barnet,True
https://snobe.co.uk/schools/blessed-dominic-catholic-primary-school,101339,Blessed Dominic Catholic Primary School,Barnet,Great Strand,London,NW9 5PE,Primary,Roman Catholic,60.0,162,58.0,34.52381,275,51.600831,-0.240936,Blessed Dominic Catholic Primary School,60.0,A+,Ofsted Outstanding,http://www.blesseddominic.barnet.sch.uk/?utm_source=snobe-co-uk&utm_medium=school-profile&utm_campaign=organic,2026-03-19,18.5,57.0,58.0,60.0,18.5,60.0,58.0,55.0,4.0,59,,,Barnet,True
https://snobe.co.uk/schools/blessed-dominic-catholic-primary-school,101339,Blessed Dominic Catholic Primary School,Barnet,Great Strand,London,NW9 5PE,Primary,Roman Catholic,60.0,164,58.0,34.52381,273,51.600831,-0.240936,Blessed Dominic Catholic Primary School,60.0,A+,Ofsted Outstanding,http://www.blesseddominic.barnet.sch.uk/?utm_source=snobe-co-uk&utm_medium=school-profile&utm_campaign=organic,2026-03-19,18.5,57.0,58.0,60.0,18.5,60.0,58.0,55.0,4.0,60,,,Barnet,True
https://snobe.co.uk/schools/blessed-dominic-catholic-primary-school,101339,Blessed Dominic Catholic Primary School,Barnet,Great Strand,London,NW9 5PE,Primary,Roman Catholic,60.0,139,58.0,34.52381,236,51.600831,-0.240936,Blessed Dominic Catholic Primary School,60.0,A+,Ofsted Outstanding,http://www.blesseddominic.barnet.sch.uk/?utm_source=snobe-co-uk&utm_medium=school-profile&utm_campaign=organic,2026-03-19,18.5,57.0,58.0,60.0,18.5,60.0,58.0,55.0,4.0,59,,,Barnet,True
https://snobe.co.uk/schools/blessed-dominic-catholic-primary-school,101339,Blessed Dominic Catholic Primary School,Barnet,Great Strand,London,NW9 5PE,Primary,Roman Catholic,60.0,145,58.0,34.52381,242,51.600831,-0.240936,Blessed Dominic Catholic Primary School,60.0,A+,Ofsted Outstanding,http://www.blesseddominic.barnet.sch.uk/?utm_source=snobe-co-uk&utm_medium=school-profile&utm_campaign=organic,2026-03-19,18.5,57.0,58.0,60.0,18.5,60.0,58.0,55.0,4.0,60,,,Barnet,True
https://snobe.co.uk/schools/blessed-dominic-catholic-primary-school,101339,Blessed Dominic Catholic Primary School,Barnet,Great Strand,London,NW9 5PE,Primary,Roman Catholic,60.0,120,58.0,34.52381,200,51.600831,-0.240936,Blessed Dominic Catholic Primary School,60.0,A+,Ofsted Outstanding,http://www.blesseddominic.barnet.sch.uk/?utm_source=snobe-co-uk&utm_medium=school-profile&utm_campaign=organic,2026-03-19,18.5,57.0,58.0,60.0,18.5,60.0,58.0,55.0,4.0,60,,,Barnet,True
https://snobe.co.uk/schools/blessed-dominic-catholic-primary-school,101339,Blessed Dominic Catholic Primary School,Barnet,Great Strand,London,NW9 5PE,Primary,Roman Catholic,60.0,117,58.0,34.52381,195,51.600831,-0.240936,Blessed Dominic Catholic Primary School,60.0,A+,Ofsted Outstanding,http://www.blesseddominic.barnet.sch.uk/?utm_source=snobe-co-uk&utm_medium=school-profile&utm_campaign=organic,2026-03-19,18.5,57.0,58.0,60.0,18.5,60.0,58.0,55.0,4.0,60,,,Barnet,True
https://snobe.co.uk/schools/blessed-dominic-catholic-primary-school,101339,Blessed Dominic Catholic Primary School,Barnet,Great Strand,London,NW9 5PE,Primary,Roman Catholic,60.0,104,58.0,34.52381,212,51.600831,-0.240936,Blessed Dominic Catholic Primary School,60.0,A+,Ofsted Outstanding,http://www.blesseddominic.barnet.sch.uk/?utm_source=snobe-co-uk&utm_medium=school-profile&utm_campaign=organic,2026-03-19,18.5,57.0,58.0,60.0,18.5,60.0,58.0,55.0,4.0,49,,,Barnet,True
https://snobe.co.uk/schools/blessed-dominic-catholic-primary-school,101339,Blessed Dominic Catholic Primary School,Barnet,Great Strand,London,NW9 5PE,Primary,Roman Catholic,60.0,133,58.0,34.52381,222,51.600831,-0.240936,Blessed Dominic Catholic Primary School,60.0,A+,Ofsted Outstanding,http://www.blesseddominic.barnet.sch.uk/?utm_source=snobe-co-uk&utm_medium=school-profile&utm_campaign=organic,2026-03-19,18.5,57.0,58.0,60.0,18.5,60.0,58.0,55.0,4.0,60,,,Barnet,True
https://snobe.co.uk/schools/blessed-dominic-catholic-primary-school,101339,Blessed Dominic Catholic Primary School,Barnet,Great Strand,London,NW9 5PE,Primary,Roman Catholic,60.0,135,58.0,34.52381,225,51.600831,-0.240936,Blessed Dominic Catholic Primary School,60.0,A+,Ofsted Outstanding,http://www.blesseddominic.barnet.sch.uk/?utm_source=snobe-co-uk&utm_medium=school-profile&utm_campaign=organic,2026-03-19,18.5,57.0,58.0,60.0,18.5,60.0,58.0,55.0,4.0,60,,,Barnet,True
https://snobe.co.uk/schools/blessed-dominic-catholic-primary-school,101339,Blessed Dominic Catholic Primary School,Barnet,Great Strand,London,NW9 5PE,Primary,Roman Catholic,60.0,128,58.0,34.52381,225,51.600831,-0.240936,Blessed Dominic Catholic Primary School,60.0,A+,Ofsted Outstanding,http://www.blesseddominic.barnet.sch.uk/?utm_source=snobe-co-uk&utm_medium=school-profile&utm_campaign=organic,2026-03-19,18.5,57.0,58.0,60.0,18.5,60.0,58.0,55.0,4.0,57,,,Barnet,True
https://snobe.co.uk/schools/blessed-dominic-catholic-primary-school,101339,Blessed Dominic Catholic Primary School,Barnet,Great Strand,London,NW9 5PE,Primary,Roman Catholic,60.0,132,58.0,34.52381,220,51.600831,-0.240936,Blessed Dominic Catholic Primary School,60.0,A+,Ofsted Outstanding,http://www.blesseddominic.barnet.sch.uk/?utm_source=snobe-co-uk&utm_medium=school-profile&utm_campaign=organic,2026-03-19,18.5,57.0,58.0,60.0,18.5,60.0,58.0,55.0,4.0,60,,,Barnet,True
https://snobe.co.uk/schools/finchley-catholic-high-school,101362,Finchley Catholic High School,Barnet,Woodside Lane,London,N12 8TA,Secondary,Roman Catholic,180.0,441,137.0,31.06576,245,51.622219,-0.181615,Finchley Catholic High School,180.0,B,Ofsted Good,http://www.finchleycatholic.org.uk?utm_source=snobe-co-uk&utm_medium=school-profile&utm_campaign=organic,2026-03-19,12.3,171.0,137.0,180.0,12.3,180.0,137.0,55.0,4.0,180,,,Barnet,True
https://snobe.co.uk/schools/finchley-catholic-high-school,101362,Finchley Catholic High School,Barnet,Woodside Lane,London,N12 8TA,Secondary,Roman Catholic,180.0,383,137.0,31.06576,214,51.622219,-0.181615,Finchley Catholic High School,180.0,B,Ofsted Good,http://www.finchleycatholic.org.uk?utm_source=snobe-co-uk&utm_medium=school-profile&utm_campaign=organic,2026-03-19,12.3,171.0,137.0,180.0,12.3,180.0,137.0,55.0,4.0,179,,,Barnet,True
https://snobe.co.uk/schools/finchley-catholic-high-school,101362,Finchley Catholic High School,Barnet,Woodside Lane,London,N12 8TA,Secondary,Roman Catholic,180.0,378,137.0,31.06576,215,51.622219,-0.181615,Finchley Catholic High School,180.0,B,Ofsted Good,http://www.finchleycatholic.org.uk?utm_source=snobe-co-uk&utm_medium=school-profile&utm_campaign=organic,2026-03-19,12.3,171.0,137.0,180.0,12.3,180.0,137.0,55.0,4.0,176,,,Barnet,True
https://snobe.co.uk/schools/finchley-catholic-high-school,101362,Finchley Catholic High School,Barnet,Woodside Lane,London,N12 8TA,Secondary,Roman Catholic,180.0,406,137.0,31.06576,233,51.622219,-0.181615,Finchley Catholic High School,180.0,B,Ofsted Good,http://www.finchleycatholic.org.uk?utm_source=snobe-co-uk&utm_medium=school-profile&utm_campaign=organic,2026-03-19,12.3,171.0,137.0,180.0,12.3,180.0,137.0,55.0,4.0,174,,,Barnet,True
https://snobe.co.uk/schools/finchley-catholic-high-school,101362,Finchley Catholic High School,Barnet,Woodside Lane,London,N12 8TA,Secondary,Roman Catholic,180.0,409,137.0,31.06576,227,51.622219,-0.181615,Finchley Catholic High School,180.0,B,Ofsted Good,http://www.finchleycatholic.org.uk?utm_source=snobe-co-uk&utm_medium=school-profile&utm_campaign=organic,2026-03-19,12.3,171.0,137.0,180.0,12.3,180.0,137.0,55.0,4.0,180,,,Barnet,True
https://snobe.co.uk/schools/finchley-catholic-high-school,101362,Finchley Catholic High School,Barnet,Woodside Lane,London,N12 8TA,Secondary,Roman Catholic,180.0,449,137.0,31.06576,249,51.622219,-0.181615,Finchley Catholic High School,180.0,B,Ofsted Good,http://www.finchleycatholic.org.uk?utm_source=snobe-co-uk&utm_medium=school-profile&utm_campaign=organic,2026-03-19,12.3,171.0,137.0,180.0,12.3,180.0,137.0,55.0,4.0,180,,,Barnet,True
https://snobe.co.uk/schools/finchley-catholic-high-school,101362,Finchley Catholic High School,Barnet,Woodside Lane,London,N12 8TA,Secondary,Roman Catholic,180.0,488,137.0,31.06576,274,51.622219,-0.181615,Finchley Catholic High School,180.0,B,Ofsted Good,http://www.finchleycatholic.org.uk?utm_source=snobe-co-uk&utm_medium=school-profile&utm_campaign=organic,2026-03-19,12.3,171.0,137.0,180.0,12.3,180.0,137.0,55.0,4.0,178,,,Barnet,True
https://snobe.co.uk/schools/finchley-catholic-high-school,101362,Finchley Catholic High School,Barnet,Woodside Lane,London,N12 8TA,Secondary,Roman Catholic,180.0,486,137.0,31.06576,272,51.622219,-0.181615,Finchley Catholic High School,180.0,B,Ofsted Good,http://www.finchleycatholic.org.uk?utm_source=snobe-co-uk&utm_medium=school-profile&utm_campaign=organic,2026-03-19,12.3,171.0,137.0,180.0,12.3,180.0,137.0,55.0,4.0,179,,,Barnet,True
https://snobe.co.uk/schools/finchley-catholic-high-school,101362,Finchley Catholic High School,Barnet,Woodside Lane,London,N12 8TA,Secondary,Roman Catholic,180.0,460,137.0,31.06576,260,51.622219,-0.181615,Finchley Catholic High School,180.0,B,Ofsted Good,http://www.finchleycatholic.org.uk?utm_source=snobe-co-uk&utm_medium=school-profile&utm_campaign=organic,2026-03-19,12.3,171.0,137.0,180.0,12.3,180.0,137.0,55.0,4.0,177,,,Barnet,True
https://snobe.co.uk/schools/finchley-catholic-high-school,101362,Finchley Catholic High School,Barnet,Woodside Lane,London,N12 8TA,Secondary,Roman Catholic,180.0,492,137.0,31.06576,283,51.622219,-0.181615,Finchley Catholic High School,180.0,B,Ofsted Good,http://www.finchleycatholic.org.uk?utm_source=snobe-co-uk&utm_medium=school-profile&utm_campaign=organic,2026-03-19,12.3,171.0,137.0,180.0,12.3,180.0,137.0,55.0,4.0,174,,,Barnet,True
https://snobe.co.uk/schools/finchley-catholic-high-school,101362,Finchley Catholic High School,Barnet,Woodside Lane,London,N12 8TA,Secondary,Roman Catholic,180.0,474,137.0,31.06576,274,51.622219,-0.181615,Finchley Catholic High School,180.0,B,Ofsted Good,http://www.finchleycatholic.org.uk?utm_source=snobe-co-uk&utm_medium=school-profile&utm_campaign=organic,2026-03-19,12.3,171.0,137.0,180.0,12.3,180.0,137.0,55.0,4.0,173,,,Barnet,True
https://snobe.co.uk/schools/finchley-catholic-high-school,101362,Finchley Catholic High School,Barnet,Woodside Lane,London,N12 8TA,Secondary,Roman Catholic,180.0,485,137.0,31.06576,271,51.622219,-0.181615,Finchley Catholic High School,180.0,B,Ofsted Good,http://www.finchleycatholic.org.uk?utm_source=snobe-co-uk&utm_medium=school-profile&utm_campaign=organic,2026-03-19,12.3,171.0,137.0,180.0,12.3,180.0,137.0,55.0,4.0,179,,,Barnet,True
https://snobe.co.uk/schools/our-lady-lourdes-rc-school,101331,Our Lady of Lourdes RC School,Barnet,Bow Lane,London,N12 0JP,Primary,Roman Catholic,18.0,73,17.0,23.287671,406,51.605087,-0.178039,Our Lady of Lourdes RC School,18.0,A-,Ofsted Good,http://www.olol.barnetschool.org.uk?utm_source=snobe-co-uk&utm_medium=school-profile&utm_campaign=organic,2026-03-19,16.7,17.099999999999998,17.0,18.0,16.7,18.0,17.0,55.0,4.0,18,,,Barnet,True
https://snobe.co.uk/schools/our-lady-lourdes-rc-school,101331,Our Lady of Lourdes RC School,Barnet,Bow Lane,London,N12 0JP,Primary,Roman Catholic,18.0,81,17.0,23.287671,300,51.605087,-0.178039,Our Lady of Lourdes RC School,18.0,A-,Ofsted Good,http://www.olol.barnetschool.org.uk?utm_source=snobe-co-uk&utm_medium=school-profile&utm_campaign=organic,2026-03-19,16.7,17.099999999999998,17.0,18.0,16.7,18.0,17.0,55.0,4.0,27,,,Barnet,True
https://snobe.co.uk/schools/our-lady-lourdes-rc-school,101331,Our Lady of Lourdes RC School,Barnet,Bow Lane,London,N12 0JP,Primary,Roman Catholic,18.0,94,17.0,23.287671,522,51.605087,-0.178039,Our Lady of Lourdes RC School,18.0,A-,Ofsted Good,http://www.olol.barnetschool.org.uk?utm_source=snobe-co-uk&utm_medium=school-profile&utm_campaign=organic,2026-03-19,16.7,17.099999999999998,17.0,18.0,16.7,18.0,17.0,55.0,4.0,18,,,Barnet,True
https://snobe.co.uk/schools/our-lady-lourdes-rc-school,101331,Our Lady of Lourdes RC School,Barnet,Bow Lane,London,N12 0JP,Primary,Roman Catholic,18.0,90,17.0,23.287671,300,51.605087,-0.178039,Our Lady of Lourdes RC School,18.0,A-,Ofsted Good,http://www.olol.barnetschool.org.uk?utm_source=snobe-co-uk&utm_medium=school-profile&utm_campaign=organic,2026-03-19,16.7,17.099999999999998,17.0,18.0,16.7,18.0,17.0,55.0,4.0,30,,,Barnet,True
https://snobe.co.uk/schools/our-lady-lourdes-rc-school,101331,Our Lady of Lourdes RC School,Barnet,Bow Lane,London,N12 0JP,Primary,Roman Catholic,18.0,88,17.0,23.287671,293,51.605087,-0.178039,Our Lady of Lourdes RC School,18.0,A-,Ofsted Good,http://www.olol.barnetschool.org.uk?utm_source=snobe-co-uk&utm_medium=school-profile&utm_campaign=organic,2026-03-19,16.7,17.099999999999998,17.0,18.0,16.7,18.0,17.0,55.0,4.0,30,,,Barnet,True
https://snobe.co.uk/schools/our-lady-lourdes-rc-school,101331,Our Lady of Lourdes RC School,Barnet,Bow Lane,London,N12 0JP,Primary,Roman Catholic,18.0,98,17.0,23.287671,327,51.605087,-0.178039,Our Lady of Lourdes RC School,18.0,A-,Ofsted Good,http://www.olol.barnetschool.org.uk?utm_source=snobe-co-uk&utm_medium=school-profile&utm_campaign=organic,2026-03-19,16.7,17.099999999999998,17.0,18.0,16.7,18.0,17.0,55.0,4.0,30,,,Barnet,True
https://snobe.co.uk/schools/our-lady-lourdes-rc-school,101331,Our Lady of Lourdes RC School,Barnet,Bow Lane,London,N12 0JP,Primary,Roman Catholic,18.0,106,17.0,23.287671,353,51.605087,-0.178039,Our Lady of Lourdes RC School,18.0,A-,Ofsted Good,http://www.olol.barnetschool.org.uk?utm_source=snobe-co-uk&utm_medium=school-profile&utm_campaign=organic,2026-03-19,16.7,17.099999999999998,17.0,18.0,16.7,18.0,17.0,55.0,4.0,30,,,Barnet,True
https://snobe.co.uk/schools/our-lady-lourdes-rc-school,101331,Our Lady of Lourdes RC School,Barnet,Bow Lane,London,N12 0JP,Primary,Roman Catholic,18.0,103,17.0,23.287671,343,51.605087,-0.178039,Our Lady of Lourdes RC School,18.0,A-,Ofsted Good,http://www.olol.barnetschool.org.uk?utm_source=snobe-co-uk&utm_medium=school-profile&utm_campaign=organic,2026-03-19,16.7,17.099999999999998,17.0,18.0,16.7,18.0,17.0,55.0,4.0,30,,,Barnet,True
https://snobe.co.uk/schools/our-lady-lourdes-rc-school,101331,Our Lady of Lourdes RC School,Barnet,Bow Lane,London,N12 0JP,Primary,Roman Catholic,18.0,119,17.0,23.287671,397,51.605087,-0.178039,Our Lady of Lourdes RC School,18.0,A-,Ofsted Good,http://www.olol.barnetschool.org.uk?utm_source=snobe-co-uk&utm_medium=school-profile&utm_campaign=organic,2026-03-19,16.7,17.099999999999998,17.0,18.0,16.7,18.0,17.0,55.0,4.0,30,,,Barnet,True
https://snobe.co.uk/schools/our-lady-lourdes-rc-school,101331,Our Lady of Lourdes RC School,Barnet,Bow Lane,London,N12 0JP,Primary,Roman Catholic,18.0,106,17.0,23.287671,353,51.605087,-0.178039,Our Lady of Lourdes RC School,18.0,A-,Ofsted Good,http://www.olol.barnetschool.org.uk?utm_source=snobe-co-uk&utm_medium=school-profile&utm_campaign=organic,2026-03-19,16.7,17.099999999999998,17.0,18.0,16.7,18.0,17.0,55.0,4.0,30,,,Barnet,True
https://snobe.co.uk/schools/our-lady-lourdes-rc-school,101331,Our Lady of Lourdes RC School,Barnet,Bow Lane,London,N12 0JP,Primary,Roman Catholic,18.0,123,17.0,23.287671,410,51.605087,-0.178039,Our Lady of Lourdes RC School,18.0,A-,Ofsted Good,http://www.olol.barnetschool.org.uk?utm_source=snobe-co-uk&utm_medium=school-profile&utm_campaign=organic,2026-03-19,16.7,17.099999999999998,17.0,18.0,16.7,18.0,17.0,55.0,4.0,30,,,Barnet,True
https://snobe.co.uk/schools/our-lady-lourdes-rc-school,101331,Our Lady of Lourdes RC School,Barnet,Bow Lane,London,N12 0JP,Primary,Roman Catholic,18.0,138,17.0,23.287671,460,51.605087,-0.178039,Our Lady of Lourdes RC School,18.0,A-,Ofsted Good,http://www.olol.barnetschool.org.uk?utm_source=snobe-co-uk&utm_medium=school-profile&utm_campaign=organic,2026-03-19,16.7,17.099999999999998,17.0,18.0,16.7,18.0,17.0,55.0,4.0,30,,,Barnet,True
https://snobe.co.uk/schools/sacred-heart-roman-catholic-primary-school-0,101338,Sacred Heart Roman Catholic Primary School,Barnet,2 Oakleigh Park South,London,N20 9JU,Primary,Roman Catholic,60.0,155,46.0,29.677419,258,51.630089,-0.163817,Sacred Heart Roman Catholic Primary School,60.0,A,Ofsted Good,https://www.sacredheartteddington.co.uk?utm_source=snobe-co-uk&utm_medium=school-profile&utm_campaign=organic,2026-03-19,13.8,57.0,46.0,60.0,13.8,60.0,46.0,55.0,4.0,60,,,Barnet,True
https://snobe.co.uk/schools/sacred-heart-roman-catholic-primary-school-0,101338,Sacred Heart Roman Catholic Primary School,Barnet,2 Oakleigh Park South,London,N20 9JU,Primary,Roman Catholic,60.0,126,46.0,29.677419,252,51.630089,-0.163817,Sacred Heart Roman Catholic Primary School,60.0,A,Ofsted Good,https://www.sacredheartteddington.co.uk?utm_source=snobe-co-uk&utm_medium=school-profile&utm_campaign=organic,2026-03-19,13.8,57.0,46.0,60.0,13.8,60.0,46.0,55.0,4.0,50,,,Barnet,True
https://snobe.co.uk/schools/sacred-heart-roman-catholic-primary-school-0,101338,Sacred Heart Roman Catholic Primary School,Barnet,2 Oakleigh Park South,London,N20 9JU,Primary,Roman Catholic,60.0,125,46.0,29.677419,231,51.630089,-0.163817,Sacred Heart Roman Catholic Primary School,60.0,A,Ofsted Good,https://www.sacredheartteddington.co.uk?utm_source=snobe-co-uk&utm_medium=school-profile&utm_campaign=organic,2026-03-19,13.8,57.0,46.0,60.0,13.8,60.0,46.0,55.0,4.0,54,,,Barnet,True
https://snobe.co.uk/schools/sacred-heart-roman-catholic-primary-school-0,101338,Sacred Heart Roman Catholic Primary School,Barnet,2 Oakleigh Park South,London,N20 9JU,Primary,Roman Catholic,60.0,150,46.0,29.677419,259,51.630089,-0.163817,Sacred Heart Roman Catholic Primary School,60.0,A,Ofsted Good,https://www.sacredheartteddington.co.uk?utm_source=snobe-co-uk&utm_medium=school-profile&utm_campaign=organic,2026-03-19,13.8,57.0,46.0,60.0,13.8,60.0,46.0,55.0,4.0,58,,,Barnet,True
https://snobe.co.uk/schools/sacred-heart-roman-catholic-primary-school-0,101338,Sacred Heart Roman Catholic Primary School,Barnet,2 Oakleigh Park South,London,N20 9JU,Primary,Roman Catholic,60.0,142,46.0,29.677419,237,51.630089,-0.163817,Sacred Heart Roman Catholic Primary School,60.0,A,Ofsted Good,https://www.sacredheartteddington.co.uk?utm_source=snobe-co-uk&utm_medium=school-profile&utm_campaign=organic,2026-03-19,13.8,57.0,46.0,60.0,13.8,60.0,46.0,55.0,4.0,60,,,Barnet,True
https://snobe.co.uk/schools/sacred-heart-roman-catholic-primary-school-0,101338,Sacred Heart Roman Catholic Primary School,Barnet,2 Oakleigh Park South,London,N20 9JU,Primary,Roman Catholic,60.0,157,46.0,29.677419,291,51.630089,-0.163817,Sacred Heart Roman Catholic Primary School,60.0,A,Ofsted Good,https://www.sacredheartteddington.co.uk?utm_source=snobe-co-uk&utm_medium=school-profile&utm_campaign=organic,2026-03-19,13.8,57.0,46.0,60.0,13.8,60.0,46.0,55.0,4.0,54,,,Barnet,True
https://snobe.co.uk/schools/sacred-heart-roman-catholic-primary-school-0,101338,Sacred Heart Roman Catholic Primary School,Barnet,2 Oakleigh Park South,London,N20 9JU,Primary,Roman Catholic,60.0,116,46.0,29.677419,374,51.630089,-0.163817,Sacred Heart Roman Catholic Primary School,60.0,A,Ofsted Good,https://www.sacredheartteddington.co.uk?utm_source=snobe-co-uk&utm_medium=school-profile&utm_campaign=organic,2026-03-19,13.8,57.0,46.0,60.0,13.8,60.0,46.0,55.0,4.0,31,,,Barnet,True
https://snobe.co.uk/schools/sacred-heart-roman-catholic-primary-school-0,101338,Sacred Heart Roman Catholic Primary School,Barnet,2 Oakleigh Park South,London,N20 9JU,Primary,Roman Catholic,60.0,135,46.0,29.677419,287,51.630089,-0.163817,Sacred Heart Roman Catholic Primary School,60.0,A,Ofsted Good,https://www.sacredheartteddington.co.uk?utm_source=snobe-co-uk&utm_medium=school-profile&utm_campaign=organic,2026-03-19,13.8,57.0,46.0,60.0,13.8,60.0,46.0,55.0,4.0,47,,,Barnet,True
https://snobe.co.uk/schools/sacred-heart-roman-catholic-primary-school-0,101338,Sacred Heart Roman Catholic Primary School,Barnet,2 Oakleigh Park South,London,N20 9JU,Primary,Roman Catholic,60.0,155,46.0,29.677419,258,51.630089,-0.163817,Sacred Heart Roman Catholic Primary School,60.0,A,Ofsted Good,https://www.sacredheartteddington.co.uk?utm_source=snobe-co-uk&utm_medium=school-profile&utm_campaign=organic,2026-03-19,13.8,57.0,46.0,60.0,13.8,60.0,46.0,55.0,4.0,60,,,Barnet,True
https://snobe.co.uk/schools/sacred-heart-roman-catholic-primary-school-0,101338,Sacred Heart Roman Catholic Primary School,Barnet,2 Oakleigh Park South,London,N20 9JU,Primary,Roman Catholic,60.0,174,46.0,29.677419,290,51.630089,-0.163817,Sacred Heart Roman Catholic Primary School,60.0,A,Ofsted Good,https://www.sacredheartteddington.co.uk?utm_source=snobe-co-uk&utm_medium=school-profile&utm_campaign=organic,2026-03-19,13.8,57.0,46.0,60.0,13.8,60.0,46.0,55.0,4.0,60,,,Barnet,True
https://snobe.co.uk/schools/sacred-heart-roman-catholic-primary-school-0,101338,Sacred Heart Roman Catholic Primary School,Barnet,2 Oakleigh Park South,London,N20 9JU,Primary,Roman Catholic,60.0,156,46.0,29.677419,264,51.630089,-0.163817,Sacred Heart Roman Catholic Primary School,60.0,A,Ofsted Good,https://www.sacredheartteddington.co.uk?utm_source=snobe-co-uk&utm_medium=school-profile&utm_campaign=organic,2026-03-19,13.8,57.0,46.0,60.0,13.8,60.0,46.0,55.0,4.0,59,,,Barnet,True
https://snobe.co.uk/schools/sacred-heart-roman-catholic-primary-school-0,101338,Sacred Heart Roman Catholic Primary School,Barnet,2 Oakleigh Park South,London,N20 9JU,Primary,Roman Catholic,60.0,208,46.0,29.677419,347,51.630089,-0.163817,Sacred Heart Roman Catholic Primary School,60.0,A,Ofsted Good,https://www.sacredheartteddington.co.uk?utm_source=snobe-co-uk&utm_medium=school-profile&utm_campaign=organic,2026-03-19,13.8,57.0,46.0,60.0,13.8,60.0,46.0,55.0,4.0,60,,,Barnet,True
https://snobe.co.uk/schools/st-agnes-catholic-primary-school-0,101332,St Agnes' Catholic Primary School,Barnet,Thorverton Road,London,NW2 1RG,Primary,Roman Catholic,60.0,128,51.0,39.84375,213,51.560495,-0.210884,St Agnes' Catholic Primary School,60.0,A+,Ofsted Outstanding,http://www.stagnesnw2.co.uk?utm_source=snobe-co-uk&utm_medium=school-profile&utm_campaign=organic,2026-03-19,25.5,57.0,51.0,60.0,25.5,60.0,51.0,55.0,4.0,60,,,Barnet,True
https://snobe.co.uk/schools/st-agnes-catholic-primary-school-0,101332,St Agnes' Catholic Primary School,Barnet,Thorverton Road,London,NW2 1RG,Primary,Roman Catholic,60.0,134,51.0,39.84375,223,51.560495,-0.210884,St Agnes' Catholic Primary School,60.0,A+,Ofsted Outstanding,http://www.stagnesnw2.co.uk?utm_source=snobe-co-uk&utm_medium=school-profile&utm_campaign=organic,2026-03-19,25.5,57.0,51.0,60.0,25.5,60.0,51.0,55.0,4.0,60,,,Barnet,True
https://snobe.co.uk/schools/st-agnes-catholic-primary-school-0,101332,St Agnes' Catholic Primary School,Barnet,Thorverton Road,London,NW2 1RG,Primary,Roman Catholic,60.0,130,51.0,39.84375,217,51.560495,-0.210884,St Agnes' Catholic Primary School,60.0,A+,Ofsted Outstanding,http://www.stagnesnw2.co.uk?utm_source=snobe-co-uk&utm_medium=school-profile&utm_campaign=organic,2026-03-19,25.5,57.0,51.0,60.0,25.5,60.0,51.0,55.0,4.0,60,,,Barnet,True
https://snobe.co.uk/schools/st-agnes-catholic-primary-school-0,101332,St Agnes' Catholic Primary School,Barnet,Thorverton Road,London,NW2 1RG,Primary,Roman Catholic,60.0,120,51.0,39.84375,200,51.560495,-0.210884,St Agnes' Catholic Primary School,60.0,A+,Ofsted Outstanding,http://www.stagnesnw2.co.uk?utm_source=snobe-co-uk&utm_medium=school-profile&utm_campaign=organic,2026-03-19,25.5,57.0,51.0,60.0,25.5,60.0,51.0,55.0,4.0,60,,,Barnet,True
https://snobe.co.uk/schools/st-agnes-catholic-primary-school-0,101332,St Agnes' Catholic Primary School,Barnet,Thorverton Road,London,NW2 1RG,Primary,Roman Catholic,60.0,129,51.0,39.84375,215,51.560495,-0.210884,St Agnes' Catholic Primary School,60.0,A+,Ofsted Outstanding,http://www.stagnesnw2.co.uk?utm_source=snobe-co-uk&utm_medium=school-profile&utm_campaign=organic,2026-03-19,25.5,57.0,51.0,60.0,25.5,60.0,51.0,55.0,4.0,60,,,Barnet,True
https://snobe.co.uk/schools/st-agnes-catholic-primary-school-0,101332,St Agnes' Catholic Primary School,Barnet,Thorverton Road,London,NW2 1RG,Primary,Roman Catholic,60.0,110,51.0,39.84375,183,51.560495,-0.210884,St Agnes' Catholic Primary School,60.0,A+,Ofsted Outstanding,http://www.stagnesnw2.co.uk?utm_source=snobe-co-uk&utm_medium=school-profile&utm_campaign=organic,2026-03-19,25.5,57.0,51.0,60.0,25.5,60.0,51.0,55.0,4.0,60,,,Barnet,True
https://snobe.co.uk/schools/st-agnes-catholic-primary-school-0,101332,St Agnes' Catholic Primary School,Barnet,Thorverton Road,London,NW2 1RG,Primary,Roman Catholic,60.0,107,51.0,39.84375,178,51.560495,-0.210884,St Agnes' Catholic Primary School,60.0,A+,Ofsted Outstanding,http://www.stagnesnw2.co.uk?utm_source=snobe-co-uk&utm_medium=school-profile&utm_campaign=organic,2026-03-19,25.5,57.0,51.0,60.0,25.5,60.0,51.0,55.0,4.0,60,,,Barnet,True
https://snobe.co.uk/schools/st-agnes-catholic-primary-school-0,101332,St Agnes' Catholic Primary School,Barnet,Thorverton Road,London,NW2 1RG,Primary,Roman Catholic,60.0,104,51.0,39.84375,182,51.560495,-0.210884,St Agnes' Catholic Primary School,60.0,A+,Ofsted Outstanding,http://www.stagnesnw2.co.uk?utm_source=snobe-co-uk&utm_medium=school-profile&utm_campaign=organic,2026-03-19,25.5,57.0,51.0,60.0,25.5,60.0,51.0,55.0,4.0,57,,,Barnet,True
https://snobe.co.uk/schools/st-agnes-catholic-primary-school-0,101332,St Agnes' Catholic Primary School,Barnet,Thorverton Road,London,NW2 1RG,Primary,Roman Catholic,60.0,102,51.0,39.84375,182,51.560495,-0.210884,St Agnes' Catholic Primary School,60.0,A+,Ofsted Outstanding,http://www.stagnesnw2.co.uk?utm_source=snobe-co-uk&utm_medium=school-profile&utm_campaign=organic,2026-03-19,25.5,57.0,51.0,60.0,25.5,60.0,51.0,55.0,4.0,56,,,Barnet,True
https://snobe.co.uk/schools/st-agnes-catholic-primary-school-0,101332,St Agnes' Catholic Primary School,Barnet,Thorverton Road,London,NW2 1RG,Primary,Roman Catholic,60.0,137,51.0,39.84375,228,51.560495,-0.210884,St Agnes' Catholic Primary School,60.0,A+,Ofsted Outstanding,http://www.stagnesnw2.co.uk?utm_source=snobe-co-uk&utm_medium=school-profile&utm_campaign=organic,2026-03-19,25.5,57.0,51.0,60.0,25.5,60.0,51.0,55.0,4.0,60,,,Barnet,True
https://snobe.co.uk/schools/st-agnes-catholic-primary-school-0,101332,St Agnes' Catholic Primary School,Barnet,Thorverton Road,London,NW2 1RG,Primary,Roman Catholic,60.0,120,51.0,39.84375,267,51.560495,-0.210884,St Agnes' Catholic Primary School,60.0,A+,Ofsted Outstanding,http://www.stagnesnw2.co.uk?utm_source=snobe-co-uk&utm_medium=school-profile&utm_campaign=organic,2026-03-19,25.5,57.0,51.0,60.0,25.5,60.0,51.0,55.0,4.0,45,,,Barnet,True
https://snobe.co.uk/schools/st-agnes-catholic-primary-school-0,101332,St Agnes' Catholic Primary School,Barnet,Thorverton Road,London,NW2 1RG,Primary,Roman Catholic,60.0,115,51.0,39.84375,256,51.560495,-0.210884,St Agnes' Catholic Primary School,60.0,A+,Ofsted Outstanding,http://www.stagnesnw2.co.uk?utm_source=snobe-co-uk&utm_medium=school-profile&utm_campaign=organic,2026-03-19,25.5,57.0,51.0,60.0,25.5,60.0,51.0,55.0,4.0,45,,,Barnet,True
https://snobe.co.uk/schools/st-catherines-rc-school,101333,St Catherine's RC School,Barnet,Vale Drive,Barnet,EN5 2ED,Primary,Roman Catholic,59.0,166,55.0,33.13253,281,51.648831,-0.194702,St Catherine's RC School,59.0,A-,Ofsted Good,http://www.st-catherines.barnet.sch.uk/?utm_source=snobe-co-uk&utm_medium=school-profile&utm_campaign=organic,2026-03-19,5.9,56.05,55.0,59.0,5.9,59.0,55.0,55.0,4.0,59,,,Barnet,True
https://snobe.co.uk/schools/st-catherines-rc-school,101333,St Catherine's RC School,Barnet,Vale Drive,Barnet,EN5 2ED,Primary,Roman Catholic,59.0,147,55.0,33.13253,245,51.648831,-0.194702,St Catherine's RC School,59.0,A-,Ofsted Good,http://www.st-catherines.barnet.sch.uk/?utm_source=snobe-co-uk&utm_medium=school-profile&utm_campaign=organic,2026-03-19,5.9,56.05,55.0,59.0,5.9,59.0,55.0,55.0,4.0,60,,,Barnet,True
https://snobe.co.uk/schools/st-catherines-rc-school,101333,St Catherine's RC School,Barnet,Vale Drive,Barnet,EN5 2ED,Primary,Roman Catholic,59.0,133,55.0,33.13253,222,51.648831,-0.194702,St Catherine's RC School,59.0,A-,Ofsted Good,http://www.st-catherines.barnet.sch.uk/?utm_source=snobe-co-uk&utm_medium=school-profile&utm_campaign=organic,2026-03-19,5.9,56.05,55.0,59.0,5.9,59.0,55.0,55.0,4.0,60,,,Barnet,True
https://snobe.co.uk/schools/st-catherines-rc-school,101333,St Catherine's RC School,Barnet,Vale Drive,Barnet,EN5 2ED,Primary,Roman Catholic,59.0,147,55.0,33.13253,245,51.648831,-0.194702,St Catherine's RC School,59.0,A-,Ofsted Good,http://www.st-catherines.barnet.sch.uk/?utm_source=snobe-co-uk&utm_medium=school-profile&utm_campaign=organic,2026-03-19,5.9,56.05,55.0,59.0,5.9,59.0,55.0,55.0,4.0,60,,,Barnet,True
https://snobe.co.uk/schools/st-catherines-rc-school,101333,St Catherine's RC School,Barnet,Vale Drive,Barnet,EN5 2ED,Primary,Roman Catholic,59.0,178,55.0,33.13253,302,51.648831,-0.194702,St Catherine's RC School,59.0,A-,Ofsted Good,http://www.st-catherines.barnet.sch.uk/?utm_source=snobe-co-uk&utm_medium=school-profile&utm_campaign=organic,2026-03-19,5.9,56.05,55.0,59.0,5.9,59.0,55.0,55.0,4.0,59,,,Barnet,True
https://snobe.co.uk/schools/st-catherines-rc-school,101333,St Catherine's RC School,Barnet,Vale Drive,Barnet,EN5 2ED,Primary,Roman Catholic,59.0,170,55.0,33.13253,283,51.648831,-0.194702,St Catherine's RC School,59.0,A-,Ofsted Good,http://www.st-catherines.barnet.sch.uk/?utm_source=snobe-co-uk&utm_medium=school-profile&utm_campaign=organic,2026-03-19,5.9,56.05,55.0,59.0,5.9,59.0,55.0,55.0,4.0,60,,,Barnet,True
https://snobe.co.uk/schools/st-catherines-rc-school,101333,St Catherine's RC School,Barnet,Vale Drive,Barnet,EN5 2ED,Primary,Roman Catholic,59.0,158,55.0,33.13253,263,51.648831,-0.194702,St Catherine's RC School,59.0,A-,Ofsted Good,http://www.st-catherines.barnet.sch.uk/?utm_source=snobe-co-uk&utm_medium=school-profile&utm_campaign=organic,2026-03-19,5.9,56.05,55.0,59.0,5.9,59.0,55.0,55.0,4.0,60,,,Barnet,True
https://snobe.co.uk/schools/st-catherines-rc-school,101333,St Catherine's RC School,Barnet,Vale Drive,Barnet,EN5 2ED,Primary,Roman Catholic,59.0,157,55.0,33.13253,262,51.648831,-0.194702,St Catherine's RC School,59.0,A-,Ofsted Good,http://www.st-catherines.barnet.sch.uk/?utm_source=snobe-co-uk&utm_medium=school-profile&utm_campaign=organic,2026-03-19,5.9,56.05,55.0,59.0,5.9,59.0,55.0,55.0,4.0,60,,,Barnet,True
https://snobe.co.uk/schools/st-catherines-rc-school,101333,St Catherine's RC School,Barnet,Vale Drive,Barnet,EN5 2ED,Primary,Roman Catholic,59.0,158,55.0,33.13253,268,51.648831,-0.194702,St Catherine's RC School,59.0,A-,Ofsted Good,http://www.st-catherines.barnet.sch.uk/?utm_source=snobe-co-uk&utm_medium=school-profile&utm_campaign=organic,2026-03-19,5.9,56.05,55.0,59.0,5.9,59.0,55.0,55.0,4.0,59,,,Barnet,True
https://snobe.co.uk/schools/st-catherines-rc-school,101333,St Catherine's RC School,Barnet,Vale Drive,Barnet,EN5 2ED,Primary,Roman Catholic,59.0,197,55.0,33.13253,334,51.648831,-0.194702,St Catherine's RC School,59.0,A-,Ofsted Good,http://www.st-catherines.barnet.sch.uk/?utm_source=snobe-co-uk&utm_medium=school-profile&utm_campaign=organic,2026-03-19,5.9,56.05,55.0,59.0,5.9,59.0,55.0,55.0,4.0,59,,,Barnet,True
https://snobe.co.uk/schools/st-catherines-rc-school,101333,St Catherine's RC School,Barnet,Vale Drive,Barnet,EN5 2ED,Primary,Roman Catholic,59.0,193,55.0,33.13253,327,51.648831,-0.194702,St Catherine's RC School,59.0,A-,Ofsted Good,http://www.st-catherines.barnet.sch.uk/?utm_source=snobe-co-uk&utm_medium=school-profile&utm_campaign=organic,2026-03-19,5.9,56.05,55.0,59.0,5.9,59.0,55.0,55.0,4.0,59,,,Barnet,True
https://snobe.co.uk/schools/st-catherines-rc-school,101333,St Catherine's RC School,Barnet,Vale Drive,Barnet,EN5 2ED,Primary,Roman Catholic,59.0,188,55.0,33.13253,319,51.648831,-0.194702,St Catherine's RC School,59.0,A-,Ofsted Good,http://www.st-catherines.barnet.sch.uk/?utm_source=snobe-co-uk&utm_medium=school-profile&utm_campaign=organic,2026-03-19,5.9,56.05,55.0,59.0,5.9,59.0,55.0,55.0,4.0,59,,,Barnet,True
https://snobe.co.uk/schools/st-james-catholic-high-school,101364,St James' Catholic High School,Barnet,Great Strand,London,NW9 5PE,Secondary,Roman Catholic,177.0,424,93.0,21.933962,240,51.600831,-0.240936,St James' Catholic High School,177.0,B+,Ofsted Good,http://www.st-james.barnet.sch.uk?utm_source=snobe-co-uk&utm_medium=school-profile&utm_campaign=organic,2026-03-19,24.2,168.15,93.0,155.0,24.2,177.0,93.0,55.0,4.0,177,,,Barnet,True
https://snobe.co.uk/schools/st-james-catholic-high-school,101364,St James' Catholic High School,Barnet,Great Strand,London,NW9 5PE,Secondary,Roman Catholic,177.0,475,93.0,21.933962,226,51.600831,-0.240936,St James' Catholic High School,177.0,B+,Ofsted Good,http://www.st-james.barnet.sch.uk?utm_source=snobe-co-uk&utm_medium=school-profile&utm_campaign=organic,2026-03-19,24.2,168.15,93.0,155.0,24.2,177.0,93.0,55.0,4.0,210,,,Barnet,True
https://snobe.co.uk/schools/st-james-catholic-high-school,101364,St James' Catholic High School,Barnet,Great Strand,London,NW9 5PE,Secondary,Roman Catholic,177.0,478,93.0,21.933962,208,51.600831,-0.240936,St James' Catholic High School,177.0,B+,Ofsted Good,http://www.st-james.barnet.sch.uk?utm_source=snobe-co-uk&utm_medium=school-profile&utm_campaign=organic,2026-03-19,24.2,168.15,93.0,155.0,24.2,177.0,93.0,55.0,4.0,230,,,Barnet,True
https://snobe.co.uk/schools/st-james-catholic-high-school,101364,St James' Catholic High School,Barnet,Great Strand,London,NW9 5PE,Secondary,Roman Catholic,177.0,490,93.0,21.933962,204,51.600831,-0.240936,St James' Catholic High School,177.0,B+,Ofsted Good,http://www.st-james.barnet.sch.uk?utm_source=snobe-co-uk&utm_medium=school-profile&utm_campaign=organic,2026-03-19,24.2,168.15,93.0,155.0,24.2,177.0,93.0,55.0,4.0,240,,,Barnet,True
https://snobe.co.uk/schools/st-james-catholic-high-school,101364,St James' Catholic High School,Barnet,Great Strand,London,NW9 5PE,Secondary,Roman Catholic,177.0,523,93.0,21.933962,218,51.600831,-0.240936,St James' Catholic High School,177.0,B+,Ofsted Good,http://www.st-james.barnet.sch.uk?utm_source=snobe-co-uk&utm_medium=school-profile&utm_campaign=organic,2026-03-19,24.2,168.15,93.0,155.0,24.2,177.0,93.0,55.0,4.0,240,,,Barnet,True
https://snobe.co.uk/schools/st-james-catholic-high-school,101364,St James' Catholic High School,Barnet,Great Strand,London,NW9 5PE,Secondary,Roman Catholic,177.0,544,93.0,21.933962,233,51.600831,-0.240936,St James' Catholic High School,177.0,B+,Ofsted Good,http://www.st-james.barnet.sch.uk?utm_source=snobe-co-uk&utm_medium=school-profile&utm_campaign=organic,2026-03-19,24.2,168.15,93.0,155.0,24.2,177.0,93.0,55.0,4.0,233,,,Barnet,True
https://snobe.co.uk/schools/st-james-catholic-high-school,101364,St James' Catholic High School,Barnet,Great Strand,London,NW9 5PE,Secondary,Roman Catholic,177.0,570,93.0,21.933962,238,51.600831,-0.240936,St James' Catholic High School,177.0,B+,Ofsted Good,http://www.st-james.barnet.sch.uk?utm_source=snobe-co-uk&utm_medium=school-profile&utm_campaign=organic,2026-03-19,24.2,168.15,93.0,155.0,24.2,177.0,93.0,55.0,4.0,239,,,Barnet,True
https://snobe.co.uk/schools/st-james-catholic-high-school,101364,St James' Catholic High School,Barnet,Great Strand,London,NW9 5PE,Secondary,Roman Catholic,177.0,535,93.0,21.933962,260,51.600831,-0.240936,St James' Catholic High School,177.0,B+,Ofsted Good,http://www.st-james.barnet.sch.uk?utm_source=snobe-co-uk&utm_medium=school-profile&utm_campaign=organic,2026-03-19,24.2,168.15,93.0,155.0,24.2,177.0,93.0,55.0,4.0,206,,,Barnet,True
https://snobe.co.uk/schools/st-james-catholic-high-school,101364,St James' Catholic High School,Barnet,Great Strand,London,NW9 5PE,Secondary,Roman Catholic,177.0,572,93.0,21.933962,275,51.600831,-0.240936,St James' Catholic High School,177.0,B+,Ofsted Good,http://www.st-james.barnet.sch.uk?utm_source=snobe-co-uk&utm_medium=school-profile&utm_campaign=organic,2026-03-19,24.2,168.15,93.0,155.0,24.2,177.0,93.0,55.0,4.0,208,,,Barnet,True
https://snobe.co.uk/schools/st-james-catholic-high-school,101364,St James' Catholic High School,Barnet,Great Strand,London,NW9 5PE,Secondary,Roman Catholic,177.0,554,93.0,21.933962,318,51.600831,-0.240936,St James' Catholic High School,177.0,B+,Ofsted Good,http://www.st-james.barnet.sch.uk?utm_source=snobe-co-uk&utm_medium=school-profile&utm_campaign=organic,2026-03-19,24.2,168.15,93.0,155.0,24.2,177.0,93.0,55.0,4.0,174,,,Barnet,True
https://snobe.co.uk/schools/st-james-catholic-high-school,101364,St James' Catholic High School,Barnet,Great Strand,London,NW9 5PE,Secondary,Roman Catholic,177.0,519,93.0,21.933962,295,51.600831,-0.240936,St James' Catholic High School,177.0,B+,Ofsted Good,http://www.st-james.barnet.sch.uk?utm_source=snobe-co-uk&utm_medium=school-profile&utm_campaign=organic,2026-03-19,24.2,168.15,93.0,155.0,24.2,177.0,93.0,55.0,4.0,176,,,Barnet,True
https://snobe.co.uk/schools/st-james-catholic-high-school,101364,St James' Catholic High School,Barnet,Great Strand,London,NW9 5PE,Secondary,Roman Catholic,177.0,464,93.0,21.933962,264,51.600831,-0.240936,St James' Catholic High School,177.0,B+,Ofsted Good,http://www.st-james.barnet.sch.uk?utm_source=snobe-co-uk&utm_medium=school-profile&utm_campaign=organic,2026-03-19,24.2,168.15,93.0,155.0,24.2,177.0,93.0,55.0,4.0,176,,,Barnet,True
https://snobe.co.uk/schools/st-josephs-rc-infant-school,101336,St Joseph's RC Infant School,Barnet,Watford Way,London,NW4 4TY,Primary,Roman Catholic,51.0,196,37.0,31.896552,327,51.58729,-0.231455,St Joseph's RC Infant School,60.0,B-,Ofsted Good,http://www.sjinf.brent.sch.uk?utm_source=snobe-co-uk&utm_medium=school-profile&utm_campaign=organic,2026-03-19,4.7,48.45,59.0,60.0,4.7,60.0,59.0,55.0,4.0,60,,,Barnet,True
https://snobe.co.uk/schools/st-michaels-catholic-grammar-school,101361,St Michael's Catholic Grammar School,Barnet,Nether Street,London,N12 7NJ,Secondary,Roman Catholic,127.0,278,118.0,42.446043,219,51.614398,-0.180642,St Michael's Catholic Grammar School,127.0,A,Ofsted Outstanding,http://www.st-michaels.barnet.sch.uk/?utm_source=snobe-co-uk&utm_medium=school-profile&utm_campaign=organic,2026-03-19,10.8,120.65,118.0,127.0,10.8,127.0,118.0,55.0,4.0,127,,,Barnet,True
https://snobe.co.uk/schools/st-michaels-catholic-grammar-school,101361,St Michael's Catholic Grammar School,Barnet,Nether Street,London,N12 7NJ,Secondary,Roman Catholic,127.0,307,118.0,42.446043,240,51.614398,-0.180642,St Michael's Catholic Grammar School,127.0,A,Ofsted Outstanding,http://www.st-michaels.barnet.sch.uk/?utm_source=snobe-co-uk&utm_medium=school-profile&utm_campaign=organic,2026-03-19,10.8,120.65,118.0,127.0,10.8,127.0,118.0,55.0,4.0,128,,,Barnet,True
https://snobe.co.uk/schools/st-michaels-catholic-grammar-school,101361,St Michael's Catholic Grammar School,Barnet,Nether Street,London,N12 7NJ,Secondary,Roman Catholic,127.0,285,118.0,42.446043,223,51.614398,-0.180642,St Michael's Catholic Grammar School,127.0,A,Ofsted Outstanding,http://www.st-michaels.barnet.sch.uk/?utm_source=snobe-co-uk&utm_medium=school-profile&utm_campaign=organic,2026-03-19,10.8,120.65,118.0,127.0,10.8,127.0,118.0,55.0,4.0,128,,,Barnet,True
https://snobe.co.uk/schools/st-michaels-catholic-grammar-school,101361,St Michael's Catholic Grammar School,Barnet,Nether Street,London,N12 7NJ,Secondary,Roman Catholic,127.0,283,118.0,42.446043,221,51.614398,-0.180642,St Michael's Catholic Grammar School,127.0,A,Ofsted Outstanding,http://www.st-michaels.barnet.sch.uk/?utm_source=snobe-co-uk&utm_medium=school-profile&utm_campaign=organic,2026-03-19,10.8,120.65,118.0,127.0,10.8,127.0,118.0,55.0,4.0,128,,,Barnet,True
https://snobe.co.uk/schools/st-michaels-catholic-grammar-school,101361,St Michael's Catholic Grammar School,Barnet,Nether Street,London,N12 7NJ,Secondary,Roman Catholic,127.0,353,118.0,42.446043,276,51.614398,-0.180642,St Michael's Catholic Grammar School,127.0,A,Ofsted Outstanding,http://www.st-michaels.barnet.sch.uk/?utm_source=snobe-co-uk&utm_medium=school-profile&utm_campaign=organic,2026-03-19,10.8,120.65,118.0,127.0,10.8,127.0,118.0,55.0,4.0,128,,,Barnet,True
https://snobe.co.uk/schools/st-michaels-catholic-grammar-school,101361,St Michael's Catholic Grammar School,Barnet,Nether Street,London,N12 7NJ,Secondary,Roman Catholic,127.0,320,118.0,42.446043,250,51.614398,-0.180642,St Michael's Catholic Grammar School,127.0,A,Ofsted Outstanding,http://www.st-michaels.barnet.sch.uk/?utm_source=snobe-co-uk&utm_medium=school-profile&utm_campaign=organic,2026-03-19,10.8,120.65,118.0,127.0,10.8,127.0,118.0,55.0,4.0,128,,,Barnet,True
https://snobe.co.uk/schools/st-michaels-catholic-grammar-school,101361,St Michael's Catholic Grammar School,Barnet,Nether Street,London,N12 7NJ,Secondary,Roman Catholic,127.0,301,118.0,42.446043,314,51.614398,-0.180642,St Michael's Catholic Grammar School,127.0,A,Ofsted Outstanding,http://www.st-michaels.barnet.sch.uk/?utm_source=snobe-co-uk&utm_medium=school-profile&utm_campaign=organic,2026-03-19,10.8,120.65,118.0,127.0,10.8,127.0,118.0,55.0,4.0,96,,,Barnet,True
https://snobe.co.uk/schools/st-michaels-catholic-grammar-school,101361,St Michael's Catholic Grammar School,Barnet,Nether Street,London,N12 7NJ,Secondary,Roman Catholic,127.0,311,118.0,42.446043,324,51.614398,-0.180642,St Michael's Catholic Grammar School,127.0,A,Ofsted Outstanding,http://www.st-michaels.barnet.sch.uk/?utm_source=snobe-co-uk&utm_medium=school-profile&utm_campaign=organic,2026-03-19,10.8,120.65,118.0,127.0,10.8,127.0,118.0,55.0,4.0,96,,,Barnet,True
https://snobe.co.uk/schools/st-michaels-catholic-grammar-school,101361,St Michael's Catholic Grammar School,Barnet,Nether Street,London,N12 7NJ,Secondary,Roman Catholic,127.0,288,118.0,42.446043,300,51.614398,-0.180642,St Michael's Catholic Grammar School,127.0,A,Ofsted Outstanding,http://www.st-michaels.barnet.sch.uk/?utm_source=snobe-co-uk&utm_medium=school-profile&utm_campaign=organic,2026-03-19,10.8,120.65,118.0,127.0,10.8,127.0,118.0,55.0,4.0,96,,,Barnet,True
https://snobe.co.uk/schools/st-michaels-catholic-grammar-school,101361,St Michael's Catholic Grammar School,Barnet,Nether Street,London,N12 7NJ,Secondary,Roman Catholic,127.0,274,118.0,42.446043,288,51.614398,-0.180642,St Michael's Catholic Grammar School,127.0,A,Ofsted Outstanding,http://www.st-michaels.barnet.sch.uk/?utm_source=snobe-co-uk&utm_medium=school-profile&utm_campaign=organic,2026-03-19,10.8,120.65,118.0,127.0,10.8,127.0,118.0,55.0,4.0,95,,,Barnet,True
https://snobe.co.uk/schools/st-michaels-catholic-grammar-school,101361,St Michael's Catholic Grammar School,Barnet,Nether Street,London,N12 7NJ,Secondary,Roman Catholic,127.0,272,118.0,42.446043,286,51.614398,-0.180642,St Michael's Catholic Grammar School,127.0,A,Ofsted Outstanding,http://www.st-michaels.barnet.sch.uk/?utm_source=snobe-co-uk&utm_medium=school-profile&utm_campaign=organic,2026-03-19,10.8,120.65,118.0,127.0,10.8,127.0,118.0,55.0,4.0,95,,,Barnet,True
https://snobe.co.uk/schools/st-michaels-catholic-grammar-school,101361,St Michael's Catholic Grammar School,Barnet,Nether Street,London,N12 7NJ,Secondary,Roman Catholic,127.0,297,118.0,42.446043,316,51.614398,-0.180642,St Michael's Catholic Grammar School,127.0,A,Ofsted Outstanding,http://www.st-michaels.barnet.sch.uk/?utm_source=snobe-co-uk&utm_medium=school-profile&utm_campaign=organic,2026-03-19,10.8,120.65,118.0,127.0,10.8,127.0,118.0,55.0,4.0,94,,,Barnet,True
https://snobe.co.uk/schools/st-theresas-catholic-primary-school,101335,St Theresa's Catholic Primary School,Barnet,East End Road,London,N3 2TD,Primary,Roman Catholic,9.0,49,8.0,16.326531,544,51.594595,-0.18806,St Theresa's Catholic Primary School,9.0,A,Ofsted Good,http://www.st-theresas.barnet.sch.uk/?utm_source=snobe-co-uk&utm_medium=school-profile&utm_campaign=organic,2026-03-19,20.2,8.549999999999999,8.0,9.0,20.2,9.0,8.0,55.0,4.0,9,,,Barnet,True
https://snobe.co.uk/schools/st-theresas-catholic-primary-school,101335,St Theresa's Catholic Primary School,Barnet,East End Road,London,N3 2TD,Primary,Roman Catholic,9.0,65,8.0,16.326531,382,51.594595,-0.18806,St Theresa's Catholic Primary School,9.0,A,Ofsted Good,http://www.st-theresas.barnet.sch.uk/?utm_source=snobe-co-uk&utm_medium=school-profile&utm_campaign=organic,2026-03-19,20.2,8.549999999999999,8.0,9.0,20.2,9.0,8.0,55.0,4.0,17,,,Barnet,True
https://snobe.co.uk/schools/st-theresas-catholic-primary-school,101335,St Theresa's Catholic Primary School,Barnet,East End Road,London,N3 2TD,Primary,Roman Catholic,9.0,59,8.0,16.326531,421,51.594595,-0.18806,St Theresa's Catholic Primary School,9.0,A,Ofsted Good,http://www.st-theresas.barnet.sch.uk/?utm_source=snobe-co-uk&utm_medium=school-profile&utm_campaign=organic,2026-03-19,20.2,8.549999999999999,8.0,9.0,20.2,9.0,8.0,55.0,4.0,14,,,Barnet,True
https://snobe.co.uk/schools/st-theresas-catholic-primary-school,101335,St Theresa's Catholic Primary School,Barnet,East End Road,London,N3 2TD,Primary,Roman Catholic,9.0,63,8.0,16.326531,525,51.594595,-0.18806,St Theresa's Catholic Primary School,9.0,A,Ofsted Good,http://www.st-theresas.barnet.sch.uk/?utm_source=snobe-co-uk&utm_medium=school-profile&utm_campaign=organic,2026-03-19,20.2,8.549999999999999,8.0,9.0,20.2,9.0,8.0,55.0,4.0,12,,,Barnet,True
https://snobe.co.uk/schools/st-theresas-catholic-primary-school,101335,St Theresa's Catholic Primary School,Barnet,East End Road,London,N3 2TD,Primary,Roman Catholic,9.0,69,8.0,16.326531,460,51.594595,-0.18806,St Theresa's Catholic Primary School,9.0,A,Ofsted Good,http://www.st-theresas.barnet.sch.uk/?utm_source=snobe-co-uk&utm_medium=school-profile&utm_campaign=organic,2026-03-19,20.2,8.549999999999999,8.0,9.0,20.2,9.0,8.0,55.0,4.0,15,,,Barnet,True
https://snobe.co.uk/schools/st-theresas-catholic-primary-school,101335,St Theresa's Catholic Primary School,Barnet,East End Road,London,N3 2TD,Primary,Roman Catholic,9.0,64,8.0,16.326531,267,51.594595,-0.18806,St Theresa's Catholic Primary School,9.0,A,Ofsted Good,http://www.st-theresas.barnet.sch.uk/?utm_source=snobe-co-uk&utm_medium=school-profile&utm_campaign=organic,2026-03-19,20.2,8.549999999999999,8.0,9.0,20.2,9.0,8.0,55.0,4.0,24,,,Barnet,True
https://snobe.co.uk/schools/st-theresas-catholic-primary-school,101335,St Theresa's Catholic Primary School,Barnet,East End Road,London,N3 2TD,Primary,Roman Catholic,9.0,88,8.0,16.326531,463,51.594595,-0.18806,St Theresa's Catholic Primary School,9.0,A,Ofsted Good,http://www.st-theresas.barnet.sch.uk/?utm_source=snobe-co-uk&utm_medium=school-profile&utm_campaign=organic,2026-03-19,20.2,8.549999999999999,8.0,9.0,20.2,9.0,8.0,55.0,4.0,19,,,Barnet,True
https://snobe.co.uk/schools/st-theresas-catholic-primary-school,101335,St Theresa's Catholic Primary School,Barnet,East End Road,London,N3 2TD,Primary,Roman Catholic,9.0,89,8.0,16.326531,445,51.594595,-0.18806,St Theresa's Catholic Primary School,9.0,A,Ofsted Good,http://www.st-theresas.barnet.sch.uk/?utm_source=snobe-co-uk&utm_medium=school-profile&utm_campaign=organic,2026-03-19,20.2,8.549999999999999,8.0,9.0,20.2,9.0,8.0,55.0,4.0,20,,,Barnet,True
https://snobe.co.uk/schools/st-theresas-catholic-primary-school,101335,St Theresa's Catholic Primary School,Barnet,East End Road,London,N3 2TD,Primary,Roman Catholic,9.0,96,8.0,16.326531,331,51.594595,-0.18806,St Theresa's Catholic Primary School,9.0,A,Ofsted Good,http://www.st-theresas.barnet.sch.uk/?utm_source=snobe-co-uk&utm_medium=school-profile&utm_campaign=organic,2026-03-19,20.2,8.549999999999999,8.0,9.0,20.2,9.0,8.0,55.0,4.0,29,,,Barnet,True
https://snobe.co.uk/schools/st-theresas-catholic-primary-school,101335,St Theresa's Catholic Primary School,Barnet,East End Road,London,N3 2TD,Primary,Roman Catholic,9.0,105,8.0,16.326531,350,51.594595,-0.18806,St Theresa's Catholic Primary School,9.0,A,Ofsted Good,http://www.st-theresas.barnet.sch.uk/?utm_source=snobe-co-uk&utm_medium=school-profile&utm_campaign=organic,2026-03-19,20.2,8.549999999999999,8.0,9.0,20.2,9.0,8.0,55.0,4.0,30,,,Barnet,True
https://snobe.co.uk/schools/st-theresas-catholic-primary-school,101335,St Theresa's Catholic Primary School,Barnet,East End Road,London,N3 2TD,Primary,Roman Catholic,9.0,106,8.0,16.326531,353,51.594595,-0.18806,St Theresa's Catholic Primary School,9.0,A,Ofsted Good,http://www.st-theresas.barnet.sch.uk/?utm_source=snobe-co-uk&utm_medium=school-profile&utm_campaign=organic,2026-03-19,20.2,8.549999999999999,8.0,9.0,20.2,9.0,8.0,55.0,4.0,30,,,Barnet,True
https://snobe.co.uk/schools/st-theresas-catholic-primary-school,101335,St Theresa's Catholic Primary School,Barnet,East End Road,London,N3 2TD,Primary,Roman Catholic,9.0,106,8.0,16.326531,353,51.594595,-0.18806,St Theresa's Catholic Primary School,9.0,A,Ofsted Good,http://www.st-theresas.barnet.sch.uk/?utm_source=snobe-co-uk&utm_medium=school-profile&utm_campaign=organic,2026-03-19,20.2,8.549999999999999,8.0,9.0,20.2,9.0,8.0,55.0,4.0,30,,,Barnet,True
https://snobe.co.uk/schools/annunciation-catholic-infant-school,101330,The Annunciation Catholic Infant School,Barnet,Thirleby Road,Edgware,HA8 0HQ,Primary,Roman Catholic,35.0,76,29.0,38.157895,217,51.602762,-0.260125,The Annunciation Catholic Infant School,35.0,C,Ofsted Good,http://www.theannunciationschools.co.uk/?utm_source=snobe-co-uk&utm_medium=school-profile&utm_campaign=organic,2026-03-19,20.7,33.25,29.0,31.0,20.7,35.0,29.0,55.0,4.0,35,,,Barnet,True
https://snobe.co.uk/schools/annunciation-catholic-infant-school,101330,The Annunciation Catholic Infant School,Barnet,Thirleby Road,Edgware,HA8 0HQ,Primary,Roman Catholic,35.0,68,29.0,38.157895,243,51.602762,-0.260125,The Annunciation Catholic Infant School,35.0,C,Ofsted Good,http://www.theannunciationschools.co.uk/?utm_source=snobe-co-uk&utm_medium=school-profile&utm_campaign=organic,2026-03-19,20.7,33.25,29.0,31.0,20.7,35.0,29.0,55.0,4.0,28,,,Barnet,True
https://snobe.co.uk/schools/annunciation-catholic-infant-school,101330,The Annunciation Catholic Infant School,Barnet,Thirleby Road,Edgware,HA8 0HQ,Primary,Roman Catholic,35.0,106,29.0,38.157895,183,51.602762,-0.260125,The Annunciation Catholic Infant School,35.0,C,Ofsted Good,http://www.theannunciationschools.co.uk/?utm_source=snobe-co-uk&utm_medium=school-profile&utm_campaign=organic,2026-03-19,20.7,33.25,29.0,31.0,20.7,35.0,29.0,55.0,4.0,58,,,Barnet,True
https://snobe.co.uk/schools/annunciation-catholic-infant-school,101330,The Annunciation Catholic Infant School,Barnet,Thirleby Road,Edgware,HA8 0HQ,Primary,Roman Catholic,35.0,87,29.0,38.157895,235,51.602762,-0.260125,The Annunciation Catholic Infant School,35.0,C,Ofsted Good,http://www.theannunciationschools.co.uk/?utm_source=snobe-co-uk&utm_medium=school-profile&utm_campaign=organic,2026-03-19,20.7,33.25,29.0,31.0,20.7,35.0,29.0,55.0,4.0,37,,,Barnet,True
https://snobe.co.uk/schools/annunciation-catholic-infant-school,101330,The Annunciation Catholic Infant School,Barnet,Thirleby Road,Edgware,HA8 0HQ,Primary,Roman Catholic,35.0,82,29.0,38.157895,155,51.602762,-0.260125,The Annunciation Catholic Infant School,35.0,C,Ofsted Good,http://www.theannunciationschools.co.uk/?utm_source=snobe-co-uk&utm_medium=school-profile&utm_campaign=organic,2026-03-19,20.7,33.25,29.0,31.0,20.7,35.0,29.0,55.0,4.0,53,,,Barnet,True
https://snobe.co.uk/schools/annunciation-catholic-infant-school,101330,The Annunciation Catholic Infant School,Barnet,Thirleby Road,Edgware,HA8 0HQ,Primary,Roman Catholic,35.0,81,29.0,38.157895,208,51.602762,-0.260125,The Annunciation Catholic Infant School,35.0,C,Ofsted Good,http://www.theannunciationschools.co.uk/?utm_source=snobe-co-uk&utm_medium=school-profile&utm_campaign=organic,2026-03-19,20.7,33.25,29.0,31.0,20.7,35.0,29.0,55.0,4.0,39,,,Barnet,True
https://snobe.co.uk/schools/annunciation-catholic-infant-school,101330,The Annunciation Catholic Infant School,Barnet,Thirleby Road,Edgware,HA8 0HQ,Primary,Roman Catholic,35.0,84,29.0,38.157895,205,51.602762,-0.260125,The Annunciation Catholic Infant School,35.0,C,Ofsted Good,http://www.theannunciationschools.co.uk/?utm_source=snobe-co-uk&utm_medium=school-profile&utm_campaign=organic,2026-03-19,20.7,33.25,29.0,31.0,20.7,35.0,29.0,55.0,4.0,41,,,Barnet,True
https://snobe.co.uk/schools/annunciation-catholic-infant-school,101330,The Annunciation Catholic Infant School,Barnet,Thirleby Road,Edgware,HA8 0HQ,Primary,Roman Catholic,35.0,102,29.0,38.157895,232,51.602762,-0.260125,The Annunciation Catholic Infant School,35.0,C,Ofsted Good,http://www.theannunciationschools.co.uk/?utm_source=snobe-co-uk&utm_medium=school-profile&utm_campaign=organic,2026-03-19,20.7,33.25,29.0,31.0,20.7,35.0,29.0,55.0,4.0,44,,,Barnet,True
https://snobe.co.uk/schools/annunciation-catholic-infant-school,101330,The Annunciation Catholic Infant School,Barnet,Thirleby Road,Edgware,HA8 0HQ,Primary,Roman Catholic,35.0,120,29.0,38.157895,200,51.602762,-0.260125,The Annunciation Catholic Infant School,35.0,C,Ofsted Good,http://www.theannunciationschools.co.uk/?utm_source=snobe-co-uk&utm_medium=school-profile&utm_campaign=organic,2026-03-19,20.7,33.25,29.0,31.0,20.7,35.0,29.0,55.0,4.0,60,,,Barnet,True
https://snobe.co.uk/schools/annunciation-catholic-infant-school,101330,The Annunciation Catholic Infant School,Barnet,Thirleby Road,Edgware,HA8 0HQ,Primary,Roman Catholic,35.0,128,29.0,38.157895,213,51.602762,-0.260125,The Annunciation Catholic Infant School,35.0,C,Ofsted Good,http://www.theannunciationschools.co.uk/?utm_source=snobe-co-uk&utm_medium=school-profile&utm_campaign=organic,2026-03-19,20.7,33.25,29.0,31.0,20.7,35.0,29.0,55.0,4.0,60,,,Barnet,True
https://snobe.co.uk/schools/annunciation-catholic-infant-school,101330,The Annunciation Catholic Infant School,Barnet,Thirleby Road,Edgware,HA8 0HQ,Primary,Roman Catholic,35.0,86,29.0,38.157895,191,51.602762,-0.260125,The Annunciation Catholic Infant School,35.0,C,Ofsted Good,http://www.theannunciationschools.co.uk/?utm_source=snobe-co-uk&utm_medium=school-profile&utm_campaign=organic,2026-03-19,20.7,33.25,29.0,31.0,20.7,35.0,29.0,55.0,4.0,45,,,Barnet,True
https://snobe.co.uk/schools/annunciation-catholic-infant-school,101330,The Annunciation Catholic Infant School,Barnet,Thirleby Road,Edgware,HA8 0HQ,Primary,Roman Catholic,35.0,131,29.0,38.157895,218,51.602762,-0.260125,The Annunciation Catholic Infant School,35.0,C,Ofsted Good,http://www.theannunciationschools.co.uk/?utm_source=snobe-co-uk&utm_medium=school-profile&utm_campaign=organic,2026-03-19,20.7,33.25,29.0,31.0,20.7,35.0,29.0,55.0,4.0,60,,,Barnet,True
https://snobe.co.uk/schools/annunciation-rc-junior-school,101342,The Annunciation RC Junior School,Barnet,The Meads,Edgware,HA8 9HQ,Primary,Roman Catholic,35.0,76,29.0,38.157895,7600,51.611879,-0.258232,The Annunciation RC Junior School,210.0,A+,Ofsted Outstanding,http://www.theannunciationschools.co.uk/?utm_source=snobe-co-uk&utm_medium=school-profile&utm_campaign=organic,2026-03-19,25.0,33.25,0.0,,,,,55.0,4.0,0,,,,True
https://snobe.co.uk/schools/our-lady-rosary-catholic-primary-school,101456,Our Lady of the Rosary Catholic Primary School,Bexley,Holbeach Gardens,Sidcup,DA15 8QW,Primary,Roman Catholic,56.0,113,55.0,48.672566,202,51.44793,0.092954,Our Lady of the Rosary Catholic Primary School,56.0,C+,Ofsted Good,http://www.ourlady.bexley.sch.uk?utm_source=snobe-co-uk&utm_medium=school-profile&utm_campaign=organic,2026-03-19,7.9,53.2,55.0,56.0,7.9,56.0,55.0,55.0,4.0,56,,,Bexley,True
https://snobe.co.uk/schools/our-lady-rosary-catholic-primary-school,101456,Our Lady of the Rosary Catholic Primary School,Bexley,Holbeach Gardens,Sidcup,DA15 8QW,Primary,Roman Catholic,56.0,105,55.0,48.672566,228,51.44793,0.092954,Our Lady of the Rosary Catholic Primary School,56.0,C+,Ofsted Good,http://www.ourlady.bexley.sch.uk?utm_source=snobe-co-uk&utm_medium=school-profile&utm_campaign=organic,2026-03-19,7.9,53.2,55.0,56.0,7.9,56.0,55.0,55.0,4.0,46,,,Bexley,True
https://snobe.co.uk/schools/our-lady-rosary-catholic-primary-school,101456,Our Lady of the Rosary Catholic Primary School,Bexley,Holbeach Gardens,Sidcup,DA15 8QW,Primary,Roman Catholic,56.0,71,55.0,48.672566,203,51.44793,0.092954,Our Lady of the Rosary Catholic Primary School,56.0,C+,Ofsted Good,http://www.ourlady.bexley.sch.uk?utm_source=snobe-co-uk&utm_medium=school-profile&utm_campaign=organic,2026-03-19,7.9,53.2,55.0,56.0,7.9,56.0,55.0,55.0,4.0,35,,,Bexley,True
https://snobe.co.uk/schools/our-lady-rosary-catholic-primary-school,101456,Our Lady of the Rosary Catholic Primary School,Bexley,Holbeach Gardens,Sidcup,DA15 8QW,Primary,Roman Catholic,56.0,97,55.0,48.672566,180,51.44793,0.092954,Our Lady of the Rosary Catholic Primary School,56.0,C+,Ofsted Good,http://www.ourlady.bexley.sch.uk?utm_source=snobe-co-uk&utm_medium=school-profile&utm_campaign=organic,2026-03-19,7.9,53.2,55.0,56.0,7.9,56.0,55.0,55.0,4.0,54,,,Bexley,True
https://snobe.co.uk/schools/our-lady-rosary-catholic-primary-school,101456,Our Lady of the Rosary Catholic Primary School,Bexley,Holbeach Gardens,Sidcup,DA15 8QW,Primary,Roman Catholic,56.0,116,55.0,48.672566,242,51.44793,0.092954,Our Lady of the Rosary Catholic Primary School,56.0,C+,Ofsted Good,http://www.ourlady.bexley.sch.uk?utm_source=snobe-co-uk&utm_medium=school-profile&utm_campaign=organic,2026-03-19,7.9,53.2,55.0,56.0,7.9,56.0,55.0,55.0,4.0,48,,,Bexley,True
https://snobe.co.uk/schools/our-lady-rosary-catholic-primary-school,101456,Our Lady of the Rosary Catholic Primary School,Bexley,Holbeach Gardens,Sidcup,DA15 8QW,Primary,Roman Catholic,56.0,107,55.0,48.672566,214,51.44793,0.092954,Our Lady of the Rosary Catholic Primary School,56.0,C+,Ofsted Good,http://www.ourlady.bexley.sch.uk?utm_source=snobe-co-uk&utm_medium=school-profile&utm_campaign=organic,2026-03-19,7.9,53.2,55.0,56.0,7.9,56.0,55.0,55.0,4.0,50,,,Bexley,True
https://snobe.co.uk/schools/our-lady-rosary-catholic-primary-school,101456,Our Lady of the Rosary Catholic Primary School,Bexley,Holbeach Gardens,Sidcup,DA15 8QW,Primary,Roman Catholic,56.0,90,55.0,48.672566,191,51.44793,0.092954,Our Lady of the Rosary Catholic Primary School,56.0,C+,Ofsted Good,http://www.ourlady.bexley.sch.uk?utm_source=snobe-co-uk&utm_medium=school-profile&utm_campaign=organic,2026-03-19,7.9,53.2,55.0,56.0,7.9,56.0,55.0,55.0,4.0,47,,,Bexley,True
https://snobe.co.uk/schools/our-lady-rosary-catholic-primary-school,101456,Our Lady of the Rosary Catholic Primary School,Bexley,Holbeach Gardens,Sidcup,DA15 8QW,Primary,Roman Catholic,56.0,120,55.0,48.672566,211,51.44793,0.092954,Our Lady of the Rosary Catholic Primary School,56.0,C+,Ofsted Good,http://www.ourlady.bexley.sch.uk?utm_source=snobe-co-uk&utm_medium=school-profile&utm_campaign=organic,2026-03-19,7.9,53.2,55.0,56.0,7.9,56.0,55.0,55.0,4.0,57,,,Bexley,True
https://snobe.co.uk/schools/our-lady-rosary-catholic-primary-school,101456,Our Lady of the Rosary Catholic Primary School,Bexley,Holbeach Gardens,Sidcup,DA15 8QW,Primary,Roman Catholic,56.0,93,55.0,48.672566,245,51.44793,0.092954,Our Lady of the Rosary Catholic Primary School,56.0,C+,Ofsted Good,http://www.ourlady.bexley.sch.uk?utm_source=snobe-co-uk&utm_medium=school-profile&utm_campaign=organic,2026-03-19,7.9,53.2,55.0,56.0,7.9,56.0,55.0,55.0,4.0,38,,,Bexley,True
https://snobe.co.uk/schools/our-lady-rosary-catholic-primary-school,101456,Our Lady of the Rosary Catholic Primary School,Bexley,Holbeach Gardens,Sidcup,DA15 8QW,Primary,Roman Catholic,56.0,132,55.0,48.672566,220,51.44793,0.092954,Our Lady of the Rosary Catholic Primary School,56.0,C+,Ofsted Good,http://www.ourlady.bexley.sch.uk?utm_source=snobe-co-uk&utm_medium=school-profile&utm_campaign=organic,2026-03-19,7.9,53.2,55.0,56.0,7.9,56.0,55.0,55.0,4.0,60,,,Bexley,True
https://snobe.co.uk/schools/our-lady-rosary-catholic-primary-school,101456,Our Lady of the Rosary Catholic Primary School,Bexley,Holbeach Gardens,Sidcup,DA15 8QW,Primary,Roman Catholic,56.0,141,55.0,48.672566,235,51.44793,0.092954,Our Lady of the Rosary Catholic Primary School,56.0,C+,Ofsted Good,http://www.ourlady.bexley.sch.uk?utm_source=snobe-co-uk&utm_medium=school-profile&utm_campaign=organic,2026-03-19,7.9,53.2,55.0,56.0,7.9,56.0,55.0,55.0,4.0,60,,,Bexley,True
https://snobe.co.uk/schools/our-lady-rosary-catholic-primary-school,101456,Our Lady of the Rosary Catholic Primary School,Bexley,Holbeach Gardens,Sidcup,DA15 8QW,Primary,Roman Catholic,56.0,137,55.0,48.672566,228,51.44793,0.092954,Our Lady of the Rosary Catholic Primary School,56.0,C+,Ofsted Good,http://www.ourlady.bexley.sch.uk?utm_source=snobe-co-uk&utm_medium=school-profile&utm_campaign=organic,2026-03-19,7.9,53.2,55.0,56.0,7.9,56.0,55.0,55.0,4.0,60,,,Bexley,True
https://snobe.co.uk/schools/st-catherines-catholic-school,137681,St Catherine's Catholic School,Bexley,Watling Street,Bexleyheath,DA6 7QJ,Secondary,Roman Catholic,204.0,407,119.0,29.238329,200,51.454731,0.154382,St Catherine's Catholic School,204.0,B-,Ofsted Good,http://www.stccg.co.uk?utm_source=snobe-co-uk&utm_medium=school-profile&utm_campaign=organic,2026-03-19,11.8,193.8,119.0,202.0,11.8,204.0,119.0,55.0,4.0,204,,,Bexley,True
https://snobe.co.uk/schools/st-catherines-catholic-school,137681,St Catherine's Catholic School,Bexley,Watling Street,Bexleyheath,DA6 7QJ,Secondary,Roman Catholic,204.0,417,119.0,29.238329,197,51.454731,0.154382,St Catherine's Catholic School,204.0,B-,Ofsted Good,http://www.stccg.co.uk?utm_source=snobe-co-uk&utm_medium=school-profile&utm_campaign=organic,2026-03-19,11.8,193.8,119.0,202.0,11.8,204.0,119.0,55.0,4.0,212,,,Bexley,True
https://snobe.co.uk/schools/st-catherines-catholic-school,137681,St Catherine's Catholic School,Bexley,Watling Street,Bexleyheath,DA6 7QJ,Secondary,Roman Catholic,204.0,406,119.0,29.238329,196,51.454731,0.154382,St Catherine's Catholic School,204.0,B-,Ofsted Good,http://www.stccg.co.uk?utm_source=snobe-co-uk&utm_medium=school-profile&utm_campaign=organic,2026-03-19,11.8,193.8,119.0,202.0,11.8,204.0,119.0,55.0,4.0,207,,,Bexley,True
https://snobe.co.uk/schools/st-catherines-catholic-school,137681,St Catherine's Catholic School,Bexley,Watling Street,Bexleyheath,DA6 7QJ,Secondary,Roman Catholic,204.0,421,119.0,29.238329,200,51.454731,0.154382,St Catherine's Catholic School,204.0,B-,Ofsted Good,http://www.stccg.co.uk?utm_source=snobe-co-uk&utm_medium=school-profile&utm_campaign=organic,2026-03-19,11.8,193.8,119.0,202.0,11.8,204.0,119.0,55.0,4.0,210,,,Bexley,True
https://snobe.co.uk/schools/st-catherines-catholic-school,137681,St Catherine's Catholic School,Bexley,Watling Street,Bexleyheath,DA6 7QJ,Secondary,Roman Catholic,204.0,463,119.0,29.238329,227,51.454731,0.154382,St Catherine's Catholic School,204.0,B-,Ofsted Good,http://www.stccg.co.uk?utm_source=snobe-co-uk&utm_medium=school-profile&utm_campaign=organic,2026-03-19,11.8,193.8,119.0,202.0,11.8,204.0,119.0,55.0,4.0,204,,,Bexley,True
https://snobe.co.uk/schools/st-catherines-catholic-school,137681,St Catherine's Catholic School,Bexley,Watling Street,Bexleyheath,DA6 7QJ,Secondary,Roman Catholic,204.0,464,119.0,29.238329,224,51.454731,0.154382,St Catherine's Catholic School,204.0,B-,Ofsted Good,http://www.stccg.co.uk?utm_source=snobe-co-uk&utm_medium=school-profile&utm_campaign=organic,2026-03-19,11.8,193.8,119.0,202.0,11.8,204.0,119.0,55.0,4.0,207,,,Bexley,True
https://snobe.co.uk/schools/st-catherines-catholic-school,137681,St Catherine's Catholic School,Bexley,Watling Street,Bexleyheath,DA6 7QJ,Secondary,Roman Catholic,204.0,522,119.0,29.238329,249,51.454731,0.154382,St Catherine's Catholic School,204.0,B-,Ofsted Good,http://www.stccg.co.uk?utm_source=snobe-co-uk&utm_medium=school-profile&utm_campaign=organic,2026-03-19,11.8,193.8,119.0,202.0,11.8,204.0,119.0,55.0,4.0,210,,,Bexley,True
https://snobe.co.uk/schools/st-catherines-catholic-school,137681,St Catherine's Catholic School,Bexley,Watling Street,Bexleyheath,DA6 7QJ,Secondary,Roman Catholic,204.0,570,119.0,29.238329,273,51.454731,0.154382,St Catherine's Catholic School,204.0,B-,Ofsted Good,http://www.stccg.co.uk?utm_source=snobe-co-uk&utm_medium=school-profile&utm_campaign=organic,2026-03-19,11.8,193.8,119.0,202.0,11.8,204.0,119.0,55.0,4.0,209,,,Bexley,True
https://snobe.co.uk/schools/st-catherines-catholic-school,137681,St Catherine's Catholic School,Bexley,Watling Street,Bexleyheath,DA6 7QJ,Secondary,Roman Catholic,204.0,509,119.0,29.238329,245,51.454731,0.154382,St Catherine's Catholic School,204.0,B-,Ofsted Good,http://www.stccg.co.uk?utm_source=snobe-co-uk&utm_medium=school-profile&utm_campaign=organic,2026-03-19,11.8,193.8,119.0,202.0,11.8,204.0,119.0,55.0,4.0,208,,,Bexley,True
https://snobe.co.uk/schools/st-catherines-catholic-school,137681,St Catherine's Catholic School,Bexley,Watling Street,Bexleyheath,DA6 7QJ,Secondary,Roman Catholic,204.0,591,119.0,29.238329,283,51.454731,0.154382,St Catherine's Catholic School,204.0,B-,Ofsted Good,http://www.stccg.co.uk?utm_source=snobe-co-uk&utm_medium=school-profile&utm_campaign=organic,2026-03-19,11.8,193.8,119.0,202.0,11.8,204.0,119.0,55.0,4.0,209,,,Bexley,True
https://snobe.co.uk/schools/st-catherines-catholic-school,137681,St Catherine's Catholic School,Bexley,Watling Street,Bexleyheath,DA6 7QJ,Secondary,Roman Catholic,204.0,563,119.0,29.238329,269,51.454731,0.154382,St Catherine's Catholic School,204.0,B-,Ofsted Good,http://www.stccg.co.uk?utm_source=snobe-co-uk&utm_medium=school-profile&utm_campaign=organic,2026-03-19,11.8,193.8,119.0,202.0,11.8,204.0,119.0,55.0,4.0,209,,,Bexley,True
https://snobe.co.uk/schools/st-catherines-catholic-school,137681,St Catherine's Catholic School,Bexley,Watling Street,Bexleyheath,DA6 7QJ,Secondary,Roman Catholic,204.0,514,119.0,29.238329,245,51.454731,0.154382,St Catherine's Catholic School,204.0,B-,Ofsted Good,http://www.stccg.co.uk?utm_source=snobe-co-uk&utm_medium=school-profile&utm_campaign=organic,2026-03-19,11.8,193.8,119.0,202.0,11.8,204.0,119.0,55.0,4.0,210,,,Bexley,True
https://snobe.co.uk/schools/st-columbas-catholic-boys-school,101477,St Columba's Catholic Boys' School,Bexley,Halcot Avenue,Bexleyheath,DA6 7QB,Secondary,Roman Catholic,135.0,270,77.0,28.518519,27000,51.452692,0.155222,St Columba's Catholic Boys' School,210.0,B-,Ofsted Good,http://st-columbas.bexley.sch.uk/?utm_source=snobe-co-uk&utm_medium=school-profile&utm_campaign=organic,2026-03-19,25.0,128.25,0.0,,,,,55.0,4.0,0,,,,True
https://snobe.co.uk/schools/st-fidelis-catholic-primary-school,101458,St Fidelis Catholic Primary School,Bexley,Bexley Road,Erith,DA8 3HQ,Primary,Roman Catholic,60.0,171,58.0,33.918129,285,51.476275,0.162887,St Fidelis Catholic Primary School,60.0,A+,Ofsted Outstanding,http://www.st-fidelis.bexley.sch.uk?utm_source=snobe-co-uk&utm_medium=school-profile&utm_campaign=organic,2026-03-19,23.6,57.0,58.0,60.0,23.6,60.0,58.0,55.0,4.0,60,,,Bexley,True
https://snobe.co.uk/schools/st-fidelis-catholic-primary-school,101458,St Fidelis Catholic Primary School,Bexley,Bexley Road,Erith,DA8 3HQ,Primary,Roman Catholic,60.0,132,58.0,33.918129,224,51.476275,0.162887,St Fidelis Catholic Primary School,60.0,A+,Ofsted Outstanding,http://www.st-fidelis.bexley.sch.uk?utm_source=snobe-co-uk&utm_medium=school-profile&utm_campaign=organic,2026-03-19,23.6,57.0,58.0,60.0,23.6,60.0,58.0,55.0,4.0,59,,,Bexley,True
https://snobe.co.uk/schools/st-fidelis-catholic-primary-school,101458,St Fidelis Catholic Primary School,Bexley,Bexley Road,Erith,DA8 3HQ,Primary,Roman Catholic,60.0,154,58.0,33.918129,266,51.476275,0.162887,St Fidelis Catholic Primary School,60.0,A+,Ofsted Outstanding,http://www.st-fidelis.bexley.sch.uk?utm_source=snobe-co-uk&utm_medium=school-profile&utm_campaign=organic,2026-03-19,23.6,57.0,58.0,60.0,23.6,60.0,58.0,55.0,4.0,58,,,Bexley,True
https://snobe.co.uk/schools/st-fidelis-catholic-primary-school,101458,St Fidelis Catholic Primary School,Bexley,Bexley Road,Erith,DA8 3HQ,Primary,Roman Catholic,60.0,141,58.0,33.918129,235,51.476275,0.162887,St Fidelis Catholic Primary School,60.0,A+,Ofsted Outstanding,http://www.st-fidelis.bexley.sch.uk?utm_source=snobe-co-uk&utm_medium=school-profile&utm_campaign=organic,2026-03-19,23.6,57.0,58.0,60.0,23.6,60.0,58.0,55.0,4.0,60,,,Bexley,True
https://snobe.co.uk/schools/st-fidelis-catholic-primary-school,101458,St Fidelis Catholic Primary School,Bexley,Bexley Road,Erith,DA8 3HQ,Primary,Roman Catholic,60.0,111,58.0,33.918129,252,51.476275,0.162887,St Fidelis Catholic Primary School,60.0,A+,Ofsted Outstanding,http://www.st-fidelis.bexley.sch.uk?utm_source=snobe-co-uk&utm_medium=school-profile&utm_campaign=organic,2026-03-19,23.6,57.0,58.0,60.0,23.6,60.0,58.0,55.0,4.0,44,,,Bexley,True
https://snobe.co.uk/schools/st-fidelis-catholic-primary-school,101458,St Fidelis Catholic Primary School,Bexley,Bexley Road,Erith,DA8 3HQ,Primary,Roman Catholic,60.0,158,58.0,33.918129,263,51.476275,0.162887,St Fidelis Catholic Primary School,60.0,A+,Ofsted Outstanding,http://www.st-fidelis.bexley.sch.uk?utm_source=snobe-co-uk&utm_medium=school-profile&utm_campaign=organic,2026-03-19,23.6,57.0,58.0,60.0,23.6,60.0,58.0,55.0,4.0,60,,,Bexley,True
https://snobe.co.uk/schools/st-fidelis-catholic-primary-school,101458,St Fidelis Catholic Primary School,Bexley,Bexley Road,Erith,DA8 3HQ,Primary,Roman Catholic,60.0,147,58.0,33.918129,245,51.476275,0.162887,St Fidelis Catholic Primary School,60.0,A+,Ofsted Outstanding,http://www.st-fidelis.bexley.sch.uk?utm_source=snobe-co-uk&utm_medium=school-profile&utm_campaign=organic,2026-03-19,23.6,57.0,58.0,60.0,23.6,60.0,58.0,55.0,4.0,60,,,Bexley,True
https://snobe.co.uk/schools/st-fidelis-catholic-primary-school,101458,St Fidelis Catholic Primary School,Bexley,Bexley Road,Erith,DA8 3HQ,Primary,Roman Catholic,60.0,160,58.0,33.918129,267,51.476275,0.162887,St Fidelis Catholic Primary School,60.0,A+,Ofsted Outstanding,http://www.st-fidelis.bexley.sch.uk?utm_source=snobe-co-uk&utm_medium=school-profile&utm_campaign=organic,2026-03-19,23.6,57.0,58.0,60.0,23.6,60.0,58.0,55.0,4.0,60,,,Bexley,True
https://snobe.co.uk/schools/st-fidelis-catholic-primary-school,101458,St Fidelis Catholic Primary School,Bexley,Bexley Road,Erith,DA8 3HQ,Primary,Roman Catholic,60.0,148,58.0,33.918129,247,51.476275,0.162887,St Fidelis Catholic Primary School,60.0,A+,Ofsted Outstanding,http://www.st-fidelis.bexley.sch.uk?utm_source=snobe-co-uk&utm_medium=school-profile&utm_campaign=organic,2026-03-19,23.6,57.0,58.0,60.0,23.6,60.0,58.0,55.0,4.0,60,,,Bexley,True
https://snobe.co.uk/schools/st-fidelis-catholic-primary-school,101458,St Fidelis Catholic Primary School,Bexley,Bexley Road,Erith,DA8 3HQ,Primary,Roman Catholic,60.0,162,58.0,33.918129,270,51.476275,0.162887,St Fidelis Catholic Primary School,60.0,A+,Ofsted Outstanding,http://www.st-fidelis.bexley.sch.uk?utm_source=snobe-co-uk&utm_medium=school-profile&utm_campaign=organic,2026-03-19,23.6,57.0,58.0,60.0,23.6,60.0,58.0,55.0,4.0,60,,,Bexley,True
https://snobe.co.uk/schools/st-fidelis-catholic-primary-school,101458,St Fidelis Catholic Primary School,Bexley,Bexley Road,Erith,DA8 3HQ,Primary,Roman Catholic,60.0,168,58.0,33.918129,280,51.476275,0.162887,St Fidelis Catholic Primary School,60.0,A+,Ofsted Outstanding,http://www.st-fidelis.bexley.sch.uk?utm_source=snobe-co-uk&utm_medium=school-profile&utm_campaign=organic,2026-03-19,23.6,57.0,58.0,60.0,23.6,60.0,58.0,55.0,4.0,60,,,Bexley,True
https://snobe.co.uk/schools/st-fidelis-catholic-primary-school,101458,St Fidelis Catholic Primary School,Bexley,Bexley Road,Erith,DA8 3HQ,Primary,Roman Catholic,60.0,161,58.0,33.918129,273,51.476275,0.162887,St Fidelis Catholic Primary School,60.0,A+,Ofsted Outstanding,http://www.st-fidelis.bexley.sch.uk?utm_source=snobe-co-uk&utm_medium=school-profile&utm_campaign=organic,2026-03-19,23.6,57.0,58.0,60.0,23.6,60.0,58.0,55.0,4.0,59,,,Bexley,True
https://snobe.co.uk/schools/st-john-fisher-catholic-primary-school,101460,St John Fisher Catholic Primary School,Bexley,Kale Road,Erith,DA18 4BA,Primary,Roman Catholic,15.0,39,15.0,38.461538,260,51.495021,0.13218,St John Fisher Catholic Primary School,15.0,A+,Ofsted Good,http://www.sjf.bexley.sch.uk?utm_source=snobe-co-uk&utm_medium=school-profile&utm_campaign=organic,2026-03-19,23.6,14.25,15.0,15.0,23.6,15.0,15.0,55.0,4.0,15,,,Bexley,True
https://snobe.co.uk/schools/st-john-fisher-catholic-primary-school,101460,St John Fisher Catholic Primary School,Bexley,Kale Road,Erith,DA18 4BA,Primary,Roman Catholic,15.0,46,15.0,38.461538,242,51.495021,0.13218,St John Fisher Catholic Primary School,15.0,A+,Ofsted Good,http://www.sjf.bexley.sch.uk?utm_source=snobe-co-uk&utm_medium=school-profile&utm_campaign=organic,2026-03-19,23.6,14.25,15.0,15.0,23.6,15.0,15.0,55.0,4.0,19,,,Bexley,True
https://snobe.co.uk/schools/st-john-fisher-catholic-primary-school,101460,St John Fisher Catholic Primary School,Bexley,Kale Road,Erith,DA18 4BA,Primary,Roman Catholic,15.0,71,15.0,38.461538,245,51.495021,0.13218,St John Fisher Catholic Primary School,15.0,A+,Ofsted Good,http://www.sjf.bexley.sch.uk?utm_source=snobe-co-uk&utm_medium=school-profile&utm_campaign=organic,2026-03-19,23.6,14.25,15.0,15.0,23.6,15.0,15.0,55.0,4.0,29,,,Bexley,True
https://snobe.co.uk/schools/st-john-fisher-catholic-primary-school,101460,St John Fisher Catholic Primary School,Bexley,Kale Road,Erith,DA18 4BA,Primary,Roman Catholic,15.0,79,15.0,38.461538,263,51.495021,0.13218,St John Fisher Catholic Primary School,15.0,A+,Ofsted Good,http://www.sjf.bexley.sch.uk?utm_source=snobe-co-uk&utm_medium=school-profile&utm_campaign=organic,2026-03-19,23.6,14.25,15.0,15.0,23.6,15.0,15.0,55.0,4.0,30,,,Bexley,True
https://snobe.co.uk/schools/st-john-fisher-catholic-primary-school,101460,St John Fisher Catholic Primary School,Bexley,Kale Road,Erith,DA18 4BA,Primary,Roman Catholic,15.0,51,15.0,38.461538,212,51.495021,0.13218,St John Fisher Catholic Primary School,15.0,A+,Ofsted Good,http://www.sjf.bexley.sch.uk?utm_source=snobe-co-uk&utm_medium=school-profile&utm_campaign=organic,2026-03-19,23.6,14.25,15.0,15.0,23.6,15.0,15.0,55.0,4.0,24,,,Bexley,True
https://snobe.co.uk/schools/st-john-fisher-catholic-primary-school,101460,St John Fisher Catholic Primary School,Bexley,Kale Road,Erith,DA18 4BA,Primary,Roman Catholic,15.0,83,15.0,38.461538,277,51.495021,0.13218,St John Fisher Catholic Primary School,15.0,A+,Ofsted Good,http://www.sjf.bexley.sch.uk?utm_source=snobe-co-uk&utm_medium=school-profile&utm_campaign=organic,2026-03-19,23.6,14.25,15.0,15.0,23.6,15.0,15.0,55.0,4.0,30,,,Bexley,True
https://snobe.co.uk/schools/st-john-fisher-catholic-primary-school,101460,St John Fisher Catholic Primary School,Bexley,Kale Road,Erith,DA18 4BA,Primary,Roman Catholic,15.0,83,15.0,38.461538,277,51.495021,0.13218,St John Fisher Catholic Primary School,15.0,A+,Ofsted Good,http://www.sjf.bexley.sch.uk?utm_source=snobe-co-uk&utm_medium=school-profile&utm_campaign=organic,2026-03-19,23.6,14.25,15.0,15.0,23.6,15.0,15.0,55.0,4.0,30,,,Bexley,True
https://snobe.co.uk/schools/st-john-fisher-catholic-primary-school,101460,St John Fisher Catholic Primary School,Bexley,Kale Road,Erith,DA18 4BA,Primary,Roman Catholic,15.0,87,15.0,38.461538,290,51.495021,0.13218,St John Fisher Catholic Primary School,15.0,A+,Ofsted Good,http://www.sjf.bexley.sch.uk?utm_source=snobe-co-uk&utm_medium=school-profile&utm_campaign=organic,2026-03-19,23.6,14.25,15.0,15.0,23.6,15.0,15.0,55.0,4.0,30,,,Bexley,True
https://snobe.co.uk/schools/st-john-fisher-catholic-primary-school,101460,St John Fisher Catholic Primary School,Bexley,Kale Road,Erith,DA18 4BA,Primary,Roman Catholic,15.0,88,15.0,38.461538,293,51.495021,0.13218,St John Fisher Catholic Primary School,15.0,A+,Ofsted Good,http://www.sjf.bexley.sch.uk?utm_source=snobe-co-uk&utm_medium=school-profile&utm_campaign=organic,2026-03-19,23.6,14.25,15.0,15.0,23.6,15.0,15.0,55.0,4.0,30,,,Bexley,True
https://snobe.co.uk/schools/st-john-fisher-catholic-primary-school,101460,St John Fisher Catholic Primary School,Bexley,Kale Road,Erith,DA18 4BA,Primary,Roman Catholic,15.0,109,15.0,38.461538,363,51.495021,0.13218,St John Fisher Catholic Primary School,15.0,A+,Ofsted Good,http://www.sjf.bexley.sch.uk?utm_source=snobe-co-uk&utm_medium=school-profile&utm_campaign=organic,2026-03-19,23.6,14.25,15.0,15.0,23.6,15.0,15.0,55.0,4.0,30,,,Bexley,True
https://snobe.co.uk/schools/st-john-fisher-catholic-primary-school,101460,St John Fisher Catholic Primary School,Bexley,Kale Road,Erith,DA18 4BA,Primary,Roman Catholic,15.0,101,15.0,38.461538,337,51.495021,0.13218,St John Fisher Catholic Primary School,15.0,A+,Ofsted Good,http://www.sjf.bexley.sch.uk?utm_source=snobe-co-uk&utm_medium=school-profile&utm_campaign=organic,2026-03-19,23.6,14.25,15.0,15.0,23.6,15.0,15.0,55.0,4.0,30,,,Bexley,True
https://snobe.co.uk/schools/st-john-fisher-catholic-primary-school,101460,St John Fisher Catholic Primary School,Bexley,Kale Road,Erith,DA18 4BA,Primary,Roman Catholic,15.0,119,15.0,38.461538,397,51.495021,0.13218,St John Fisher Catholic Primary School,15.0,A+,Ofsted Good,http://www.sjf.bexley.sch.uk?utm_source=snobe-co-uk&utm_medium=school-profile&utm_campaign=organic,2026-03-19,23.6,14.25,15.0,15.0,23.6,15.0,15.0,55.0,4.0,30,,,Bexley,True
https://snobe.co.uk/schools/st-peter-chanel-catholic-primary-school,101461,St Peter Chanel Catholic Primary School,Bexley,Baugh Road,Sidcup,DA14 5ED,Primary,Roman Catholic,17.0,42,17.0,45.945946,140,51.420351,0.118345,St Peter Chanel Catholic Primary School,30.0,C+,Ofsted Good,http://www.st-peterchanel.bexley.sch.uk?utm_source=snobe-co-uk&utm_medium=school-profile&utm_campaign=organic,2026-03-19,20.4,16.15,28.0,30.0,20.4,30.0,28.0,55.0,4.0,30,,,Bexley,True
https://snobe.co.uk/schools/st-peter-chanel-catholic-primary-school,101461,St Peter Chanel Catholic Primary School,Bexley,Baugh Road,Sidcup,DA14 5ED,Primary,Roman Catholic,17.0,49,17.0,45.945946,223,51.420351,0.118345,St Peter Chanel Catholic Primary School,30.0,C+,Ofsted Good,http://www.st-peterchanel.bexley.sch.uk?utm_source=snobe-co-uk&utm_medium=school-profile&utm_campaign=organic,2026-03-19,20.4,16.15,28.0,30.0,20.4,30.0,28.0,55.0,4.0,22,,,Bexley,True
https://snobe.co.uk/schools/st-peter-chanel-catholic-primary-school,101461,St Peter Chanel Catholic Primary School,Bexley,Baugh Road,Sidcup,DA14 5ED,Primary,Roman Catholic,17.0,52,17.0,45.945946,193,51.420351,0.118345,St Peter Chanel Catholic Primary School,30.0,C+,Ofsted Good,http://www.st-peterchanel.bexley.sch.uk?utm_source=snobe-co-uk&utm_medium=school-profile&utm_campaign=organic,2026-03-19,20.4,16.15,28.0,30.0,20.4,30.0,28.0,55.0,4.0,27,,,Bexley,True
https://snobe.co.uk/schools/st-peter-chanel-catholic-primary-school,101461,St Peter Chanel Catholic Primary School,Bexley,Baugh Road,Sidcup,DA14 5ED,Primary,Roman Catholic,17.0,46,17.0,45.945946,184,51.420351,0.118345,St Peter Chanel Catholic Primary School,30.0,C+,Ofsted Good,http://www.st-peterchanel.bexley.sch.uk?utm_source=snobe-co-uk&utm_medium=school-profile&utm_campaign=organic,2026-03-19,20.4,16.15,28.0,30.0,20.4,30.0,28.0,55.0,4.0,25,,,Bexley,True
https://snobe.co.uk/schools/st-peter-chanel-catholic-primary-school,101461,St Peter Chanel Catholic Primary School,Bexley,Baugh Road,Sidcup,DA14 5ED,Primary,Roman Catholic,17.0,46,17.0,45.945946,209,51.420351,0.118345,St Peter Chanel Catholic Primary School,30.0,C+,Ofsted Good,http://www.st-peterchanel.bexley.sch.uk?utm_source=snobe-co-uk&utm_medium=school-profile&utm_campaign=organic,2026-03-19,20.4,16.15,28.0,30.0,20.4,30.0,28.0,55.0,4.0,22,,,Bexley,True
https://snobe.co.uk/schools/st-peter-chanel-catholic-primary-school,101461,St Peter Chanel Catholic Primary School,Bexley,Baugh Road,Sidcup,DA14 5ED,Primary,Roman Catholic,17.0,46,17.0,45.945946,170,51.420351,0.118345,St Peter Chanel Catholic Primary School,30.0,C+,Ofsted Good,http://www.st-peterchanel.bexley.sch.uk?utm_source=snobe-co-uk&utm_medium=school-profile&utm_campaign=organic,2026-03-19,20.4,16.15,28.0,30.0,20.4,30.0,28.0,55.0,4.0,27,,,Bexley,True
https://snobe.co.uk/schools/st-peter-chanel-catholic-primary-school,101461,St Peter Chanel Catholic Primary School,Bexley,Baugh Road,Sidcup,DA14 5ED,Primary,Roman Catholic,17.0,45,17.0,45.945946,150,51.420351,0.118345,St Peter Chanel Catholic Primary School,30.0,C+,Ofsted Good,http://www.st-peterchanel.bexley.sch.uk?utm_source=snobe-co-uk&utm_medium=school-profile&utm_campaign=organic,2026-03-19,20.4,16.15,28.0,30.0,20.4,30.0,28.0,55.0,4.0,30,,,Bexley,True
https://snobe.co.uk/schools/st-peter-chanel-catholic-primary-school,101461,St Peter Chanel Catholic Primary School,Bexley,Baugh Road,Sidcup,DA14 5ED,Primary,Roman Catholic,17.0,38,17.0,45.945946,158,51.420351,0.118345,St Peter Chanel Catholic Primary School,30.0,C+,Ofsted Good,http://www.st-peterchanel.bexley.sch.uk?utm_source=snobe-co-uk&utm_medium=school-profile&utm_campaign=organic,2026-03-19,20.4,16.15,28.0,30.0,20.4,30.0,28.0,55.0,4.0,24,,,Bexley,True
https://snobe.co.uk/schools/st-peter-chanel-catholic-primary-school,101461,St Peter Chanel Catholic Primary School,Bexley,Baugh Road,Sidcup,DA14 5ED,Primary,Roman Catholic,17.0,44,17.0,45.945946,147,51.420351,0.118345,St Peter Chanel Catholic Primary School,30.0,C+,Ofsted Good,http://www.st-peterchanel.bexley.sch.uk?utm_source=snobe-co-uk&utm_medium=school-profile&utm_campaign=organic,2026-03-19,20.4,16.15,28.0,30.0,20.4,30.0,28.0,55.0,4.0,30,,,Bexley,True
https://snobe.co.uk/schools/st-stephens-catholic-primary-school,101455,St Stephen's Catholic Primary School,Bexley,Ruskin Avenue,Welling,DA16 3QG,Primary,Roman Catholic,60.0,143,54.0,37.762238,238,51.464153,0.104048,St Stephen's Catholic Primary School,60.0,A,Ofsted Outstanding,http://www.st-stephens.bexley.sch.uk/?utm_source=snobe-co-uk&utm_medium=school-profile&utm_campaign=organic,2026-03-19,5.0,57.0,54.0,60.0,5.0,60.0,54.0,55.0,4.0,60,,,Bexley,True
https://snobe.co.uk/schools/st-stephens-catholic-primary-school,101455,St Stephen's Catholic Primary School,Bexley,Ruskin Avenue,Welling,DA16 3QG,Primary,Roman Catholic,60.0,149,54.0,37.762238,248,51.464153,0.104048,St Stephen's Catholic Primary School,60.0,A,Ofsted Outstanding,http://www.st-stephens.bexley.sch.uk/?utm_source=snobe-co-uk&utm_medium=school-profile&utm_campaign=organic,2026-03-19,5.0,57.0,54.0,60.0,5.0,60.0,54.0,55.0,4.0,60,,,Bexley,True
https://snobe.co.uk/schools/st-stephens-catholic-primary-school,101455,St Stephen's Catholic Primary School,Bexley,Ruskin Avenue,Welling,DA16 3QG,Primary,Roman Catholic,60.0,158,54.0,37.762238,263,51.464153,0.104048,St Stephen's Catholic Primary School,60.0,A,Ofsted Outstanding,http://www.st-stephens.bexley.sch.uk/?utm_source=snobe-co-uk&utm_medium=school-profile&utm_campaign=organic,2026-03-19,5.0,57.0,54.0,60.0,5.0,60.0,54.0,55.0,4.0,60,,,Bexley,True
https://snobe.co.uk/schools/st-stephens-catholic-primary-school,101455,St Stephen's Catholic Primary School,Bexley,Ruskin Avenue,Welling,DA16 3QG,Primary,Roman Catholic,60.0,152,54.0,37.762238,253,51.464153,0.104048,St Stephen's Catholic Primary School,60.0,A,Ofsted Outstanding,http://www.st-stephens.bexley.sch.uk/?utm_source=snobe-co-uk&utm_medium=school-profile&utm_campaign=organic,2026-03-19,5.0,57.0,54.0,60.0,5.0,60.0,54.0,55.0,4.0,60,,,Bexley,True
https://snobe.co.uk/schools/st-stephens-catholic-primary-school,101455,St Stephen's Catholic Primary School,Bexley,Ruskin Avenue,Welling,DA16 3QG,Primary,Roman Catholic,60.0,139,54.0,37.762238,232,51.464153,0.104048,St Stephen's Catholic Primary School,60.0,A,Ofsted Outstanding,http://www.st-stephens.bexley.sch.uk/?utm_source=snobe-co-uk&utm_medium=school-profile&utm_campaign=organic,2026-03-19,5.0,57.0,54.0,60.0,5.0,60.0,54.0,55.0,4.0,60,,,Bexley,True
https://snobe.co.uk/schools/st-stephens-catholic-primary-school,101455,St Stephen's Catholic Primary School,Bexley,Ruskin Avenue,Welling,DA16 3QG,Primary,Roman Catholic,60.0,160,54.0,37.762238,267,51.464153,0.104048,St Stephen's Catholic Primary School,60.0,A,Ofsted Outstanding,http://www.st-stephens.bexley.sch.uk/?utm_source=snobe-co-uk&utm_medium=school-profile&utm_campaign=organic,2026-03-19,5.0,57.0,54.0,60.0,5.0,60.0,54.0,55.0,4.0,60,,,Bexley,True
https://snobe.co.uk/schools/st-stephens-catholic-primary-school,101455,St Stephen's Catholic Primary School,Bexley,Ruskin Avenue,Welling,DA16 3QG,Primary,Roman Catholic,60.0,151,54.0,37.762238,252,51.464153,0.104048,St Stephen's Catholic Primary School,60.0,A,Ofsted Outstanding,http://www.st-stephens.bexley.sch.uk/?utm_source=snobe-co-uk&utm_medium=school-profile&utm_campaign=organic,2026-03-19,5.0,57.0,54.0,60.0,5.0,60.0,54.0,55.0,4.0,60,,,Bexley,True
https://snobe.co.uk/schools/st-stephens-catholic-primary-school,101455,St Stephen's Catholic Primary School,Bexley,Ruskin Avenue,Welling,DA16 3QG,Primary,Roman Catholic,60.0,139,54.0,37.762238,232,51.464153,0.104048,St Stephen's Catholic Primary School,60.0,A,Ofsted Outstanding,http://www.st-stephens.bexley.sch.uk/?utm_source=snobe-co-uk&utm_medium=school-profile&utm_campaign=organic,2026-03-19,5.0,57.0,54.0,60.0,5.0,60.0,54.0,55.0,4.0,60,,,Bexley,True
https://snobe.co.uk/schools/st-stephens-catholic-primary-school,101455,St Stephen's Catholic Primary School,Bexley,Ruskin Avenue,Welling,DA16 3QG,Primary,Roman Catholic,60.0,134,54.0,37.762238,223,51.464153,0.104048,St Stephen's Catholic Primary School,60.0,A,Ofsted Outstanding,http://www.st-stephens.bexley.sch.uk/?utm_source=snobe-co-uk&utm_medium=school-profile&utm_campaign=organic,2026-03-19,5.0,57.0,54.0,60.0,5.0,60.0,54.0,55.0,4.0,60,,,Bexley,True
https://snobe.co.uk/schools/st-stephens-catholic-primary-school,101455,St Stephen's Catholic Primary School,Bexley,Ruskin Avenue,Welling,DA16 3QG,Primary,Roman Catholic,60.0,110,54.0,37.762238,183,51.464153,0.104048,St Stephen's Catholic Primary School,60.0,A,Ofsted Outstanding,http://www.st-stephens.bexley.sch.uk/?utm_source=snobe-co-uk&utm_medium=school-profile&utm_campaign=organic,2026-03-19,5.0,57.0,54.0,60.0,5.0,60.0,54.0,55.0,4.0,60,,,Bexley,True
https://snobe.co.uk/schools/st-stephens-catholic-primary-school,101455,St Stephen's Catholic Primary School,Bexley,Ruskin Avenue,Welling,DA16 3QG,Primary,Roman Catholic,60.0,122,54.0,37.762238,203,51.464153,0.104048,St Stephen's Catholic Primary School,60.0,A,Ofsted Outstanding,http://www.st-stephens.bexley.sch.uk/?utm_source=snobe-co-uk&utm_medium=school-profile&utm_campaign=organic,2026-03-19,5.0,57.0,54.0,60.0,5.0,60.0,54.0,55.0,4.0,60,,,Bexley,True
https://snobe.co.uk/schools/st-stephens-catholic-primary-school,101455,St Stephen's Catholic Primary School,Bexley,Ruskin Avenue,Welling,DA16 3QG,Primary,Roman Catholic,60.0,85,54.0,37.762238,189,51.464153,0.104048,St Stephen's Catholic Primary School,60.0,A,Ofsted Outstanding,http://www.st-stephens.bexley.sch.uk/?utm_source=snobe-co-uk&utm_medium=school-profile&utm_campaign=organic,2026-03-19,5.0,57.0,54.0,60.0,5.0,60.0,54.0,55.0,4.0,45,,,Bexley,True
https://snobe.co.uk/schools/convent-jesus-and-mary-language-college,101561,Convent of Jesus and Mary Language College,Brent,Crownhill Road,London,NW10 4EP,Secondary,Roman Catholic,94.0,180,48.0,26.666667,18000,51.538383,-0.246086,Convent of Jesus and Mary Language College,210.0,B+,Ofsted Good,http://stclaudines.co.uk?utm_source=snobe-co-uk&utm_medium=school-profile&utm_campaign=organic,2026-03-19,25.0,89.3,0.0,,,,,78.0,9.0,0,,,,True
https://snobe.co.uk/schools/convent-jesus-and-mary-rc-infant-school,101544,Convent of Jesus and Mary RC Infant School,Brent,21 Park Avenue,London,NW2 5AN,Primary,Roman Catholic,61.0,127,55.0,43.307087,208,51.54838,-0.226763,Convent of Jesus and Mary RC Infant School,61.0,C,Ofsted Outstanding,http://www.cjminfantschool.co.uk?utm_source=snobe-co-uk&utm_medium=school-profile&utm_campaign=organic,2026-03-19,26.1,57.95,55.0,60.0,26.1,61.0,55.0,78.0,9.0,61,,,Brent,True
https://snobe.co.uk/schools/convent-jesus-and-mary-rc-infant-school,101544,Convent of Jesus and Mary RC Infant School,Brent,21 Park Avenue,London,NW2 5AN,Primary,Roman Catholic,61.0,104,55.0,43.307087,165,51.54838,-0.226763,Convent of Jesus and Mary RC Infant School,61.0,C,Ofsted Outstanding,http://www.cjminfantschool.co.uk?utm_source=snobe-co-uk&utm_medium=school-profile&utm_campaign=organic,2026-03-19,26.1,57.95,55.0,60.0,26.1,61.0,55.0,78.0,9.0,63,,,Brent,True
https://snobe.co.uk/schools/convent-jesus-and-mary-rc-infant-school,101544,Convent of Jesus and Mary RC Infant School,Brent,21 Park Avenue,London,NW2 5AN,Primary,Roman Catholic,61.0,122,55.0,43.307087,177,51.54838,-0.226763,Convent of Jesus and Mary RC Infant School,61.0,C,Ofsted Outstanding,http://www.cjminfantschool.co.uk?utm_source=snobe-co-uk&utm_medium=school-profile&utm_campaign=organic,2026-03-19,26.1,57.95,55.0,60.0,26.1,61.0,55.0,78.0,9.0,69,,,Brent,True
https://snobe.co.uk/schools/convent-jesus-and-mary-rc-infant-school,101544,Convent of Jesus and Mary RC Infant School,Brent,21 Park Avenue,London,NW2 5AN,Primary,Roman Catholic,61.0,135,55.0,43.307087,190,51.54838,-0.226763,Convent of Jesus and Mary RC Infant School,61.0,C,Ofsted Outstanding,http://www.cjminfantschool.co.uk?utm_source=snobe-co-uk&utm_medium=school-profile&utm_campaign=organic,2026-03-19,26.1,57.95,55.0,60.0,26.1,61.0,55.0,78.0,9.0,71,,,Brent,True
https://snobe.co.uk/schools/convent-jesus-and-mary-rc-infant-school,101544,Convent of Jesus and Mary RC Infant School,Brent,21 Park Avenue,London,NW2 5AN,Primary,Roman Catholic,61.0,144,55.0,43.307087,182,51.54838,-0.226763,Convent of Jesus and Mary RC Infant School,61.0,C,Ofsted Outstanding,http://www.cjminfantschool.co.uk?utm_source=snobe-co-uk&utm_medium=school-profile&utm_campaign=organic,2026-03-19,26.1,57.95,55.0,60.0,26.1,61.0,55.0,78.0,9.0,79,,,Brent,True
https://snobe.co.uk/schools/convent-jesus-and-mary-rc-infant-school,101544,Convent of Jesus and Mary RC Infant School,Brent,21 Park Avenue,London,NW2 5AN,Primary,Roman Catholic,61.0,158,55.0,43.307087,184,51.54838,-0.226763,Convent of Jesus and Mary RC Infant School,61.0,C,Ofsted Outstanding,http://www.cjminfantschool.co.uk?utm_source=snobe-co-uk&utm_medium=school-profile&utm_campaign=organic,2026-03-19,26.1,57.95,55.0,60.0,26.1,61.0,55.0,78.0,9.0,86,,,Brent,True
https://snobe.co.uk/schools/convent-jesus-and-mary-rc-infant-school,101544,Convent of Jesus and Mary RC Infant School,Brent,21 Park Avenue,London,NW2 5AN,Primary,Roman Catholic,61.0,191,55.0,43.307087,222,51.54838,-0.226763,Convent of Jesus and Mary RC Infant School,61.0,C,Ofsted Outstanding,http://www.cjminfantschool.co.uk?utm_source=snobe-co-uk&utm_medium=school-profile&utm_campaign=organic,2026-03-19,26.1,57.95,55.0,60.0,26.1,61.0,55.0,78.0,9.0,86,,,Brent,True
https://snobe.co.uk/schools/convent-jesus-and-mary-rc-infant-school,101544,Convent of Jesus and Mary RC Infant School,Brent,21 Park Avenue,London,NW2 5AN,Primary,Roman Catholic,61.0,173,55.0,43.307087,201,51.54838,-0.226763,Convent of Jesus and Mary RC Infant School,61.0,C,Ofsted Outstanding,http://www.cjminfantschool.co.uk?utm_source=snobe-co-uk&utm_medium=school-profile&utm_campaign=organic,2026-03-19,26.1,57.95,55.0,60.0,26.1,61.0,55.0,78.0,9.0,86,,,Brent,True
https://snobe.co.uk/schools/convent-jesus-and-mary-rc-infant-school,101544,Convent of Jesus and Mary RC Infant School,Brent,21 Park Avenue,London,NW2 5AN,Primary,Roman Catholic,61.0,197,55.0,43.307087,219,51.54838,-0.226763,Convent of Jesus and Mary RC Infant School,61.0,C,Ofsted Outstanding,http://www.cjminfantschool.co.uk?utm_source=snobe-co-uk&utm_medium=school-profile&utm_campaign=organic,2026-03-19,26.1,57.95,55.0,60.0,26.1,61.0,55.0,78.0,9.0,90,,,Brent,True
https://snobe.co.uk/schools/convent-jesus-and-mary-rc-infant-school,101544,Convent of Jesus and Mary RC Infant School,Brent,21 Park Avenue,London,NW2 5AN,Primary,Roman Catholic,61.0,205,55.0,43.307087,228,51.54838,-0.226763,Convent of Jesus and Mary RC Infant School,61.0,C,Ofsted Outstanding,http://www.cjminfantschool.co.uk?utm_source=snobe-co-uk&utm_medium=school-profile&utm_campaign=organic,2026-03-19,26.1,57.95,55.0,60.0,26.1,61.0,55.0,78.0,9.0,90,,,Brent,True
https://snobe.co.uk/schools/convent-jesus-and-mary-rc-infant-school,101544,Convent of Jesus and Mary RC Infant School,Brent,21 Park Avenue,London,NW2 5AN,Primary,Roman Catholic,61.0,187,55.0,43.307087,208,51.54838,-0.226763,Convent of Jesus and Mary RC Infant School,61.0,C,Ofsted Outstanding,http://www.cjminfantschool.co.uk?utm_source=snobe-co-uk&utm_medium=school-profile&utm_campaign=organic,2026-03-19,26.1,57.95,55.0,60.0,26.1,61.0,55.0,78.0,9.0,90,,,Brent,True
https://snobe.co.uk/schools/convent-jesus-and-mary-rc-infant-school,101544,Convent of Jesus and Mary RC Infant School,Brent,21 Park Avenue,London,NW2 5AN,Primary,Roman Catholic,61.0,213,55.0,43.307087,237,51.54838,-0.226763,Convent of Jesus and Mary RC Infant School,61.0,C,Ofsted Outstanding,http://www.cjminfantschool.co.uk?utm_source=snobe-co-uk&utm_medium=school-profile&utm_campaign=organic,2026-03-19,26.1,57.95,55.0,60.0,26.1,61.0,55.0,78.0,9.0,90,,,Brent,True
https://snobe.co.uk/schools/newman-catholic-college,101564,Newman Catholic College,Brent,Harlesden Road,London,NW10 3RN,Secondary,Roman Catholic,53.0,97,25.0,25.773196,183,51.537588,-0.239209,Newman Catholic College,53.0,C,Ofsted Good,http://www.ncc.brent.sch.uk?utm_source=snobe-co-uk&utm_medium=school-profile&utm_campaign=organic,2026-03-19,30.3,50.35,25.0,33.0,30.3,53.0,25.0,78.0,9.0,53,,,Brent,True
https://snobe.co.uk/schools/newman-catholic-college,101564,Newman Catholic College,Brent,Harlesden Road,London,NW10 3RN,Secondary,Roman Catholic,53.0,98,25.0,25.773196,169,51.537588,-0.239209,Newman Catholic College,53.0,C,Ofsted Good,http://www.ncc.brent.sch.uk?utm_source=snobe-co-uk&utm_medium=school-profile&utm_campaign=organic,2026-03-19,30.3,50.35,25.0,33.0,30.3,53.0,25.0,78.0,9.0,58,,,Brent,True
https://snobe.co.uk/schools/newman-catholic-college,101564,Newman Catholic College,Brent,Harlesden Road,London,NW10 3RN,Secondary,Roman Catholic,53.0,98,25.0,25.773196,118,51.537588,-0.239209,Newman Catholic College,53.0,C,Ofsted Good,http://www.ncc.brent.sch.uk?utm_source=snobe-co-uk&utm_medium=school-profile&utm_campaign=organic,2026-03-19,30.3,50.35,25.0,33.0,30.3,53.0,25.0,78.0,9.0,83,,,Brent,True
https://snobe.co.uk/schools/newman-catholic-college,101564,Newman Catholic College,Brent,Harlesden Road,London,NW10 3RN,Secondary,Roman Catholic,53.0,112,25.0,25.773196,162,51.537588,-0.239209,Newman Catholic College,53.0,C,Ofsted Good,http://www.ncc.brent.sch.uk?utm_source=snobe-co-uk&utm_medium=school-profile&utm_campaign=organic,2026-03-19,30.3,50.35,25.0,33.0,30.3,53.0,25.0,78.0,9.0,69,,,Brent,True
https://snobe.co.uk/schools/newman-catholic-college,101564,Newman Catholic College,Brent,Harlesden Road,London,NW10 3RN,Secondary,Roman Catholic,53.0,116,25.0,25.773196,127,51.537588,-0.239209,Newman Catholic College,53.0,C,Ofsted Good,http://www.ncc.brent.sch.uk?utm_source=snobe-co-uk&utm_medium=school-profile&utm_campaign=organic,2026-03-19,30.3,50.35,25.0,33.0,30.3,53.0,25.0,78.0,9.0,91,,,Brent,True
https://snobe.co.uk/schools/newman-catholic-college,101564,Newman Catholic College,Brent,Harlesden Road,London,NW10 3RN,Secondary,Roman Catholic,53.0,107,25.0,25.773196,105,51.537588,-0.239209,Newman Catholic College,53.0,C,Ofsted Good,http://www.ncc.brent.sch.uk?utm_source=snobe-co-uk&utm_medium=school-profile&utm_campaign=organic,2026-03-19,30.3,50.35,25.0,33.0,30.3,53.0,25.0,78.0,9.0,102,,,Brent,True
https://snobe.co.uk/schools/newman-catholic-college,101564,Newman Catholic College,Brent,Harlesden Road,London,NW10 3RN,Secondary,Roman Catholic,53.0,120,25.0,25.773196,133,51.537588,-0.239209,Newman Catholic College,53.0,C,Ofsted Good,http://www.ncc.brent.sch.uk?utm_source=snobe-co-uk&utm_medium=school-profile&utm_campaign=organic,2026-03-19,30.3,50.35,25.0,33.0,30.3,53.0,25.0,78.0,9.0,90,,,Brent,True
https://snobe.co.uk/schools/newman-catholic-college,101564,Newman Catholic College,Brent,Harlesden Road,London,NW10 3RN,Secondary,Roman Catholic,53.0,118,25.0,25.773196,107,51.537588,-0.239209,Newman Catholic College,53.0,C,Ofsted Good,http://www.ncc.brent.sch.uk?utm_source=snobe-co-uk&utm_medium=school-profile&utm_campaign=organic,2026-03-19,30.3,50.35,25.0,33.0,30.3,53.0,25.0,78.0,9.0,110,,,Brent,True
https://snobe.co.uk/schools/newman-catholic-college,101564,Newman Catholic College,Brent,Harlesden Road,London,NW10 3RN,Secondary,Roman Catholic,53.0,152,25.0,25.773196,162,51.537588,-0.239209,Newman Catholic College,53.0,C,Ofsted Good,http://www.ncc.brent.sch.uk?utm_source=snobe-co-uk&utm_medium=school-profile&utm_campaign=organic,2026-03-19,30.3,50.35,25.0,33.0,30.3,53.0,25.0,78.0,9.0,94,,,Brent,True
https://snobe.co.uk/schools/newman-catholic-college,101564,Newman Catholic College,Brent,Harlesden Road,London,NW10 3RN,Secondary,Roman Catholic,53.0,142,25.0,25.773196,131,51.537588,-0.239209,Newman Catholic College,53.0,C,Ofsted Good,http://www.ncc.brent.sch.uk?utm_source=snobe-co-uk&utm_medium=school-profile&utm_campaign=organic,2026-03-19,30.3,50.35,25.0,33.0,30.3,53.0,25.0,78.0,9.0,108,,,Brent,True
https://snobe.co.uk/schools/newman-catholic-college,101564,Newman Catholic College,Brent,Harlesden Road,London,NW10 3RN,Secondary,Roman Catholic,53.0,111,25.0,25.773196,117,51.537588,-0.239209,Newman Catholic College,53.0,C,Ofsted Good,http://www.ncc.brent.sch.uk?utm_source=snobe-co-uk&utm_medium=school-profile&utm_campaign=organic,2026-03-19,30.3,50.35,25.0,33.0,30.3,53.0,25.0,78.0,9.0,95,,,Brent,True
https://snobe.co.uk/schools/newman-catholic-college,101564,Newman Catholic College,Brent,Harlesden Road,London,NW10 3RN,Secondary,Roman Catholic,53.0,73,25.0,25.773196,128,51.537588,-0.239209,Newman Catholic College,53.0,C,Ofsted Good,http://www.ncc.brent.sch.uk?utm_source=snobe-co-uk&utm_medium=school-profile&utm_campaign=organic,2026-03-19,30.3,50.35,25.0,33.0,30.3,53.0,25.0,78.0,9.0,57,,,Brent,True
https://snobe.co.uk/schools/our-lady-grace-catholic-junior-school-0,101538,Our Lady of Grace Catholic Junior School,Brent,Dollis Hill Lane,London,NW2 6HS,Primary,Roman Catholic,60.0,131,57.0,43.51145,13100,51.561147,-0.233725,Our Lady of Grace Catholic Junior School,210.0,A+,Ofsted Outstanding,http://www.ourladyofgracejuniors.co.uk/?utm_source=snobe-co-uk&utm_medium=school-profile&utm_campaign=organic,2026-03-19,25.0,57.0,0.0,,,,,78.0,9.0,0,,,,True
https://snobe.co.uk/schools/our-lady-grace-rc-infant-and-nursery-school-0,101547,Our Lady of Grace RC Infant and Nursery School,Brent,Dollis Hill Avenue,London,NW2 6EU,Primary,Roman Catholic,60.0,152,57.0,43.51145,253,51.563385,-0.225905,Our Lady of Grace RC Infant and Nursery School,60.0,C,Ofsted Outstanding,http://www.ologinfants.brent.sch.uk/?utm_source=snobe-co-uk&utm_medium=school-profile&utm_campaign=organic,2026-03-19,9.9,57.0,59.0,60.0,9.9,60.0,59.0,78.0,9.0,60,,,Brent,True
https://snobe.co.uk/schools/our-lady-grace-rc-infant-and-nursery-school-0,101547,Our Lady of Grace RC Infant and Nursery School,Brent,Dollis Hill Avenue,London,NW2 6EU,Primary,Roman Catholic,60.0,151,57.0,43.51145,252,51.563385,-0.225905,Our Lady of Grace RC Infant and Nursery School,60.0,C,Ofsted Outstanding,http://www.ologinfants.brent.sch.uk/?utm_source=snobe-co-uk&utm_medium=school-profile&utm_campaign=organic,2026-03-19,9.9,57.0,59.0,60.0,9.9,60.0,59.0,78.0,9.0,60,,,Brent,True
https://snobe.co.uk/schools/our-lady-grace-rc-infant-and-nursery-school-0,101547,Our Lady of Grace RC Infant and Nursery School,Brent,Dollis Hill Avenue,London,NW2 6EU,Primary,Roman Catholic,60.0,173,57.0,43.51145,288,51.563385,-0.225905,Our Lady of Grace RC Infant and Nursery School,60.0,C,Ofsted Outstanding,http://www.ologinfants.brent.sch.uk/?utm_source=snobe-co-uk&utm_medium=school-profile&utm_campaign=organic,2026-03-19,9.9,57.0,59.0,60.0,9.9,60.0,59.0,78.0,9.0,60,,,Brent,True
https://snobe.co.uk/schools/our-lady-grace-rc-infant-and-nursery-school-0,101547,Our Lady of Grace RC Infant and Nursery School,Brent,Dollis Hill Avenue,London,NW2 6EU,Primary,Roman Catholic,60.0,164,57.0,43.51145,278,51.563385,-0.225905,Our Lady of Grace RC Infant and Nursery School,60.0,C,Ofsted Outstanding,http://www.ologinfants.brent.sch.uk/?utm_source=snobe-co-uk&utm_medium=school-profile&utm_campaign=organic,2026-03-19,9.9,57.0,59.0,60.0,9.9,60.0,59.0,78.0,9.0,59,,,Brent,True
https://snobe.co.uk/schools/our-lady-grace-rc-infant-and-nursery-school-0,101547,Our Lady of Grace RC Infant and Nursery School,Brent,Dollis Hill Avenue,London,NW2 6EU,Primary,Roman Catholic,60.0,186,57.0,43.51145,310,51.563385,-0.225905,Our Lady of Grace RC Infant and Nursery School,60.0,C,Ofsted Outstanding,http://www.ologinfants.brent.sch.uk/?utm_source=snobe-co-uk&utm_medium=school-profile&utm_campaign=organic,2026-03-19,9.9,57.0,59.0,60.0,9.9,60.0,59.0,78.0,9.0,60,,,Brent,True
https://snobe.co.uk/schools/our-lady-grace-rc-infant-and-nursery-school-0,101547,Our Lady of Grace RC Infant and Nursery School,Brent,Dollis Hill Avenue,London,NW2 6EU,Primary,Roman Catholic,60.0,170,57.0,43.51145,283,51.563385,-0.225905,Our Lady of Grace RC Infant and Nursery School,60.0,C,Ofsted Outstanding,http://www.ologinfants.brent.sch.uk/?utm_source=snobe-co-uk&utm_medium=school-profile&utm_campaign=organic,2026-03-19,9.9,57.0,59.0,60.0,9.9,60.0,59.0,78.0,9.0,60,,,Brent,True
https://snobe.co.uk/schools/st-gregorys-catholic-science-college,101563,St Gregory's Catholic Science College,Brent,Donnington Road,Harrow,HA3 0NB,Secondary,Roman Catholic,187.0,627,167.0,29.5053,375,51.582289,-0.30268,St Gregory's Catholic Science College,167.0,A,Ofsted Outstanding,http://www.stgregorys.harrow.sch.uk?utm_source=snobe-co-uk&utm_medium=school-profile&utm_campaign=organic,2026-03-19,13.2,177.65,119.0,167.0,13.2,167.0,119.0,78.0,9.0,167,,,Brent,True
https://snobe.co.uk/schools/st-gregorys-catholic-science-college,101563,St Gregory's Catholic Science College,Brent,Donnington Road,Harrow,HA3 0NB,Secondary,Roman Catholic,187.0,594,167.0,29.5053,354,51.582289,-0.30268,St Gregory's Catholic Science College,167.0,A,Ofsted Outstanding,http://www.stgregorys.harrow.sch.uk?utm_source=snobe-co-uk&utm_medium=school-profile&utm_campaign=organic,2026-03-19,13.2,177.65,119.0,167.0,13.2,167.0,119.0,78.0,9.0,168,,,Brent,True
https://snobe.co.uk/schools/st-josephs-catholic-infant-school,101546,St Joseph's Catholic Infant School,Brent,Waverley Avenue,Wembley,HA9 6TA,Primary,Roman Catholic,70.0,127,70.0,55.11811,181,51.551821,-0.287687,St Joseph's Catholic Infant School,70.0,C-,Ofsted Good,http://www.stjosephsinfantleyton.co.uk/?utm_source=snobe-co-uk&utm_medium=school-profile&utm_campaign=organic,2026-03-19,6.3,66.5,70.0,70.0,6.3,70.0,70.0,78.0,9.0,70,,,Brent,True
https://snobe.co.uk/schools/st-josephs-catholic-infant-school,101546,St Joseph's Catholic Infant School,Brent,Waverley Avenue,Wembley,HA9 6TA,Primary,Roman Catholic,70.0,154,70.0,55.11811,220,51.551821,-0.287687,St Joseph's Catholic Infant School,70.0,C-,Ofsted Good,http://www.stjosephsinfantleyton.co.uk/?utm_source=snobe-co-uk&utm_medium=school-profile&utm_campaign=organic,2026-03-19,6.3,66.5,70.0,70.0,6.3,70.0,70.0,78.0,9.0,70,,,Brent,True
https://snobe.co.uk/schools/st-josephs-catholic-infant-school,101546,St Joseph's Catholic Infant School,Brent,Waverley Avenue,Wembley,HA9 6TA,Primary,Roman Catholic,70.0,144,70.0,55.11811,206,51.551821,-0.287687,St Joseph's Catholic Infant School,70.0,C-,Ofsted Good,http://www.stjosephsinfantleyton.co.uk/?utm_source=snobe-co-uk&utm_medium=school-profile&utm_campaign=organic,2026-03-19,6.3,66.5,70.0,70.0,6.3,70.0,70.0,78.0,9.0,70,,,Brent,True
https://snobe.co.uk/schools/st-josephs-catholic-infant-school,101546,St Joseph's Catholic Infant School,Brent,Waverley Avenue,Wembley,HA9 6TA,Primary,Roman Catholic,70.0,147,70.0,55.11811,210,51.551821,-0.287687,St Joseph's Catholic Infant School,70.0,C-,Ofsted Good,http://www.stjosephsinfantleyton.co.uk/?utm_source=snobe-co-uk&utm_medium=school-profile&utm_campaign=organic,2026-03-19,6.3,66.5,70.0,70.0,6.3,70.0,70.0,78.0,9.0,70,,,Brent,True
https://snobe.co.uk/schools/st-josephs-catholic-infant-school,101546,St Joseph's Catholic Infant School,Brent,Waverley Avenue,Wembley,HA9 6TA,Primary,Roman Catholic,70.0,149,70.0,55.11811,213,51.551821,-0.287687,St Joseph's Catholic Infant School,70.0,C-,Ofsted Good,http://www.stjosephsinfantleyton.co.uk/?utm_source=snobe-co-uk&utm_medium=school-profile&utm_campaign=organic,2026-03-19,6.3,66.5,70.0,70.0,6.3,70.0,70.0,78.0,9.0,70,,,Brent,True
https://snobe.co.uk/schools/st-josephs-catholic-infant-school,101546,St Joseph's Catholic Infant School,Brent,Waverley Avenue,Wembley,HA9 6TA,Primary,Roman Catholic,70.0,160,70.0,55.11811,229,51.551821,-0.287687,St Joseph's Catholic Infant School,70.0,C-,Ofsted Good,http://www.stjosephsinfantleyton.co.uk/?utm_source=snobe-co-uk&utm_medium=school-profile&utm_campaign=organic,2026-03-19,6.3,66.5,70.0,70.0,6.3,70.0,70.0,78.0,9.0,70,,,Brent,True
https://snobe.co.uk/schools/st-josephs-catholic-infant-school,101546,St Joseph's Catholic Infant School,Brent,Waverley Avenue,Wembley,HA9 6TA,Primary,Roman Catholic,70.0,141,70.0,55.11811,201,51.551821,-0.287687,St Joseph's Catholic Infant School,70.0,C-,Ofsted Good,http://www.stjosephsinfantleyton.co.uk/?utm_source=snobe-co-uk&utm_medium=school-profile&utm_campaign=organic,2026-03-19,6.3,66.5,70.0,70.0,6.3,70.0,70.0,78.0,9.0,70,,,Brent,True
https://snobe.co.uk/schools/st-josephs-catholic-infant-school,101546,St Joseph's Catholic Infant School,Brent,Waverley Avenue,Wembley,HA9 6TA,Primary,Roman Catholic,70.0,151,70.0,55.11811,216,51.551821,-0.287687,St Joseph's Catholic Infant School,70.0,C-,Ofsted Good,http://www.stjosephsinfantleyton.co.uk/?utm_source=snobe-co-uk&utm_medium=school-profile&utm_campaign=organic,2026-03-19,6.3,66.5,70.0,70.0,6.3,70.0,70.0,78.0,9.0,70,,,Brent,True
https://snobe.co.uk/schools/st-josephs-catholic-infant-school,101546,St Joseph's Catholic Infant School,Brent,Waverley Avenue,Wembley,HA9 6TA,Primary,Roman Catholic,70.0,151,70.0,55.11811,219,51.551821,-0.287687,St Joseph's Catholic Infant School,70.0,C-,Ofsted Good,http://www.stjosephsinfantleyton.co.uk/?utm_source=snobe-co-uk&utm_medium=school-profile&utm_campaign=organic,2026-03-19,6.3,66.5,70.0,70.0,6.3,70.0,70.0,78.0,9.0,69,,,Brent,True
https://snobe.co.uk/schools/st-josephs-catholic-infant-school,101546,St Joseph's Catholic Infant School,Brent,Waverley Avenue,Wembley,HA9 6TA,Primary,Roman Catholic,70.0,176,70.0,55.11811,251,51.551821,-0.287687,St Joseph's Catholic Infant School,70.0,C-,Ofsted Good,http://www.stjosephsinfantleyton.co.uk/?utm_source=snobe-co-uk&utm_medium=school-profile&utm_campaign=organic,2026-03-19,6.3,66.5,70.0,70.0,6.3,70.0,70.0,78.0,9.0,70,,,Brent,True
https://snobe.co.uk/schools/st-josephs-catholic-infant-school,101546,St Joseph's Catholic Infant School,Brent,Waverley Avenue,Wembley,HA9 6TA,Primary,Roman Catholic,70.0,210,70.0,55.11811,300,51.551821,-0.287687,St Joseph's Catholic Infant School,70.0,C-,Ofsted Good,http://www.stjosephsinfantleyton.co.uk/?utm_source=snobe-co-uk&utm_medium=school-profile&utm_campaign=organic,2026-03-19,6.3,66.5,70.0,70.0,6.3,70.0,70.0,78.0,9.0,70,,,Brent,True
https://snobe.co.uk/schools/st-josephs-catholic-infant-school,101546,St Joseph's Catholic Infant School,Brent,Waverley Avenue,Wembley,HA9 6TA,Primary,Roman Catholic,70.0,200,70.0,55.11811,286,51.551821,-0.287687,St Joseph's Catholic Infant School,70.0,C-,Ofsted Good,http://www.stjosephsinfantleyton.co.uk/?utm_source=snobe-co-uk&utm_medium=school-profile&utm_campaign=organic,2026-03-19,6.3,66.5,70.0,70.0,6.3,70.0,70.0,78.0,9.0,70,,,Brent,True
https://snobe.co.uk/schools/st-margaret-clitherow-rc-primary-school-0,101548,St Margaret Clitherow RC Primary School,Brent,Quainton Street,London,NW10 0BG,Primary,Roman Catholic,30.0,82,28.0,50.0,273,51.561768,-0.260897,St Margaret Clitherow RC Primary School,30.0,B-,Ofsted Good,http://www.clitherow.brent.sch.uk?utm_source=snobe-co-uk&utm_medium=school-profile&utm_campaign=organic,2026-03-19,5.8,28.5,26.0,30.0,5.8,30.0,26.0,78.0,9.0,30,,,Brent,True
https://snobe.co.uk/schools/st-margaret-clitherow-rc-primary-school-0,101548,St Margaret Clitherow RC Primary School,Brent,Quainton Street,London,NW10 0BG,Primary,Roman Catholic,30.0,72,28.0,50.0,267,51.561768,-0.260897,St Margaret Clitherow RC Primary School,30.0,B-,Ofsted Good,http://www.clitherow.brent.sch.uk?utm_source=snobe-co-uk&utm_medium=school-profile&utm_campaign=organic,2026-03-19,5.8,28.5,26.0,30.0,5.8,30.0,26.0,78.0,9.0,27,,,Brent,True
https://snobe.co.uk/schools/st-margaret-clitherow-rc-primary-school-0,101548,St Margaret Clitherow RC Primary School,Brent,Quainton Street,London,NW10 0BG,Primary,Roman Catholic,30.0,77,28.0,50.0,257,51.561768,-0.260897,St Margaret Clitherow RC Primary School,30.0,B-,Ofsted Good,http://www.clitherow.brent.sch.uk?utm_source=snobe-co-uk&utm_medium=school-profile&utm_campaign=organic,2026-03-19,5.8,28.5,26.0,30.0,5.8,30.0,26.0,78.0,9.0,30,,,Brent,True
https://snobe.co.uk/schools/st-margaret-clitherow-rc-primary-school-0,101548,St Margaret Clitherow RC Primary School,Brent,Quainton Street,London,NW10 0BG,Primary,Roman Catholic,30.0,92,28.0,50.0,307,51.561768,-0.260897,St Margaret Clitherow RC Primary School,30.0,B-,Ofsted Good,http://www.clitherow.brent.sch.uk?utm_source=snobe-co-uk&utm_medium=school-profile&utm_campaign=organic,2026-03-19,5.8,28.5,26.0,30.0,5.8,30.0,26.0,78.0,9.0,30,,,Brent,True
https://snobe.co.uk/schools/st-margaret-clitherow-rc-primary-school-0,101548,St Margaret Clitherow RC Primary School,Brent,Quainton Street,London,NW10 0BG,Primary,Roman Catholic,30.0,110,28.0,50.0,367,51.561768,-0.260897,St Margaret Clitherow RC Primary School,30.0,B-,Ofsted Good,http://www.clitherow.brent.sch.uk?utm_source=snobe-co-uk&utm_medium=school-profile&utm_campaign=organic,2026-03-19,5.8,28.5,26.0,30.0,5.8,30.0,26.0,78.0,9.0,30,,,Brent,True
https://snobe.co.uk/schools/st-margaret-clitherow-rc-primary-school-0,101548,St Margaret Clitherow RC Primary School,Brent,Quainton Street,London,NW10 0BG,Primary,Roman Catholic,30.0,86,28.0,50.0,287,51.561768,-0.260897,St Margaret Clitherow RC Primary School,30.0,B-,Ofsted Good,http://www.clitherow.brent.sch.uk?utm_source=snobe-co-uk&utm_medium=school-profile&utm_campaign=organic,2026-03-19,5.8,28.5,26.0,30.0,5.8,30.0,26.0,78.0,9.0,30,,,Brent,True
https://snobe.co.uk/schools/st-mary-magdalens-catholic-junior-school,101542,St Mary Magdalen's Catholic Junior School,Brent,Linacre Road,London,NW2 5BB,Primary,Roman Catholic,0.0,0,0.0,85.86387435,0,51.54836,-0.228999,St Mary Magdalen's Catholic Junior School,210.0,A,Ofsted Good,http://www.marymag.brent.sch.uk?utm_source=snobe-co-uk&utm_medium=school-profile&utm_campaign=organic,2026-03-19,25.0,0.0,0.0,,,,,78.0,9.0,0,,,,False
https://snobe.co.uk/schools/st-robert-southwell-rc-primary-school,101543,St Robert Southwell Catholic Primary School,Brent,Slough Lane,London,NW9 8YD,Primary,Roman Catholic,60.0,136,59.0,43.382353,227,51.582504,-0.266932,St Robert Southwell Catholic Primary School,60.0,A-,Ofsted Outstanding,http://www.robsouth.org?utm_source=snobe-co-uk&utm_medium=school-profile&utm_campaign=organic,2026-03-19,9.9,57.0,59.0,60.0,9.9,60.0,59.0,78.0,9.0,60,,,Brent,True
https://snobe.co.uk/schools/st-robert-southwell-rc-primary-school,101543,St Robert Southwell Catholic Primary School,Brent,Slough Lane,London,NW9 8YD,Primary,Roman Catholic,60.0,119,59.0,43.382353,202,51.582504,-0.266932,St Robert Southwell Catholic Primary School,60.0,A-,Ofsted Outstanding,http://www.robsouth.org?utm_source=snobe-co-uk&utm_medium=school-profile&utm_campaign=organic,2026-03-19,9.9,57.0,59.0,60.0,9.9,60.0,59.0,78.0,9.0,59,,,Brent,True
https://snobe.co.uk/schools/st-robert-southwell-rc-primary-school,101543,St Robert Southwell Catholic Primary School,Brent,Slough Lane,London,NW9 8YD,Primary,Roman Catholic,60.0,126,59.0,43.382353,210,51.582504,-0.266932,St Robert Southwell Catholic Primary School,60.0,A-,Ofsted Outstanding,http://www.robsouth.org?utm_source=snobe-co-uk&utm_medium=school-profile&utm_campaign=organic,2026-03-19,9.9,57.0,59.0,60.0,9.9,60.0,59.0,78.0,9.0,60,,,Brent,True
https://snobe.co.uk/schools/st-robert-southwell-rc-primary-school,101543,St Robert Southwell Catholic Primary School,Brent,Slough Lane,London,NW9 8YD,Primary,Roman Catholic,60.0,132,59.0,43.382353,224,51.582504,-0.266932,St Robert Southwell Catholic Primary School,60.0,A-,Ofsted Outstanding,http://www.robsouth.org?utm_source=snobe-co-uk&utm_medium=school-profile&utm_campaign=organic,2026-03-19,9.9,57.0,59.0,60.0,9.9,60.0,59.0,78.0,9.0,59,,,Brent,True
https://snobe.co.uk/schools/st-robert-southwell-rc-primary-school,101543,St Robert Southwell Catholic Primary School,Brent,Slough Lane,London,NW9 8YD,Primary,Roman Catholic,60.0,151,59.0,43.382353,252,51.582504,-0.266932,St Robert Southwell Catholic Primary School,60.0,A-,Ofsted Outstanding,http://www.robsouth.org?utm_source=snobe-co-uk&utm_medium=school-profile&utm_campaign=organic,2026-03-19,9.9,57.0,59.0,60.0,9.9,60.0,59.0,78.0,9.0,60,,,Brent,True
https://snobe.co.uk/schools/st-robert-southwell-rc-primary-school,101543,St Robert Southwell Catholic Primary School,Brent,Slough Lane,London,NW9 8YD,Primary,Roman Catholic,60.0,133,59.0,43.382353,222,51.582504,-0.266932,St Robert Southwell Catholic Primary School,60.0,A-,Ofsted Outstanding,http://www.robsouth.org?utm_source=snobe-co-uk&utm_medium=school-profile&utm_campaign=organic,2026-03-19,9.9,57.0,59.0,60.0,9.9,60.0,59.0,78.0,9.0,60,,,Brent,True
https://snobe.co.uk/schools/st-robert-southwell-rc-primary-school,101543,St Robert Southwell Catholic Primary School,Brent,Slough Lane,London,NW9 8YD,Primary,Roman Catholic,60.0,112,59.0,43.382353,187,51.582504,-0.266932,St Robert Southwell Catholic Primary School,60.0,A-,Ofsted Outstanding,http://www.robsouth.org?utm_source=snobe-co-uk&utm_medium=school-profile&utm_campaign=organic,2026-03-19,9.9,57.0,59.0,60.0,9.9,60.0,59.0,78.0,9.0,60,,,Brent,True
https://snobe.co.uk/schools/st-robert-southwell-rc-primary-school,101543,St Robert Southwell Catholic Primary School,Brent,Slough Lane,London,NW9 8YD,Primary,Roman Catholic,60.0,108,59.0,43.382353,183,51.582504,-0.266932,St Robert Southwell Catholic Primary School,60.0,A-,Ofsted Outstanding,http://www.robsouth.org?utm_source=snobe-co-uk&utm_medium=school-profile&utm_campaign=organic,2026-03-19,9.9,57.0,59.0,60.0,9.9,60.0,59.0,78.0,9.0,59,,,Brent,True
https://snobe.co.uk/schools/st-robert-southwell-rc-primary-school,101543,St Robert Southwell Catholic Primary School,Brent,Slough Lane,London,NW9 8YD,Primary,Roman Catholic,60.0,105,59.0,43.382353,175,51.582504,-0.266932,St Robert Southwell Catholic Primary School,60.0,A-,Ofsted Outstanding,http://www.robsouth.org?utm_source=snobe-co-uk&utm_medium=school-profile&utm_campaign=organic,2026-03-19,9.9,57.0,59.0,60.0,9.9,60.0,59.0,78.0,9.0,60,,,Brent,True
https://snobe.co.uk/schools/st-robert-southwell-rc-primary-school,101543,St Robert Southwell Catholic Primary School,Brent,Slough Lane,London,NW9 8YD,Primary,Roman Catholic,60.0,127,59.0,43.382353,219,51.582504,-0.266932,St Robert Southwell Catholic Primary School,60.0,A-,Ofsted Outstanding,http://www.robsouth.org?utm_source=snobe-co-uk&utm_medium=school-profile&utm_campaign=organic,2026-03-19,9.9,57.0,59.0,60.0,9.9,60.0,59.0,78.0,9.0,58,,,Brent,True
https://snobe.co.uk/schools/st-robert-southwell-rc-primary-school,101543,St Robert Southwell Catholic Primary School,Brent,Slough Lane,London,NW9 8YD,Primary,Roman Catholic,60.0,121,59.0,43.382353,205,51.582504,-0.266932,St Robert Southwell Catholic Primary School,60.0,A-,Ofsted Outstanding,http://www.robsouth.org?utm_source=snobe-co-uk&utm_medium=school-profile&utm_campaign=organic,2026-03-19,9.9,57.0,59.0,60.0,9.9,60.0,59.0,78.0,9.0,59,,,Brent,True
https://snobe.co.uk/schools/st-robert-southwell-rc-primary-school,101543,St Robert Southwell Catholic Primary School,Brent,Slough Lane,London,NW9 8YD,Primary,Roman Catholic,60.0,134,59.0,43.382353,223,51.582504,-0.266932,St Robert Southwell Catholic Primary School,60.0,A-,Ofsted Outstanding,http://www.robsouth.org?utm_source=snobe-co-uk&utm_medium=school-profile&utm_campaign=organic,2026-03-19,9.9,57.0,59.0,60.0,9.9,60.0,59.0,78.0,9.0,60,,,Brent,True
https://snobe.co.uk/schools/bishop-challoner-school,101683,Bishop Challoner School,Bromley,228 Bromley Road,Bromley,BR2 0BS,Not applicable,Roman Catholic,,0,,,0,51.40689,-0.003678,Bishop Challoner School,210.0,D-,Ofsted Outstanding,http://www.bishopchallonerschool.com?utm_source=snobe-co-uk&utm_medium=school-profile&utm_campaign=organic,2026-03-19,25.0,427.5,0.0,,,,,48.0,3.0,0,,,,False
https://snobe.co.uk/schools/holy-innocents-catholic-primary-school,101661,Holy Innocents Catholic Primary School,Bromley,Mitchell Road,Orpington,BR6 9JT,Primary,Roman Catholic,28.0,68,20.0,27.027027,227,51.366273,0.09157,Holy Innocents Catholic Primary School,30.0,B+,Ofsted Good,http://www.holyinnocents.bromley.sch.uk?utm_source=snobe-co-uk&utm_medium=school-profile&utm_campaign=organic,2026-03-19,4.9,26.6,25.0,30.0,4.9,30.0,25.0,48.0,3.0,30,,,Bromley,True
https://snobe.co.uk/schools/holy-innocents-catholic-primary-school,101661,Holy Innocents Catholic Primary School,Bromley,Mitchell Road,Orpington,BR6 9JT,Primary,Roman Catholic,28.0,71,20.0,27.027027,237,51.366273,0.09157,Holy Innocents Catholic Primary School,30.0,B+,Ofsted Good,http://www.holyinnocents.bromley.sch.uk?utm_source=snobe-co-uk&utm_medium=school-profile&utm_campaign=organic,2026-03-19,4.9,26.6,25.0,30.0,4.9,30.0,25.0,48.0,3.0,30,,,Bromley,True
https://snobe.co.uk/schools/st-james-roman-catholic-primary-school,101656,St James' Roman Catholic Primary School,Bromley,Maybury Close,Orpington,BR5 1BL,Primary,Roman Catholic,30.0,106,29.0,27.358491,10600,51.389382,0.066348,St James' Roman Catholic Primary School,210.0,A-,Ofsted Outstanding,http://www.st-james.bromley.sch.uk/?utm_source=snobe-co-uk&utm_medium=school-profile&utm_campaign=organic,2026-03-19,25.0,28.5,0.0,,,,,48.0,3.0,0,,,,True
https://snobe.co.uk/schools/st-philomenas-primary-school,141482,St Philomena's Primary School,Bromley,Chelsfield Road,Orpington,BR5 4DR,Primary,Roman Catholic,25.0,57,19.0,33.333333,228,51.382246,0.115508,St Philomena's Primary School,25.0,B-,Ofsted Good,http://www.st-philomenas.bromley.sch.uk?utm_source=snobe-co-uk&utm_medium=school-profile&utm_campaign=organic,2026-03-19,16.3,23.75,19.0,24.0,16.3,25.0,19.0,48.0,3.0,25,,,Bromley,True
https://snobe.co.uk/schools/st-philomenas-primary-school,141482,St Philomena's Primary School,Bromley,Chelsfield Road,Orpington,BR5 4DR,Primary,Roman Catholic,25.0,51,19.0,33.333333,196,51.382246,0.115508,St Philomena's Primary School,25.0,B-,Ofsted Good,http://www.st-philomenas.bromley.sch.uk?utm_source=snobe-co-uk&utm_medium=school-profile&utm_campaign=organic,2026-03-19,16.3,23.75,19.0,24.0,16.3,25.0,19.0,48.0,3.0,26,,,Bromley,True
https://snobe.co.uk/schools/st-philomenas-primary-school,141482,St Philomena's Primary School,Bromley,Chelsfield Road,Orpington,BR5 4DR,Primary,Roman Catholic,25.0,73,19.0,33.333333,243,51.382246,0.115508,St Philomena's Primary School,25.0,B-,Ofsted Good,http://www.st-philomenas.bromley.sch.uk?utm_source=snobe-co-uk&utm_medium=school-profile&utm_campaign=organic,2026-03-19,16.3,23.75,19.0,24.0,16.3,25.0,19.0,48.0,3.0,30,,,Bromley,True
https://snobe.co.uk/schools/st-philomenas-primary-school,141482,St Philomena's Primary School,Bromley,Chelsfield Road,Orpington,BR5 4DR,Primary,Roman Catholic,25.0,65,19.0,33.333333,217,51.382246,0.115508,St Philomena's Primary School,25.0,B-,Ofsted Good,http://www.st-philomenas.bromley.sch.uk?utm_source=snobe-co-uk&utm_medium=school-profile&utm_campaign=organic,2026-03-19,16.3,23.75,19.0,24.0,16.3,25.0,19.0,48.0,3.0,30,,,Bromley,True
https://snobe.co.uk/schools/st-philomenas-primary-school,141482,St Philomena's Primary School,Bromley,Chelsfield Road,Orpington,BR5 4DR,Primary,Roman Catholic,25.0,78,19.0,33.333333,260,51.382246,0.115508,St Philomena's Primary School,25.0,B-,Ofsted Good,http://www.st-philomenas.bromley.sch.uk?utm_source=snobe-co-uk&utm_medium=school-profile&utm_campaign=organic,2026-03-19,16.3,23.75,19.0,24.0,16.3,25.0,19.0,48.0,3.0,30,,,Bromley,True
https://snobe.co.uk/schools/st-philomenas-primary-school,141482,St Philomena's Primary School,Bromley,Chelsfield Road,Orpington,BR5 4DR,Primary,Roman Catholic,25.0,68,19.0,33.333333,234,51.382246,0.115508,St Philomena's Primary School,25.0,B-,Ofsted Good,http://www.st-philomenas.bromley.sch.uk?utm_source=snobe-co-uk&utm_medium=school-profile&utm_campaign=organic,2026-03-19,16.3,23.75,19.0,24.0,16.3,25.0,19.0,48.0,3.0,29,,,Bromley,True
https://snobe.co.uk/schools/st-philomenas-primary-school,141482,St Philomena's Primary School,Bromley,Chelsfield Road,Orpington,BR5 4DR,Primary,Roman Catholic,25.0,53,19.0,33.333333,252,51.382246,0.115508,St Philomena's Primary School,25.0,B-,Ofsted Good,http://www.st-philomenas.bromley.sch.uk?utm_source=snobe-co-uk&utm_medium=school-profile&utm_campaign=organic,2026-03-19,16.3,23.75,19.0,24.0,16.3,25.0,19.0,48.0,3.0,21,,,Bromley,True
https://snobe.co.uk/schools/st-philomenas-primary-school,141482,St Philomena's Primary School,Bromley,Chelsfield Road,Orpington,BR5 4DR,Primary,Roman Catholic,25.0,63,19.0,33.333333,217,51.382246,0.115508,St Philomena's Primary School,25.0,B-,Ofsted Good,http://www.st-philomenas.bromley.sch.uk?utm_source=snobe-co-uk&utm_medium=school-profile&utm_campaign=organic,2026-03-19,16.3,23.75,19.0,24.0,16.3,25.0,19.0,48.0,3.0,29,,,Bromley,True
https://snobe.co.uk/schools/st-philomenas-primary-school,141482,St Philomena's Primary School,Bromley,Chelsfield Road,Orpington,BR5 4DR,Primary,Roman Catholic,25.0,89,19.0,33.333333,297,51.382246,0.115508,St Philomena's Primary School,25.0,B-,Ofsted Good,http://www.st-philomenas.bromley.sch.uk?utm_source=snobe-co-uk&utm_medium=school-profile&utm_campaign=organic,2026-03-19,16.3,23.75,19.0,24.0,16.3,25.0,19.0,48.0,3.0,30,,,Bromley,True
https://snobe.co.uk/schools/st-philomenas-primary-school,141482,St Philomena's Primary School,Bromley,Chelsfield Road,Orpington,BR5 4DR,Primary,Roman Catholic,25.0,73,19.0,33.333333,243,51.382246,0.115508,St Philomena's Primary School,25.0,B-,Ofsted Good,http://www.st-philomenas.bromley.sch.uk?utm_source=snobe-co-uk&utm_medium=school-profile&utm_campaign=organic,2026-03-19,16.3,23.75,19.0,24.0,16.3,25.0,19.0,48.0,3.0,30,,,Bromley,True
https://snobe.co.uk/schools/st-philomenas-primary-school,141482,St Philomena's Primary School,Bromley,Chelsfield Road,Orpington,BR5 4DR,Primary,Roman Catholic,25.0,92,19.0,33.333333,307,51.382246,0.115508,St Philomena's Primary School,25.0,B-,Ofsted Good,http://www.st-philomenas.bromley.sch.uk?utm_source=snobe-co-uk&utm_medium=school-profile&utm_campaign=organic,2026-03-19,16.3,23.75,19.0,24.0,16.3,25.0,19.0,48.0,3.0,30,,,Bromley,True
https://snobe.co.uk/schools/la-sainte-union-catholic-secondary-school,100059,La Sainte Union Catholic Secondary School,Camden,Highgate Road,London,NW5 1RP,Secondary,Roman Catholic,32.0,132,21.0,15.909091,412,51.56,-0.149416,La Sainte Union Catholic Secondary School,32.0,C+,Ofsted Good,http://www.lasainteunion.org.uk/?utm_source=snobe-co-uk&utm_medium=school-profile&utm_campaign=organic,2026-03-19,34.9,30.4,21.0,31.0,34.9,32.0,21.0,71.0,8.0,32,,,Camden,True
https://snobe.co.uk/schools/la-sainte-union-catholic-secondary-school,100059,La Sainte Union Catholic Secondary School,Camden,Highgate Road,London,NW5 1RP,Secondary,Roman Catholic,32.0,180,21.0,15.909091,305,51.56,-0.149416,La Sainte Union Catholic Secondary School,32.0,C+,Ofsted Good,http://www.lasainteunion.org.uk/?utm_source=snobe-co-uk&utm_medium=school-profile&utm_campaign=organic,2026-03-19,34.9,30.4,21.0,31.0,34.9,32.0,21.0,71.0,8.0,59,,,Camden,True
https://snobe.co.uk/schools/la-sainte-union-catholic-secondary-school,100059,La Sainte Union Catholic Secondary School,Camden,Highgate Road,London,NW5 1RP,Secondary,Roman Catholic,32.0,187,21.0,15.909091,271,51.56,-0.149416,La Sainte Union Catholic Secondary School,32.0,C+,Ofsted Good,http://www.lasainteunion.org.uk/?utm_source=snobe-co-uk&utm_medium=school-profile&utm_campaign=organic,2026-03-19,34.9,30.4,21.0,31.0,34.9,32.0,21.0,71.0,8.0,69,,,Camden,True
https://snobe.co.uk/schools/la-sainte-union-catholic-secondary-school,100059,La Sainte Union Catholic Secondary School,Camden,Highgate Road,London,NW5 1RP,Secondary,Roman Catholic,32.0,239,21.0,15.909091,154,51.56,-0.149416,La Sainte Union Catholic Secondary School,32.0,C+,Ofsted Good,http://www.lasainteunion.org.uk/?utm_source=snobe-co-uk&utm_medium=school-profile&utm_campaign=organic,2026-03-19,34.9,30.4,21.0,31.0,34.9,32.0,21.0,71.0,8.0,155,,,Camden,True
https://snobe.co.uk/schools/la-sainte-union-catholic-secondary-school,100059,La Sainte Union Catholic Secondary School,Camden,Highgate Road,London,NW5 1RP,Secondary,Roman Catholic,32.0,262,21.0,15.909091,175,51.56,-0.149416,La Sainte Union Catholic Secondary School,32.0,C+,Ofsted Good,http://www.lasainteunion.org.uk/?utm_source=snobe-co-uk&utm_medium=school-profile&utm_campaign=organic,2026-03-19,34.9,30.4,21.0,31.0,34.9,32.0,21.0,71.0,8.0,150,,,Camden,True
https://snobe.co.uk/schools/la-sainte-union-catholic-secondary-school,100059,La Sainte Union Catholic Secondary School,Camden,Highgate Road,London,NW5 1RP,Secondary,Roman Catholic,32.0,354,21.0,15.909091,253,51.56,-0.149416,La Sainte Union Catholic Secondary School,32.0,C+,Ofsted Good,http://www.lasainteunion.org.uk/?utm_source=snobe-co-uk&utm_medium=school-profile&utm_campaign=organic,2026-03-19,34.9,30.4,21.0,31.0,34.9,32.0,21.0,71.0,8.0,140,,,Camden,True
https://snobe.co.uk/schools/la-sainte-union-catholic-secondary-school,100059,La Sainte Union Catholic Secondary School,Camden,Highgate Road,London,NW5 1RP,Secondary,Roman Catholic,32.0,418,21.0,15.909091,232,51.56,-0.149416,La Sainte Union Catholic Secondary School,32.0,C+,Ofsted Good,http://www.lasainteunion.org.uk/?utm_source=snobe-co-uk&utm_medium=school-profile&utm_campaign=organic,2026-03-19,34.9,30.4,21.0,31.0,34.9,32.0,21.0,71.0,8.0,180,,,Camden,True
https://snobe.co.uk/schools/la-sainte-union-catholic-secondary-school,100059,La Sainte Union Catholic Secondary School,Camden,Highgate Road,London,NW5 1RP,Secondary,Roman Catholic,32.0,437,21.0,15.909091,246,51.56,-0.149416,La Sainte Union Catholic Secondary School,32.0,C+,Ofsted Good,http://www.lasainteunion.org.uk/?utm_source=snobe-co-uk&utm_medium=school-profile&utm_campaign=organic,2026-03-19,34.9,30.4,21.0,31.0,34.9,32.0,21.0,71.0,8.0,178,,,Camden,True
https://snobe.co.uk/schools/la-sainte-union-catholic-secondary-school,100059,La Sainte Union Catholic Secondary School,Camden,Highgate Road,London,NW5 1RP,Secondary,Roman Catholic,32.0,507,21.0,15.909091,285,51.56,-0.149416,La Sainte Union Catholic Secondary School,32.0,C+,Ofsted Good,http://www.lasainteunion.org.uk/?utm_source=snobe-co-uk&utm_medium=school-profile&utm_campaign=organic,2026-03-19,34.9,30.4,21.0,31.0,34.9,32.0,21.0,71.0,8.0,178,,,Camden,True
https://snobe.co.uk/schools/la-sainte-union-catholic-secondary-school,100059,La Sainte Union Catholic Secondary School,Camden,Highgate Road,London,NW5 1RP,Secondary,Roman Catholic,32.0,441,21.0,15.909091,245,51.56,-0.149416,La Sainte Union Catholic Secondary School,32.0,C+,Ofsted Good,http://www.lasainteunion.org.uk/?utm_source=snobe-co-uk&utm_medium=school-profile&utm_campaign=organic,2026-03-19,34.9,30.4,21.0,31.0,34.9,32.0,21.0,71.0,8.0,180,,,Camden,True
https://snobe.co.uk/schools/la-sainte-union-catholic-secondary-school,100059,La Sainte Union Catholic Secondary School,Camden,Highgate Road,London,NW5 1RP,Secondary,Roman Catholic,32.0,442,21.0,15.909091,253,51.56,-0.149416,La Sainte Union Catholic Secondary School,32.0,C+,Ofsted Good,http://www.lasainteunion.org.uk/?utm_source=snobe-co-uk&utm_medium=school-profile&utm_campaign=organic,2026-03-19,34.9,30.4,21.0,31.0,34.9,32.0,21.0,71.0,8.0,175,,,Camden,True
https://snobe.co.uk/schools/la-sainte-union-catholic-secondary-school,100059,La Sainte Union Catholic Secondary School,Camden,Highgate Road,London,NW5 1RP,Secondary,Roman Catholic,32.0,522,21.0,15.909091,311,51.56,-0.149416,La Sainte Union Catholic Secondary School,32.0,C+,Ofsted Good,http://www.lasainteunion.org.uk/?utm_source=snobe-co-uk&utm_medium=school-profile&utm_campaign=organic,2026-03-19,34.9,30.4,21.0,31.0,34.9,32.0,21.0,71.0,8.0,168,,,Camden,True
https://snobe.co.uk/schools/maria-fidelis-catholic-school-fcj,100055,Maria Fidelis Catholic School FCJ,Camden,1 - 39 Drummond Crescent,London,NW1 1LY,Secondary,Roman Catholic,103.0,274,69.0,25.182482,266,51.529789,-0.133225,Maria Fidelis Catholic School FCJ,103.0,A-,Ofsted Good,http://www.mariafidelis.camden.sch.uk/?utm_source=snobe-co-uk&utm_medium=school-profile&utm_campaign=organic,2026-03-19,54.7,97.85,69.0,94.0,54.7,103.0,69.0,71.0,8.0,103,,,Camden,True
https://snobe.co.uk/schools/maria-fidelis-catholic-school-fcj,100055,Maria Fidelis Catholic School FCJ,Camden,1 - 39 Drummond Crescent,London,NW1 1LY,Secondary,Roman Catholic,103.0,356,69.0,25.182482,246,51.529789,-0.133225,Maria Fidelis Catholic School FCJ,103.0,A-,Ofsted Good,http://www.mariafidelis.camden.sch.uk/?utm_source=snobe-co-uk&utm_medium=school-profile&utm_campaign=organic,2026-03-19,54.7,97.85,69.0,94.0,54.7,103.0,69.0,71.0,8.0,145,,,Camden,True
https://snobe.co.uk/schools/maria-fidelis-catholic-school-fcj,100055,Maria Fidelis Catholic School FCJ,Camden,1 - 39 Drummond Crescent,London,NW1 1LY,Secondary,Roman Catholic,103.0,331,69.0,25.182482,251,51.529789,-0.133225,Maria Fidelis Catholic School FCJ,103.0,A-,Ofsted Good,http://www.mariafidelis.camden.sch.uk/?utm_source=snobe-co-uk&utm_medium=school-profile&utm_campaign=organic,2026-03-19,54.7,97.85,69.0,94.0,54.7,103.0,69.0,71.0,8.0,132,,,Camden,True
https://snobe.co.uk/schools/maria-fidelis-catholic-school-fcj,100055,Maria Fidelis Catholic School FCJ,Camden,1 - 39 Drummond Crescent,London,NW1 1LY,Secondary,Roman Catholic,103.0,331,69.0,25.182482,235,51.529789,-0.133225,Maria Fidelis Catholic School FCJ,103.0,A-,Ofsted Good,http://www.mariafidelis.camden.sch.uk/?utm_source=snobe-co-uk&utm_medium=school-profile&utm_campaign=organic,2026-03-19,54.7,97.85,69.0,94.0,54.7,103.0,69.0,71.0,8.0,141,,,Camden,True
https://snobe.co.uk/schools/maria-fidelis-catholic-school-fcj,100055,Maria Fidelis Catholic School FCJ,Camden,1 - 39 Drummond Crescent,London,NW1 1LY,Secondary,Roman Catholic,103.0,377,69.0,25.182482,256,51.529789,-0.133225,Maria Fidelis Catholic School FCJ,103.0,A-,Ofsted Good,http://www.mariafidelis.camden.sch.uk/?utm_source=snobe-co-uk&utm_medium=school-profile&utm_campaign=organic,2026-03-19,54.7,97.85,69.0,94.0,54.7,103.0,69.0,71.0,8.0,147,,,Camden,True
https://snobe.co.uk/schools/maria-fidelis-catholic-school-fcj,100055,Maria Fidelis Catholic School FCJ,Camden,1 - 39 Drummond Crescent,London,NW1 1LY,Secondary,Roman Catholic,103.0,371,69.0,25.182482,259,51.529789,-0.133225,Maria Fidelis Catholic School FCJ,103.0,A-,Ofsted Good,http://www.mariafidelis.camden.sch.uk/?utm_source=snobe-co-uk&utm_medium=school-profile&utm_campaign=organic,2026-03-19,54.7,97.85,69.0,94.0,54.7,103.0,69.0,71.0,8.0,143,,,Camden,True
https://snobe.co.uk/schools/maria-fidelis-catholic-school-fcj,100055,Maria Fidelis Catholic School FCJ,Camden,1 - 39 Drummond Crescent,London,NW1 1LY,Secondary,Roman Catholic,103.0,383,69.0,25.182482,268,51.529789,-0.133225,Maria Fidelis Catholic School FCJ,103.0,A-,Ofsted Good,http://www.mariafidelis.camden.sch.uk/?utm_source=snobe-co-uk&utm_medium=school-profile&utm_campaign=organic,2026-03-19,54.7,97.85,69.0,94.0,54.7,103.0,69.0,71.0,8.0,143,,,Camden,True
https://snobe.co.uk/schools/maria-fidelis-catholic-school-fcj,100055,Maria Fidelis Catholic School FCJ,Camden,1 - 39 Drummond Crescent,London,NW1 1LY,Secondary,Roman Catholic,103.0,340,69.0,25.182482,234,51.529789,-0.133225,Maria Fidelis Catholic School FCJ,103.0,A-,Ofsted Good,http://www.mariafidelis.camden.sch.uk/?utm_source=snobe-co-uk&utm_medium=school-profile&utm_campaign=organic,2026-03-19,54.7,97.85,69.0,94.0,54.7,103.0,69.0,71.0,8.0,145,,,Camden,True
https://snobe.co.uk/schools/maria-fidelis-catholic-school-fcj,100055,Maria Fidelis Catholic School FCJ,Camden,1 - 39 Drummond Crescent,London,NW1 1LY,Secondary,Roman Catholic,103.0,335,69.0,25.182482,236,51.529789,-0.133225,Maria Fidelis Catholic School FCJ,103.0,A-,Ofsted Good,http://www.mariafidelis.camden.sch.uk/?utm_source=snobe-co-uk&utm_medium=school-profile&utm_campaign=organic,2026-03-19,54.7,97.85,69.0,94.0,54.7,103.0,69.0,71.0,8.0,142,,,Camden,True
https://snobe.co.uk/schools/maria-fidelis-catholic-school-fcj,100055,Maria Fidelis Catholic School FCJ,Camden,1 - 39 Drummond Crescent,London,NW1 1LY,Secondary,Roman Catholic,103.0,375,69.0,25.182482,255,51.529789,-0.133225,Maria Fidelis Catholic School FCJ,103.0,A-,Ofsted Good,http://www.mariafidelis.camden.sch.uk/?utm_source=snobe-co-uk&utm_medium=school-profile&utm_campaign=organic,2026-03-19,54.7,97.85,69.0,94.0,54.7,103.0,69.0,71.0,8.0,147,,,Camden,True
https://snobe.co.uk/schools/maria-fidelis-catholic-school-fcj,100055,Maria Fidelis Catholic School FCJ,Camden,1 - 39 Drummond Crescent,London,NW1 1LY,Secondary,Roman Catholic,103.0,327,69.0,25.182482,250,51.529789,-0.133225,Maria Fidelis Catholic School FCJ,103.0,A-,Ofsted Good,http://www.mariafidelis.camden.sch.uk/?utm_source=snobe-co-uk&utm_medium=school-profile&utm_campaign=organic,2026-03-19,54.7,97.85,69.0,94.0,54.7,103.0,69.0,71.0,8.0,131,,,Camden,True
https://snobe.co.uk/schools/maria-fidelis-catholic-school-fcj,100055,Maria Fidelis Catholic School FCJ,Camden,1 - 39 Drummond Crescent,London,NW1 1LY,Secondary,Roman Catholic,103.0,378,69.0,25.182482,254,51.529789,-0.133225,Maria Fidelis Catholic School FCJ,103.0,A-,Ofsted Good,http://www.mariafidelis.camden.sch.uk/?utm_source=snobe-co-uk&utm_medium=school-profile&utm_campaign=organic,2026-03-19,54.7,97.85,69.0,94.0,54.7,103.0,69.0,71.0,8.0,149,,,Camden,True
https://snobe.co.uk/schools/our-lady-roman-catholic-primary-school,100048,Our Lady Roman Catholic Primary School,Camden,Pratt Street,London,NW1 0DP,Primary,Roman Catholic,30.0,52,25.0,48.076923,173,51.538867,-0.137453,Our Lady Roman Catholic Primary School,30.0,A+,Ofsted Outstanding,https://www.ourladys.camden.sch.uk/?utm_source=snobe-co-uk&utm_medium=school-profile&utm_campaign=organic,2026-03-19,70.2,28.5,25.0,25.0,70.2,30.0,25.0,71.0,8.0,30,,,Camden,True
https://snobe.co.uk/schools/our-lady-roman-catholic-primary-school,100048,Our Lady Roman Catholic Primary School,Camden,Pratt Street,London,NW1 0DP,Primary,Roman Catholic,30.0,51,25.0,48.076923,232,51.538867,-0.137453,Our Lady Roman Catholic Primary School,30.0,A+,Ofsted Outstanding,https://www.ourladys.camden.sch.uk/?utm_source=snobe-co-uk&utm_medium=school-profile&utm_campaign=organic,2026-03-19,70.2,28.5,25.0,25.0,70.2,30.0,25.0,71.0,8.0,22,,,Camden,True
https://snobe.co.uk/schools/our-lady-roman-catholic-primary-school,100048,Our Lady Roman Catholic Primary School,Camden,Pratt Street,London,NW1 0DP,Primary,Roman Catholic,30.0,59,25.0,48.076923,203,51.538867,-0.137453,Our Lady Roman Catholic Primary School,30.0,A+,Ofsted Outstanding,https://www.ourladys.camden.sch.uk/?utm_source=snobe-co-uk&utm_medium=school-profile&utm_campaign=organic,2026-03-19,70.2,28.5,25.0,25.0,70.2,30.0,25.0,71.0,8.0,29,,,Camden,True
https://snobe.co.uk/schools/our-lady-roman-catholic-primary-school,100048,Our Lady Roman Catholic Primary School,Camden,Pratt Street,London,NW1 0DP,Primary,Roman Catholic,30.0,65,25.0,48.076923,217,51.538867,-0.137453,Our Lady Roman Catholic Primary School,30.0,A+,Ofsted Outstanding,https://www.ourladys.camden.sch.uk/?utm_source=snobe-co-uk&utm_medium=school-profile&utm_campaign=organic,2026-03-19,70.2,28.5,25.0,25.0,70.2,30.0,25.0,71.0,8.0,30,,,Camden,True
https://snobe.co.uk/schools/our-lady-roman-catholic-primary-school,100048,Our Lady Roman Catholic Primary School,Camden,Pratt Street,London,NW1 0DP,Primary,Roman Catholic,30.0,40,25.0,48.076923,190,51.538867,-0.137453,Our Lady Roman Catholic Primary School,30.0,A+,Ofsted Outstanding,https://www.ourladys.camden.sch.uk/?utm_source=snobe-co-uk&utm_medium=school-profile&utm_campaign=organic,2026-03-19,70.2,28.5,25.0,25.0,70.2,30.0,25.0,71.0,8.0,21,,,Camden,True
https://snobe.co.uk/schools/our-lady-roman-catholic-primary-school,100048,Our Lady Roman Catholic Primary School,Camden,Pratt Street,London,NW1 0DP,Primary,Roman Catholic,30.0,42,25.0,48.076923,183,51.538867,-0.137453,Our Lady Roman Catholic Primary School,30.0,A+,Ofsted Outstanding,https://www.ourladys.camden.sch.uk/?utm_source=snobe-co-uk&utm_medium=school-profile&utm_campaign=organic,2026-03-19,70.2,28.5,25.0,25.0,70.2,30.0,25.0,71.0,8.0,23,,,Camden,True
https://snobe.co.uk/schools/our-lady-roman-catholic-primary-school,100048,Our Lady Roman Catholic Primary School,Camden,Pratt Street,London,NW1 0DP,Primary,Roman Catholic,30.0,52,25.0,48.076923,208,51.538867,-0.137453,Our Lady Roman Catholic Primary School,30.0,A+,Ofsted Outstanding,https://www.ourladys.camden.sch.uk/?utm_source=snobe-co-uk&utm_medium=school-profile&utm_campaign=organic,2026-03-19,70.2,28.5,25.0,25.0,70.2,30.0,25.0,71.0,8.0,25,,,Camden,True
https://snobe.co.uk/schools/our-lady-roman-catholic-primary-school,100048,Our Lady Roman Catholic Primary School,Camden,Pratt Street,London,NW1 0DP,Primary,Roman Catholic,30.0,49,25.0,48.076923,272,51.538867,-0.137453,Our Lady Roman Catholic Primary School,30.0,A+,Ofsted Outstanding,https://www.ourladys.camden.sch.uk/?utm_source=snobe-co-uk&utm_medium=school-profile&utm_campaign=organic,2026-03-19,70.2,28.5,25.0,25.0,70.2,30.0,25.0,71.0,8.0,18,,,Camden,True
https://snobe.co.uk/schools/our-lady-roman-catholic-primary-school,100048,Our Lady Roman Catholic Primary School,Camden,Pratt Street,London,NW1 0DP,Primary,Roman Catholic,30.0,51,25.0,48.076923,196,51.538867,-0.137453,Our Lady Roman Catholic Primary School,30.0,A+,Ofsted Outstanding,https://www.ourladys.camden.sch.uk/?utm_source=snobe-co-uk&utm_medium=school-profile&utm_campaign=organic,2026-03-19,70.2,28.5,25.0,25.0,70.2,30.0,25.0,71.0,8.0,26,,,Camden,True
https://snobe.co.uk/schools/our-lady-roman-catholic-primary-school,100048,Our Lady Roman Catholic Primary School,Camden,Pratt Street,London,NW1 0DP,Primary,Roman Catholic,30.0,55,25.0,48.076923,262,51.538867,-0.137453,Our Lady Roman Catholic Primary School,30.0,A+,Ofsted Outstanding,https://www.ourladys.camden.sch.uk/?utm_source=snobe-co-uk&utm_medium=school-profile&utm_campaign=organic,2026-03-19,70.2,28.5,25.0,25.0,70.2,30.0,25.0,71.0,8.0,21,,,Camden,True
https://snobe.co.uk/schools/our-lady-roman-catholic-primary-school,100048,Our Lady Roman Catholic Primary School,Camden,Pratt Street,London,NW1 0DP,Primary,Roman Catholic,30.0,50,25.0,48.076923,172,51.538867,-0.137453,Our Lady Roman Catholic Primary School,30.0,A+,Ofsted Outstanding,https://www.ourladys.camden.sch.uk/?utm_source=snobe-co-uk&utm_medium=school-profile&utm_campaign=organic,2026-03-19,70.2,28.5,25.0,25.0,70.2,30.0,25.0,71.0,8.0,29,,,Camden,True
https://snobe.co.uk/schools/our-lady-roman-catholic-primary-school,100048,Our Lady Roman Catholic Primary School,Camden,Pratt Street,London,NW1 0DP,Primary,Roman Catholic,30.0,67,25.0,48.076923,258,51.538867,-0.137453,Our Lady Roman Catholic Primary School,30.0,A+,Ofsted Outstanding,https://www.ourladys.camden.sch.uk/?utm_source=snobe-co-uk&utm_medium=school-profile&utm_campaign=organic,2026-03-19,70.2,28.5,25.0,25.0,70.2,30.0,25.0,71.0,8.0,26,,,Camden,True
https://snobe.co.uk/schools/rosary-catholic-primary-school-2,100035,Rosary Catholic Primary School,Camden,238 Haverstock Hill,London,NW3 2AE,Primary,Roman Catholic,46.0,97,38.0,39.175258,211,51.55162,-0.166055,Rosary Catholic Primary School,46.0,A+,Ofsted Good,http://www.rosary.camden.sch.uk/?utm_source=snobe-co-uk&utm_medium=school-profile&utm_campaign=organic,2026-03-19,41.0,43.7,38.0,46.0,41.0,46.0,38.0,71.0,8.0,46,,,Camden,True
https://snobe.co.uk/schools/rosary-catholic-primary-school-2,100035,Rosary Catholic Primary School,Camden,238 Haverstock Hill,London,NW3 2AE,Primary,Roman Catholic,46.0,99,38.0,39.175258,220,51.55162,-0.166055,Rosary Catholic Primary School,46.0,A+,Ofsted Good,http://www.rosary.camden.sch.uk/?utm_source=snobe-co-uk&utm_medium=school-profile&utm_campaign=organic,2026-03-19,41.0,43.7,38.0,46.0,41.0,46.0,38.0,71.0,8.0,45,,,Camden,True
https://snobe.co.uk/schools/rosary-catholic-primary-school-2,100035,Rosary Catholic Primary School,Camden,238 Haverstock Hill,London,NW3 2AE,Primary,Roman Catholic,46.0,98,38.0,39.175258,223,51.55162,-0.166055,Rosary Catholic Primary School,46.0,A+,Ofsted Good,http://www.rosary.camden.sch.uk/?utm_source=snobe-co-uk&utm_medium=school-profile&utm_campaign=organic,2026-03-19,41.0,43.7,38.0,46.0,41.0,46.0,38.0,71.0,8.0,44,,,Camden,True
https://snobe.co.uk/schools/rosary-catholic-primary-school-2,100035,Rosary Catholic Primary School,Camden,238 Haverstock Hill,London,NW3 2AE,Primary,Roman Catholic,46.0,101,38.0,39.175258,230,51.55162,-0.166055,Rosary Catholic Primary School,46.0,A+,Ofsted Good,http://www.rosary.camden.sch.uk/?utm_source=snobe-co-uk&utm_medium=school-profile&utm_campaign=organic,2026-03-19,41.0,43.7,38.0,46.0,41.0,46.0,38.0,71.0,8.0,44,,,Camden,True
https://snobe.co.uk/schools/rosary-catholic-primary-school-2,100035,Rosary Catholic Primary School,Camden,238 Haverstock Hill,London,NW3 2AE,Primary,Roman Catholic,46.0,100,38.0,39.175258,250,51.55162,-0.166055,Rosary Catholic Primary School,46.0,A+,Ofsted Good,http://www.rosary.camden.sch.uk/?utm_source=snobe-co-uk&utm_medium=school-profile&utm_campaign=organic,2026-03-19,41.0,43.7,38.0,46.0,41.0,46.0,38.0,71.0,8.0,40,,,Camden,True
https://snobe.co.uk/schools/rosary-catholic-primary-school-2,100035,Rosary Catholic Primary School,Camden,238 Haverstock Hill,London,NW3 2AE,Primary,Roman Catholic,46.0,109,38.0,39.175258,242,51.55162,-0.166055,Rosary Catholic Primary School,46.0,A+,Ofsted Good,http://www.rosary.camden.sch.uk/?utm_source=snobe-co-uk&utm_medium=school-profile&utm_campaign=organic,2026-03-19,41.0,43.7,38.0,46.0,41.0,46.0,38.0,71.0,8.0,45,,,Camden,True
https://snobe.co.uk/schools/rosary-catholic-primary-school-2,100035,Rosary Catholic Primary School,Camden,238 Haverstock Hill,London,NW3 2AE,Primary,Roman Catholic,46.0,91,38.0,39.175258,207,51.55162,-0.166055,Rosary Catholic Primary School,46.0,A+,Ofsted Good,http://www.rosary.camden.sch.uk/?utm_source=snobe-co-uk&utm_medium=school-profile&utm_campaign=organic,2026-03-19,41.0,43.7,38.0,46.0,41.0,46.0,38.0,71.0,8.0,44,,,Camden,True
https://snobe.co.uk/schools/rosary-catholic-primary-school-2,100035,Rosary Catholic Primary School,Camden,238 Haverstock Hill,London,NW3 2AE,Primary,Roman Catholic,46.0,115,38.0,39.175258,256,51.55162,-0.166055,Rosary Catholic Primary School,46.0,A+,Ofsted Good,http://www.rosary.camden.sch.uk/?utm_source=snobe-co-uk&utm_medium=school-profile&utm_campaign=organic,2026-03-19,41.0,43.7,38.0,46.0,41.0,46.0,38.0,71.0,8.0,45,,,Camden,True
https://snobe.co.uk/schools/rosary-catholic-primary-school-2,100035,Rosary Catholic Primary School,Camden,238 Haverstock Hill,London,NW3 2AE,Primary,Roman Catholic,46.0,125,38.0,39.175258,278,51.55162,-0.166055,Rosary Catholic Primary School,46.0,A+,Ofsted Good,http://www.rosary.camden.sch.uk/?utm_source=snobe-co-uk&utm_medium=school-profile&utm_campaign=organic,2026-03-19,41.0,43.7,38.0,46.0,41.0,46.0,38.0,71.0,8.0,45,,,Camden,True
https://snobe.co.uk/schools/rosary-catholic-primary-school-2,100035,Rosary Catholic Primary School,Camden,238 Haverstock Hill,London,NW3 2AE,Primary,Roman Catholic,46.0,118,38.0,39.175258,262,51.55162,-0.166055,Rosary Catholic Primary School,46.0,A+,Ofsted Good,http://www.rosary.camden.sch.uk/?utm_source=snobe-co-uk&utm_medium=school-profile&utm_campaign=organic,2026-03-19,41.0,43.7,38.0,46.0,41.0,46.0,38.0,71.0,8.0,45,,,Camden,True
https://snobe.co.uk/schools/rosary-catholic-primary-school-2,100035,Rosary Catholic Primary School,Camden,238 Haverstock Hill,London,NW3 2AE,Primary,Roman Catholic,46.0,141,38.0,39.175258,313,51.55162,-0.166055,Rosary Catholic Primary School,46.0,A+,Ofsted Good,http://www.rosary.camden.sch.uk/?utm_source=snobe-co-uk&utm_medium=school-profile&utm_campaign=organic,2026-03-19,41.0,43.7,38.0,46.0,41.0,46.0,38.0,71.0,8.0,45,,,Camden,True
https://snobe.co.uk/schools/rosary-catholic-primary-school-2,100035,Rosary Catholic Primary School,Camden,238 Haverstock Hill,London,NW3 2AE,Primary,Roman Catholic,46.0,149,38.0,39.175258,339,51.55162,-0.166055,Rosary Catholic Primary School,46.0,A+,Ofsted Good,http://www.rosary.camden.sch.uk/?utm_source=snobe-co-uk&utm_medium=school-profile&utm_campaign=organic,2026-03-19,41.0,43.7,38.0,46.0,41.0,46.0,38.0,71.0,8.0,44,,,Camden,True
https://snobe.co.uk/schools/st-eugene-de-mazenod-roman-catholic-primary-school,100047,St Eugene de Mazenod Roman Catholic Primary School,Camden,Mazenod Avenue,London,NW6 4LS,Primary,Roman Catholic,30.0,77,19.0,24.675325,257,51.54097,-0.193725,St Eugene de Mazenod Roman Catholic Primary School,30.0,A+,Ofsted Outstanding,http://www.steugene.camden.sch.uk/?utm_source=snobe-co-uk&utm_medium=school-profile&utm_campaign=organic,2026-03-19,45.4,28.5,19.0,27.0,45.4,30.0,19.0,71.0,8.0,30,,,Camden,True
https://snobe.co.uk/schools/st-eugene-de-mazenod-roman-catholic-primary-school,100047,St Eugene de Mazenod Roman Catholic Primary School,Camden,Mazenod Avenue,London,NW6 4LS,Primary,Roman Catholic,30.0,87,19.0,24.675325,290,51.54097,-0.193725,St Eugene de Mazenod Roman Catholic Primary School,30.0,A+,Ofsted Outstanding,http://www.steugene.camden.sch.uk/?utm_source=snobe-co-uk&utm_medium=school-profile&utm_campaign=organic,2026-03-19,45.4,28.5,19.0,27.0,45.4,30.0,19.0,71.0,8.0,30,,,Camden,True
https://snobe.co.uk/schools/st-eugene-de-mazenod-roman-catholic-primary-school,100047,St Eugene de Mazenod Roman Catholic Primary School,Camden,Mazenod Avenue,London,NW6 4LS,Primary,Roman Catholic,30.0,77,19.0,24.675325,257,51.54097,-0.193725,St Eugene de Mazenod Roman Catholic Primary School,30.0,A+,Ofsted Outstanding,http://www.steugene.camden.sch.uk/?utm_source=snobe-co-uk&utm_medium=school-profile&utm_campaign=organic,2026-03-19,45.4,28.5,19.0,27.0,45.4,30.0,19.0,71.0,8.0,30,,,Camden,True
https://snobe.co.uk/schools/st-eugene-de-mazenod-roman-catholic-primary-school,100047,St Eugene de Mazenod Roman Catholic Primary School,Camden,Mazenod Avenue,London,NW6 4LS,Primary,Roman Catholic,30.0,76,19.0,24.675325,253,51.54097,-0.193725,St Eugene de Mazenod Roman Catholic Primary School,30.0,A+,Ofsted Outstanding,http://www.steugene.camden.sch.uk/?utm_source=snobe-co-uk&utm_medium=school-profile&utm_campaign=organic,2026-03-19,45.4,28.5,19.0,27.0,45.4,30.0,19.0,71.0,8.0,30,,,Camden,True
https://snobe.co.uk/schools/st-eugene-de-mazenod-roman-catholic-primary-school,100047,St Eugene de Mazenod Roman Catholic Primary School,Camden,Mazenod Avenue,London,NW6 4LS,Primary,Roman Catholic,30.0,104,19.0,24.675325,347,51.54097,-0.193725,St Eugene de Mazenod Roman Catholic Primary School,30.0,A+,Ofsted Outstanding,http://www.steugene.camden.sch.uk/?utm_source=snobe-co-uk&utm_medium=school-profile&utm_campaign=organic,2026-03-19,45.4,28.5,19.0,27.0,45.4,30.0,19.0,71.0,8.0,30,,,Camden,True
https://snobe.co.uk/schools/st-eugene-de-mazenod-roman-catholic-primary-school,100047,St Eugene de Mazenod Roman Catholic Primary School,Camden,Mazenod Avenue,London,NW6 4LS,Primary,Roman Catholic,30.0,123,19.0,24.675325,410,51.54097,-0.193725,St Eugene de Mazenod Roman Catholic Primary School,30.0,A+,Ofsted Outstanding,http://www.steugene.camden.sch.uk/?utm_source=snobe-co-uk&utm_medium=school-profile&utm_campaign=organic,2026-03-19,45.4,28.5,19.0,27.0,45.4,30.0,19.0,71.0,8.0,30,,,Camden,True
https://snobe.co.uk/schools/st-eugene-de-mazenod-roman-catholic-primary-school,100047,St Eugene de Mazenod Roman Catholic Primary School,Camden,Mazenod Avenue,London,NW6 4LS,Primary,Roman Catholic,30.0,124,19.0,24.675325,413,51.54097,-0.193725,St Eugene de Mazenod Roman Catholic Primary School,30.0,A+,Ofsted Outstanding,http://www.steugene.camden.sch.uk/?utm_source=snobe-co-uk&utm_medium=school-profile&utm_campaign=organic,2026-03-19,45.4,28.5,19.0,27.0,45.4,30.0,19.0,71.0,8.0,30,,,Camden,True
https://snobe.co.uk/schools/st-eugene-de-mazenod-roman-catholic-primary-school,100047,St Eugene de Mazenod Roman Catholic Primary School,Camden,Mazenod Avenue,London,NW6 4LS,Primary,Roman Catholic,30.0,110,19.0,24.675325,367,51.54097,-0.193725,St Eugene de Mazenod Roman Catholic Primary School,30.0,A+,Ofsted Outstanding,http://www.steugene.camden.sch.uk/?utm_source=snobe-co-uk&utm_medium=school-profile&utm_campaign=organic,2026-03-19,45.4,28.5,19.0,27.0,45.4,30.0,19.0,71.0,8.0,30,,,Camden,True
https://snobe.co.uk/schools/st-eugene-de-mazenod-roman-catholic-primary-school,100047,St Eugene de Mazenod Roman Catholic Primary School,Camden,Mazenod Avenue,London,NW6 4LS,Primary,Roman Catholic,30.0,95,19.0,24.675325,328,51.54097,-0.193725,St Eugene de Mazenod Roman Catholic Primary School,30.0,A+,Ofsted Outstanding,http://www.steugene.camden.sch.uk/?utm_source=snobe-co-uk&utm_medium=school-profile&utm_campaign=organic,2026-03-19,45.4,28.5,19.0,27.0,45.4,30.0,19.0,71.0,8.0,29,,,Camden,True
https://snobe.co.uk/schools/st-eugene-de-mazenod-roman-catholic-primary-school,100047,St Eugene de Mazenod Roman Catholic Primary School,Camden,Mazenod Avenue,London,NW6 4LS,Primary,Roman Catholic,30.0,109,19.0,24.675325,389,51.54097,-0.193725,St Eugene de Mazenod Roman Catholic Primary School,30.0,A+,Ofsted Outstanding,http://www.steugene.camden.sch.uk/?utm_source=snobe-co-uk&utm_medium=school-profile&utm_campaign=organic,2026-03-19,45.4,28.5,19.0,27.0,45.4,30.0,19.0,71.0,8.0,28,,,Camden,True
https://snobe.co.uk/schools/st-eugene-de-mazenod-roman-catholic-primary-school,100047,St Eugene de Mazenod Roman Catholic Primary School,Camden,Mazenod Avenue,London,NW6 4LS,Primary,Roman Catholic,30.0,138,19.0,24.675325,460,51.54097,-0.193725,St Eugene de Mazenod Roman Catholic Primary School,30.0,A+,Ofsted Outstanding,http://www.steugene.camden.sch.uk/?utm_source=snobe-co-uk&utm_medium=school-profile&utm_campaign=organic,2026-03-19,45.4,28.5,19.0,27.0,45.4,30.0,19.0,71.0,8.0,30,,,Camden,True
https://snobe.co.uk/schools/st-eugene-de-mazenod-roman-catholic-primary-school,100047,St Eugene de Mazenod Roman Catholic Primary School,Camden,Mazenod Avenue,London,NW6 4LS,Primary,Roman Catholic,30.0,132,19.0,24.675325,455,51.54097,-0.193725,St Eugene de Mazenod Roman Catholic Primary School,30.0,A+,Ofsted Outstanding,http://www.steugene.camden.sch.uk/?utm_source=snobe-co-uk&utm_medium=school-profile&utm_campaign=organic,2026-03-19,45.4,28.5,19.0,27.0,45.4,30.0,19.0,71.0,8.0,29,,,Camden,True
https://snobe.co.uk/schools/st-marys-school-hampstead,100067,"St Mary's School, Hampstead",Camden,47 Fitzjohn's Avenue,,NW3 6PG,Not applicable,Roman Catholic,,0,,,0,51.550538,-0.176296,"St Mary's School, Hampstead",210.0,A+,Ofsted Outstanding,http://www.stmh.co.uk/?utm_source=snobe-co-uk&utm_medium=school-profile&utm_campaign=organic,2026-03-19,25.0,291.65,0.0,,,,,71.0,8.0,0,,,,False
https://snobe.co.uk/schools/st-patricks-catholic-primary-school,100045,St Patrick's Catholic Primary School,Camden,Holmes Road,London,NW5 3AH,Primary,Roman Catholic,30.0,20,9.0,45.0,67,51.549203,-0.142786,St Patrick's Catholic Primary School,30.0,A+,Ofsted Good,http://www.stpatricks.camden.sch.uk/?utm_source=snobe-co-uk&utm_medium=school-profile&utm_campaign=organic,2026-03-19,64.6,28.5,9.0,9.0,64.6,30.0,9.0,71.0,8.0,30,,,Camden,True
https://snobe.co.uk/schools/st-patricks-catholic-primary-school,100045,St Patrick's Catholic Primary School,Camden,Holmes Road,London,NW5 3AH,Primary,Roman Catholic,30.0,42,9.0,45.0,183,51.549203,-0.142786,St Patrick's Catholic Primary School,30.0,A+,Ofsted Good,http://www.stpatricks.camden.sch.uk/?utm_source=snobe-co-uk&utm_medium=school-profile&utm_campaign=organic,2026-03-19,64.6,28.5,9.0,9.0,64.6,30.0,9.0,71.0,8.0,23,,,Camden,True
https://snobe.co.uk/schools/st-patricks-catholic-primary-school,100045,St Patrick's Catholic Primary School,Camden,Holmes Road,London,NW5 3AH,Primary,Roman Catholic,30.0,35,9.0,45.0,219,51.549203,-0.142786,St Patrick's Catholic Primary School,30.0,A+,Ofsted Good,http://www.stpatricks.camden.sch.uk/?utm_source=snobe-co-uk&utm_medium=school-profile&utm_campaign=organic,2026-03-19,64.6,28.5,9.0,9.0,64.6,30.0,9.0,71.0,8.0,16,,,Camden,True
https://snobe.co.uk/schools/st-patricks-catholic-primary-school,100045,St Patrick's Catholic Primary School,Camden,Holmes Road,London,NW5 3AH,Primary,Roman Catholic,30.0,49,9.0,45.0,258,51.549203,-0.142786,St Patrick's Catholic Primary School,30.0,A+,Ofsted Good,http://www.stpatricks.camden.sch.uk/?utm_source=snobe-co-uk&utm_medium=school-profile&utm_campaign=organic,2026-03-19,64.6,28.5,9.0,9.0,64.6,30.0,9.0,71.0,8.0,19,,,Camden,True
https://snobe.co.uk/schools/st-patricks-catholic-primary-school,100045,St Patrick's Catholic Primary School,Camden,Holmes Road,London,NW5 3AH,Primary,Roman Catholic,30.0,35,9.0,45.0,117,51.549203,-0.142786,St Patrick's Catholic Primary School,30.0,A+,Ofsted Good,http://www.stpatricks.camden.sch.uk/?utm_source=snobe-co-uk&utm_medium=school-profile&utm_campaign=organic,2026-03-19,64.6,28.5,9.0,9.0,64.6,30.0,9.0,71.0,8.0,30,,,Camden,True
https://snobe.co.uk/schools/st-patricks-catholic-primary-school,100045,St Patrick's Catholic Primary School,Camden,Holmes Road,London,NW5 3AH,Primary,Roman Catholic,30.0,58,9.0,45.0,200,51.549203,-0.142786,St Patrick's Catholic Primary School,30.0,A+,Ofsted Good,http://www.stpatricks.camden.sch.uk/?utm_source=snobe-co-uk&utm_medium=school-profile&utm_campaign=organic,2026-03-19,64.6,28.5,9.0,9.0,64.6,30.0,9.0,71.0,8.0,29,,,Camden,True
https://snobe.co.uk/schools/st-patricks-catholic-primary-school,100045,St Patrick's Catholic Primary School,Camden,Holmes Road,London,NW5 3AH,Primary,Roman Catholic,30.0,60,9.0,45.0,200,51.549203,-0.142786,St Patrick's Catholic Primary School,30.0,A+,Ofsted Good,http://www.stpatricks.camden.sch.uk/?utm_source=snobe-co-uk&utm_medium=school-profile&utm_campaign=organic,2026-03-19,64.6,28.5,9.0,9.0,64.6,30.0,9.0,71.0,8.0,30,,,Camden,True
https://snobe.co.uk/schools/st-patricks-catholic-primary-school,100045,St Patrick's Catholic Primary School,Camden,Holmes Road,London,NW5 3AH,Primary,Roman Catholic,30.0,59,9.0,45.0,219,51.549203,-0.142786,St Patrick's Catholic Primary School,30.0,A+,Ofsted Good,http://www.stpatricks.camden.sch.uk/?utm_source=snobe-co-uk&utm_medium=school-profile&utm_campaign=organic,2026-03-19,64.6,28.5,9.0,9.0,64.6,30.0,9.0,71.0,8.0,27,,,Camden,True
https://snobe.co.uk/schools/st-patricks-catholic-primary-school,100045,St Patrick's Catholic Primary School,Camden,Holmes Road,London,NW5 3AH,Primary,Roman Catholic,30.0,72,9.0,45.0,240,51.549203,-0.142786,St Patrick's Catholic Primary School,30.0,A+,Ofsted Good,http://www.stpatricks.camden.sch.uk/?utm_source=snobe-co-uk&utm_medium=school-profile&utm_campaign=organic,2026-03-19,64.6,28.5,9.0,9.0,64.6,30.0,9.0,71.0,8.0,30,,,Camden,True
https://snobe.co.uk/schools/st-patricks-catholic-primary-school,100045,St Patrick's Catholic Primary School,Camden,Holmes Road,London,NW5 3AH,Primary,Roman Catholic,30.0,62,9.0,45.0,214,51.549203,-0.142786,St Patrick's Catholic Primary School,30.0,A+,Ofsted Good,http://www.stpatricks.camden.sch.uk/?utm_source=snobe-co-uk&utm_medium=school-profile&utm_campaign=organic,2026-03-19,64.6,28.5,9.0,9.0,64.6,30.0,9.0,71.0,8.0,29,,,Camden,True
https://snobe.co.uk/schools/st-patricks-catholic-primary-school,100045,St Patrick's Catholic Primary School,Camden,Holmes Road,London,NW5 3AH,Primary,Roman Catholic,30.0,84,9.0,45.0,290,51.549203,-0.142786,St Patrick's Catholic Primary School,30.0,A+,Ofsted Good,http://www.stpatricks.camden.sch.uk/?utm_source=snobe-co-uk&utm_medium=school-profile&utm_campaign=organic,2026-03-19,64.6,28.5,9.0,9.0,64.6,30.0,9.0,71.0,8.0,29,,,Camden,True
https://snobe.co.uk/schools/st-patricks-catholic-primary-school,100045,St Patrick's Catholic Primary School,Camden,Holmes Road,London,NW5 3AH,Primary,Roman Catholic,30.0,81,9.0,45.0,270,51.549203,-0.142786,St Patrick's Catholic Primary School,30.0,A+,Ofsted Good,http://www.stpatricks.camden.sch.uk/?utm_source=snobe-co-uk&utm_medium=school-profile&utm_campaign=organic,2026-03-19,64.6,28.5,9.0,9.0,64.6,30.0,9.0,71.0,8.0,30,,,Camden,True
https://snobe.co.uk/schools/cavendish-school,100066,The Cavendish School,Camden,31 Inverness Street,London,NW1 7HB,Not applicable,Roman Catholic,,0,,,0,51.539292,-0.144978,The Cavendish School,210.0,A+,Ofsted Outstanding,http://www.cavendish-school.co.uk/?utm_source=snobe-co-uk&utm_medium=school-profile&utm_campaign=organic,2026-03-19,25.0,262.2,0.0,,,,,71.0,8.0,0,,,,False
https://snobe.co.uk/schools/coloma-convent-girls-school,101823,Coloma Convent Girls' School,Croydon,Upper Shirley Road,Croydon,CR9 5AS,Secondary,Roman Catholic,165.0,542,106.0,26.97201,310,51.369328,-0.05291,Coloma Convent Girls' School,175.0,B-,Ofsted Outstanding,http://www.coloma.croydon.sch.uk/?utm_source=snobe-co-uk&utm_medium=school-profile&utm_campaign=organic,2026-03-19,9.8,156.75,133.0,175.0,9.8,175.0,133.0,70.0,7.0,175,,,Croydon,True
https://snobe.co.uk/schools/coloma-convent-girls-school,101823,Coloma Convent Girls' School,Croydon,Upper Shirley Road,Croydon,CR9 5AS,Secondary,Roman Catholic,165.0,629,106.0,26.97201,406,51.369328,-0.05291,Coloma Convent Girls' School,175.0,B-,Ofsted Outstanding,http://www.coloma.croydon.sch.uk/?utm_source=snobe-co-uk&utm_medium=school-profile&utm_campaign=organic,2026-03-19,9.8,156.75,133.0,175.0,9.8,175.0,133.0,70.0,7.0,155,,,Croydon,True
https://snobe.co.uk/schools/coloma-convent-girls-school,101823,Coloma Convent Girls' School,Croydon,Upper Shirley Road,Croydon,CR9 5AS,Secondary,Roman Catholic,165.0,741,106.0,26.97201,478,51.369328,-0.05291,Coloma Convent Girls' School,175.0,B-,Ofsted Outstanding,http://www.coloma.croydon.sch.uk/?utm_source=snobe-co-uk&utm_medium=school-profile&utm_campaign=organic,2026-03-19,9.8,156.75,133.0,175.0,9.8,175.0,133.0,70.0,7.0,155,,,Croydon,True
https://snobe.co.uk/schools/coloma-convent-girls-school,101823,Coloma Convent Girls' School,Croydon,Upper Shirley Road,Croydon,CR9 5AS,Secondary,Roman Catholic,165.0,786,106.0,26.97201,507,51.369328,-0.05291,Coloma Convent Girls' School,175.0,B-,Ofsted Outstanding,http://www.coloma.croydon.sch.uk/?utm_source=snobe-co-uk&utm_medium=school-profile&utm_campaign=organic,2026-03-19,9.8,156.75,133.0,175.0,9.8,175.0,133.0,70.0,7.0,155,,,Croydon,True
https://snobe.co.uk/schools/coloma-convent-girls-school,101823,Coloma Convent Girls' School,Croydon,Upper Shirley Road,Croydon,CR9 5AS,Secondary,Roman Catholic,165.0,804,106.0,26.97201,487,51.369328,-0.05291,Coloma Convent Girls' School,175.0,B-,Ofsted Outstanding,http://www.coloma.croydon.sch.uk/?utm_source=snobe-co-uk&utm_medium=school-profile&utm_campaign=organic,2026-03-19,9.8,156.75,133.0,175.0,9.8,175.0,133.0,70.0,7.0,165,,,Croydon,True
https://snobe.co.uk/schools/coloma-convent-girls-school,101823,Coloma Convent Girls' School,Croydon,Upper Shirley Road,Croydon,CR9 5AS,Secondary,Roman Catholic,165.0,729,106.0,26.97201,405,51.369328,-0.05291,Coloma Convent Girls' School,175.0,B-,Ofsted Outstanding,http://www.coloma.croydon.sch.uk/?utm_source=snobe-co-uk&utm_medium=school-profile&utm_campaign=organic,2026-03-19,9.8,156.75,133.0,175.0,9.8,175.0,133.0,70.0,7.0,180,,,Croydon,True
https://snobe.co.uk/schools/coloma-convent-girls-school,101823,Coloma Convent Girls' School,Croydon,Upper Shirley Road,Croydon,CR9 5AS,Secondary,Roman Catholic,165.0,777,106.0,26.97201,529,51.369328,-0.05291,Coloma Convent Girls' School,175.0,B-,Ofsted Outstanding,http://www.coloma.croydon.sch.uk/?utm_source=snobe-co-uk&utm_medium=school-profile&utm_campaign=organic,2026-03-19,9.8,156.75,133.0,175.0,9.8,175.0,133.0,70.0,7.0,147,,,Croydon,True
https://snobe.co.uk/schools/coloma-convent-girls-school,101823,Coloma Convent Girls' School,Croydon,Upper Shirley Road,Croydon,CR9 5AS,Secondary,Roman Catholic,165.0,741,106.0,26.97201,494,51.369328,-0.05291,Coloma Convent Girls' School,175.0,B-,Ofsted Outstanding,http://www.coloma.croydon.sch.uk/?utm_source=snobe-co-uk&utm_medium=school-profile&utm_campaign=organic,2026-03-19,9.8,156.75,133.0,175.0,9.8,175.0,133.0,70.0,7.0,150,,,Croydon,True
https://snobe.co.uk/schools/coloma-convent-girls-school,101823,Coloma Convent Girls' School,Croydon,Upper Shirley Road,Croydon,CR9 5AS,Secondary,Roman Catholic,165.0,726,106.0,26.97201,487,51.369328,-0.05291,Coloma Convent Girls' School,175.0,B-,Ofsted Outstanding,http://www.coloma.croydon.sch.uk/?utm_source=snobe-co-uk&utm_medium=school-profile&utm_campaign=organic,2026-03-19,9.8,156.75,133.0,175.0,9.8,175.0,133.0,70.0,7.0,149,,,Croydon,True
https://snobe.co.uk/schools/good-shepherd-catholic-primary-and-nursery-school,142587,Good Shepherd Catholic Primary and Nursery School,Croydon,Dunley Drive,Croydon,CR0 0RG,Primary,Roman Catholic,19.0,42,19.0,45.238095,221,51.352799,-0.020664,Good Shepherd Catholic Primary and Nursery School,19.0,A-,Ofsted Good,http://www.goodshepherdprimaryschool.co.uk/?utm_source=snobe-co-uk&utm_medium=school-profile&utm_campaign=organic,2026-03-19,25.0,18.05,19.0,19.0,25.0,19.0,19.0,70.0,7.0,19,,,Croydon,True
https://snobe.co.uk/schools/good-shepherd-catholic-primary-and-nursery-school,142587,Good Shepherd Catholic Primary and Nursery School,Croydon,Dunley Drive,Croydon,CR0 0RG,Primary,Roman Catholic,19.0,40,19.0,45.238095,286,51.352799,-0.020664,Good Shepherd Catholic Primary and Nursery School,19.0,A-,Ofsted Good,http://www.goodshepherdprimaryschool.co.uk/?utm_source=snobe-co-uk&utm_medium=school-profile&utm_campaign=organic,2026-03-19,25.0,18.05,19.0,19.0,25.0,19.0,19.0,70.0,7.0,14,,,Croydon,True
https://snobe.co.uk/schools/good-shepherd-catholic-primary-and-nursery-school,142587,Good Shepherd Catholic Primary and Nursery School,Croydon,Dunley Drive,Croydon,CR0 0RG,Primary,Roman Catholic,19.0,48,19.0,45.238095,282,51.352799,-0.020664,Good Shepherd Catholic Primary and Nursery School,19.0,A-,Ofsted Good,http://www.goodshepherdprimaryschool.co.uk/?utm_source=snobe-co-uk&utm_medium=school-profile&utm_campaign=organic,2026-03-19,25.0,18.05,19.0,19.0,25.0,19.0,19.0,70.0,7.0,17,,,Croydon,True
https://snobe.co.uk/schools/good-shepherd-catholic-primary-and-nursery-school,142587,Good Shepherd Catholic Primary and Nursery School,Croydon,Dunley Drive,Croydon,CR0 0RG,Primary,Roman Catholic,19.0,52,19.0,45.238095,217,51.352799,-0.020664,Good Shepherd Catholic Primary and Nursery School,19.0,A-,Ofsted Good,http://www.goodshepherdprimaryschool.co.uk/?utm_source=snobe-co-uk&utm_medium=school-profile&utm_campaign=organic,2026-03-19,25.0,18.05,19.0,19.0,25.0,19.0,19.0,70.0,7.0,24,,,Croydon,True
https://snobe.co.uk/schools/good-shepherd-catholic-primary-and-nursery-school,142587,Good Shepherd Catholic Primary and Nursery School,Croydon,Dunley Drive,Croydon,CR0 0RG,Primary,Roman Catholic,19.0,54,19.0,45.238095,208,51.352799,-0.020664,Good Shepherd Catholic Primary and Nursery School,19.0,A-,Ofsted Good,http://www.goodshepherdprimaryschool.co.uk/?utm_source=snobe-co-uk&utm_medium=school-profile&utm_campaign=organic,2026-03-19,25.0,18.05,19.0,19.0,25.0,19.0,19.0,70.0,7.0,26,,,Croydon,True
https://snobe.co.uk/schools/good-shepherd-catholic-primary-and-nursery-school,142587,Good Shepherd Catholic Primary and Nursery School,Croydon,Dunley Drive,Croydon,CR0 0RG,Primary,Roman Catholic,19.0,67,19.0,45.238095,223,51.352799,-0.020664,Good Shepherd Catholic Primary and Nursery School,19.0,A-,Ofsted Good,http://www.goodshepherdprimaryschool.co.uk/?utm_source=snobe-co-uk&utm_medium=school-profile&utm_campaign=organic,2026-03-19,25.0,18.05,19.0,19.0,25.0,19.0,19.0,70.0,7.0,30,,,Croydon,True
https://snobe.co.uk/schools/good-shepherd-catholic-primary-and-nursery-school,142587,Good Shepherd Catholic Primary and Nursery School,Croydon,Dunley Drive,Croydon,CR0 0RG,Primary,Roman Catholic,19.0,60,19.0,45.238095,207,51.352799,-0.020664,Good Shepherd Catholic Primary and Nursery School,19.0,A-,Ofsted Good,http://www.goodshepherdprimaryschool.co.uk/?utm_source=snobe-co-uk&utm_medium=school-profile&utm_campaign=organic,2026-03-19,25.0,18.05,19.0,19.0,25.0,19.0,19.0,70.0,7.0,29,,,Croydon,True
https://snobe.co.uk/schools/good-shepherd-catholic-primary-and-nursery-school,142587,Good Shepherd Catholic Primary and Nursery School,Croydon,Dunley Drive,Croydon,CR0 0RG,Primary,Roman Catholic,19.0,73,19.0,45.238095,243,51.352799,-0.020664,Good Shepherd Catholic Primary and Nursery School,19.0,A-,Ofsted Good,http://www.goodshepherdprimaryschool.co.uk/?utm_source=snobe-co-uk&utm_medium=school-profile&utm_campaign=organic,2026-03-19,25.0,18.05,19.0,19.0,25.0,19.0,19.0,70.0,7.0,30,,,Croydon,True
https://snobe.co.uk/schools/good-shepherd-catholic-primary-and-nursery-school,142587,Good Shepherd Catholic Primary and Nursery School,Croydon,Dunley Drive,Croydon,CR0 0RG,Primary,Roman Catholic,19.0,66,19.0,45.238095,220,51.352799,-0.020664,Good Shepherd Catholic Primary and Nursery School,19.0,A-,Ofsted Good,http://www.goodshepherdprimaryschool.co.uk/?utm_source=snobe-co-uk&utm_medium=school-profile&utm_campaign=organic,2026-03-19,25.0,18.05,19.0,19.0,25.0,19.0,19.0,70.0,7.0,30,,,Croydon,True
https://snobe.co.uk/schools/margaret-roper-catholic-primary-school,101797,Margaret Roper Catholic Primary School,Croydon,Russell Hill Road,Purley,CR8 2XP,Primary,Roman Catholic,30.0,105,27.0,25.714286,350,51.34406,-0.120148,Margaret Roper Catholic Primary School,30.0,A-,Ofsted Good,http://www.margaretroper.croydon.sch.uk/?utm_source=snobe-co-uk&utm_medium=school-profile&utm_campaign=organic,2026-03-19,11.9,28.5,27.0,30.0,11.9,30.0,27.0,70.0,7.0,30,,,Croydon,True
https://snobe.co.uk/schools/margaret-roper-catholic-primary-school,101797,Margaret Roper Catholic Primary School,Croydon,Russell Hill Road,Purley,CR8 2XP,Primary,Roman Catholic,30.0,94,27.0,25.714286,362,51.34406,-0.120148,Margaret Roper Catholic Primary School,30.0,A-,Ofsted Good,http://www.margaretroper.croydon.sch.uk/?utm_source=snobe-co-uk&utm_medium=school-profile&utm_campaign=organic,2026-03-19,11.9,28.5,27.0,30.0,11.9,30.0,27.0,70.0,7.0,26,,,Croydon,True
https://snobe.co.uk/schools/margaret-roper-catholic-primary-school,101797,Margaret Roper Catholic Primary School,Croydon,Russell Hill Road,Purley,CR8 2XP,Primary,Roman Catholic,30.0,72,27.0,25.714286,277,51.34406,-0.120148,Margaret Roper Catholic Primary School,30.0,A-,Ofsted Good,http://www.margaretroper.croydon.sch.uk/?utm_source=snobe-co-uk&utm_medium=school-profile&utm_campaign=organic,2026-03-19,11.9,28.5,27.0,30.0,11.9,30.0,27.0,70.0,7.0,26,,,Croydon,True
https://snobe.co.uk/schools/margaret-roper-catholic-primary-school,101797,Margaret Roper Catholic Primary School,Croydon,Russell Hill Road,Purley,CR8 2XP,Primary,Roman Catholic,30.0,68,27.0,25.714286,324,51.34406,-0.120148,Margaret Roper Catholic Primary School,30.0,A-,Ofsted Good,http://www.margaretroper.croydon.sch.uk/?utm_source=snobe-co-uk&utm_medium=school-profile&utm_campaign=organic,2026-03-19,11.9,28.5,27.0,30.0,11.9,30.0,27.0,70.0,7.0,21,,,Croydon,True
https://snobe.co.uk/schools/margaret-roper-catholic-primary-school,101797,Margaret Roper Catholic Primary School,Croydon,Russell Hill Road,Purley,CR8 2XP,Primary,Roman Catholic,30.0,78,27.0,25.714286,289,51.34406,-0.120148,Margaret Roper Catholic Primary School,30.0,A-,Ofsted Good,http://www.margaretroper.croydon.sch.uk/?utm_source=snobe-co-uk&utm_medium=school-profile&utm_campaign=organic,2026-03-19,11.9,28.5,27.0,30.0,11.9,30.0,27.0,70.0,7.0,27,,,Croydon,True
https://snobe.co.uk/schools/margaret-roper-catholic-primary-school,101797,Margaret Roper Catholic Primary School,Croydon,Russell Hill Road,Purley,CR8 2XP,Primary,Roman Catholic,30.0,62,27.0,25.714286,310,51.34406,-0.120148,Margaret Roper Catholic Primary School,30.0,A-,Ofsted Good,http://www.margaretroper.croydon.sch.uk/?utm_source=snobe-co-uk&utm_medium=school-profile&utm_campaign=organic,2026-03-19,11.9,28.5,27.0,30.0,11.9,30.0,27.0,70.0,7.0,20,,,Croydon,True
https://snobe.co.uk/schools/margaret-roper-catholic-primary-school,101797,Margaret Roper Catholic Primary School,Croydon,Russell Hill Road,Purley,CR8 2XP,Primary,Roman Catholic,30.0,90,27.0,25.714286,300,51.34406,-0.120148,Margaret Roper Catholic Primary School,30.0,A-,Ofsted Good,http://www.margaretroper.croydon.sch.uk/?utm_source=snobe-co-uk&utm_medium=school-profile&utm_campaign=organic,2026-03-19,11.9,28.5,27.0,30.0,11.9,30.0,27.0,70.0,7.0,30,,,Croydon,True
https://snobe.co.uk/schools/margaret-roper-catholic-primary-school,101797,Margaret Roper Catholic Primary School,Croydon,Russell Hill Road,Purley,CR8 2XP,Primary,Roman Catholic,30.0,81,27.0,25.714286,270,51.34406,-0.120148,Margaret Roper Catholic Primary School,30.0,A-,Ofsted Good,http://www.margaretroper.croydon.sch.uk/?utm_source=snobe-co-uk&utm_medium=school-profile&utm_campaign=organic,2026-03-19,11.9,28.5,27.0,30.0,11.9,30.0,27.0,70.0,7.0,30,,,Croydon,True
https://snobe.co.uk/schools/margaret-roper-catholic-primary-school,101797,Margaret Roper Catholic Primary School,Croydon,Russell Hill Road,Purley,CR8 2XP,Primary,Roman Catholic,30.0,92,27.0,25.714286,307,51.34406,-0.120148,Margaret Roper Catholic Primary School,30.0,A-,Ofsted Good,http://www.margaretroper.croydon.sch.uk/?utm_source=snobe-co-uk&utm_medium=school-profile&utm_campaign=organic,2026-03-19,11.9,28.5,27.0,30.0,11.9,30.0,27.0,70.0,7.0,30,,,Croydon,True
https://snobe.co.uk/schools/margaret-roper-catholic-primary-school,101797,Margaret Roper Catholic Primary School,Croydon,Russell Hill Road,Purley,CR8 2XP,Primary,Roman Catholic,30.0,121,27.0,25.714286,403,51.34406,-0.120148,Margaret Roper Catholic Primary School,30.0,A-,Ofsted Good,http://www.margaretroper.croydon.sch.uk/?utm_source=snobe-co-uk&utm_medium=school-profile&utm_campaign=organic,2026-03-19,11.9,28.5,27.0,30.0,11.9,30.0,27.0,70.0,7.0,30,,,Croydon,True
https://snobe.co.uk/schools/margaret-roper-catholic-primary-school,101797,Margaret Roper Catholic Primary School,Croydon,Russell Hill Road,Purley,CR8 2XP,Primary,Roman Catholic,30.0,132,27.0,25.714286,440,51.34406,-0.120148,Margaret Roper Catholic Primary School,30.0,A-,Ofsted Good,http://www.margaretroper.croydon.sch.uk/?utm_source=snobe-co-uk&utm_medium=school-profile&utm_campaign=organic,2026-03-19,11.9,28.5,27.0,30.0,11.9,30.0,27.0,70.0,7.0,30,,,Croydon,True
https://snobe.co.uk/schools/margaret-roper-catholic-primary-school,101797,Margaret Roper Catholic Primary School,Croydon,Russell Hill Road,Purley,CR8 2XP,Primary,Roman Catholic,30.0,137,27.0,25.714286,228,51.34406,-0.120148,Margaret Roper Catholic Primary School,30.0,A-,Ofsted Good,http://www.margaretroper.croydon.sch.uk/?utm_source=snobe-co-uk&utm_medium=school-profile&utm_campaign=organic,2026-03-19,11.9,28.5,27.0,30.0,11.9,30.0,27.0,70.0,7.0,60,,,Croydon,True
https://snobe.co.uk/schools/regina-coeli-catholic-primary-school,101800,Regina Coeli Catholic Primary School,Croydon,173 Pampisford Road,South Croydon,CR2 6DF,Primary,Roman Catholic,33.0,128,31.0,24.21875,388,51.355893,-0.106091,Regina Coeli Catholic Primary School,33.0,B+,Ofsted Good,http://www.reginacoelischool.co.uk?utm_source=snobe-co-uk&utm_medium=school-profile&utm_campaign=organic,2026-03-19,24.4,31.35,31.0,33.0,24.4,33.0,31.0,70.0,7.0,33,,,Croydon,True
https://snobe.co.uk/schools/regina-coeli-catholic-primary-school,101800,Regina Coeli Catholic Primary School,Croydon,173 Pampisford Road,South Croydon,CR2 6DF,Primary,Roman Catholic,33.0,138,31.0,24.21875,260,51.355893,-0.106091,Regina Coeli Catholic Primary School,33.0,B+,Ofsted Good,http://www.reginacoelischool.co.uk?utm_source=snobe-co-uk&utm_medium=school-profile&utm_campaign=organic,2026-03-19,24.4,31.35,31.0,33.0,24.4,33.0,31.0,70.0,7.0,53,,,Croydon,True
https://snobe.co.uk/schools/regina-coeli-catholic-primary-school,101800,Regina Coeli Catholic Primary School,Croydon,173 Pampisford Road,South Croydon,CR2 6DF,Primary,Roman Catholic,33.0,146,31.0,24.21875,292,51.355893,-0.106091,Regina Coeli Catholic Primary School,33.0,B+,Ofsted Good,http://www.reginacoelischool.co.uk?utm_source=snobe-co-uk&utm_medium=school-profile&utm_campaign=organic,2026-03-19,24.4,31.35,31.0,33.0,24.4,33.0,31.0,70.0,7.0,50,,,Croydon,True
https://snobe.co.uk/schools/regina-coeli-catholic-primary-school,101800,Regina Coeli Catholic Primary School,Croydon,173 Pampisford Road,South Croydon,CR2 6DF,Primary,Roman Catholic,33.0,145,31.0,24.21875,254,51.355893,-0.106091,Regina Coeli Catholic Primary School,33.0,B+,Ofsted Good,http://www.reginacoelischool.co.uk?utm_source=snobe-co-uk&utm_medium=school-profile&utm_campaign=organic,2026-03-19,24.4,31.35,31.0,33.0,24.4,33.0,31.0,70.0,7.0,57,,,Croydon,True
https://snobe.co.uk/schools/regina-coeli-catholic-primary-school,101800,Regina Coeli Catholic Primary School,Croydon,173 Pampisford Road,South Croydon,CR2 6DF,Primary,Roman Catholic,33.0,154,31.0,24.21875,266,51.355893,-0.106091,Regina Coeli Catholic Primary School,33.0,B+,Ofsted Good,http://www.reginacoelischool.co.uk?utm_source=snobe-co-uk&utm_medium=school-profile&utm_campaign=organic,2026-03-19,24.4,31.35,31.0,33.0,24.4,33.0,31.0,70.0,7.0,58,,,Croydon,True
https://snobe.co.uk/schools/regina-coeli-catholic-primary-school,101800,Regina Coeli Catholic Primary School,Croydon,173 Pampisford Road,South Croydon,CR2 6DF,Primary,Roman Catholic,33.0,173,31.0,24.21875,298,51.355893,-0.106091,Regina Coeli Catholic Primary School,33.0,B+,Ofsted Good,http://www.reginacoelischool.co.uk?utm_source=snobe-co-uk&utm_medium=school-profile&utm_campaign=organic,2026-03-19,24.4,31.35,31.0,33.0,24.4,33.0,31.0,70.0,7.0,58,,,Croydon,True
https://snobe.co.uk/schools/regina-coeli-catholic-primary-school,101800,Regina Coeli Catholic Primary School,Croydon,173 Pampisford Road,South Croydon,CR2 6DF,Primary,Roman Catholic,33.0,181,31.0,24.21875,302,51.355893,-0.106091,Regina Coeli Catholic Primary School,33.0,B+,Ofsted Good,http://www.reginacoelischool.co.uk?utm_source=snobe-co-uk&utm_medium=school-profile&utm_campaign=organic,2026-03-19,24.4,31.35,31.0,33.0,24.4,33.0,31.0,70.0,7.0,60,,,Croydon,True
https://snobe.co.uk/schools/regina-coeli-catholic-primary-school,101800,Regina Coeli Catholic Primary School,Croydon,173 Pampisford Road,South Croydon,CR2 6DF,Primary,Roman Catholic,33.0,142,31.0,24.21875,249,51.355893,-0.106091,Regina Coeli Catholic Primary School,33.0,B+,Ofsted Good,http://www.reginacoelischool.co.uk?utm_source=snobe-co-uk&utm_medium=school-profile&utm_campaign=organic,2026-03-19,24.4,31.35,31.0,33.0,24.4,33.0,31.0,70.0,7.0,57,,,Croydon,True
https://snobe.co.uk/schools/regina-coeli-catholic-primary-school,101800,Regina Coeli Catholic Primary School,Croydon,173 Pampisford Road,South Croydon,CR2 6DF,Primary,Roman Catholic,33.0,148,31.0,24.21875,308,51.355893,-0.106091,Regina Coeli Catholic Primary School,33.0,B+,Ofsted Good,http://www.reginacoelischool.co.uk?utm_source=snobe-co-uk&utm_medium=school-profile&utm_campaign=organic,2026-03-19,24.4,31.35,31.0,33.0,24.4,33.0,31.0,70.0,7.0,48,,,Croydon,True
https://snobe.co.uk/schools/regina-coeli-catholic-primary-school,101800,Regina Coeli Catholic Primary School,Croydon,173 Pampisford Road,South Croydon,CR2 6DF,Primary,Roman Catholic,33.0,152,31.0,24.21875,253,51.355893,-0.106091,Regina Coeli Catholic Primary School,33.0,B+,Ofsted Good,http://www.reginacoelischool.co.uk?utm_source=snobe-co-uk&utm_medium=school-profile&utm_campaign=organic,2026-03-19,24.4,31.35,31.0,33.0,24.4,33.0,31.0,70.0,7.0,60,,,Croydon,True
https://snobe.co.uk/schools/regina-coeli-catholic-primary-school,101800,Regina Coeli Catholic Primary School,Croydon,173 Pampisford Road,South Croydon,CR2 6DF,Primary,Roman Catholic,33.0,137,31.0,24.21875,228,51.355893,-0.106091,Regina Coeli Catholic Primary School,33.0,B+,Ofsted Good,http://www.reginacoelischool.co.uk?utm_source=snobe-co-uk&utm_medium=school-profile&utm_campaign=organic,2026-03-19,24.4,31.35,31.0,33.0,24.4,33.0,31.0,70.0,7.0,60,,,Croydon,True
https://snobe.co.uk/schools/regina-coeli-catholic-primary-school,101800,Regina Coeli Catholic Primary School,Croydon,173 Pampisford Road,South Croydon,CR2 6DF,Primary,Roman Catholic,33.0,159,31.0,24.21875,265,51.355893,-0.106091,Regina Coeli Catholic Primary School,33.0,B+,Ofsted Good,http://www.reginacoelischool.co.uk?utm_source=snobe-co-uk&utm_medium=school-profile&utm_campaign=organic,2026-03-19,24.4,31.35,31.0,33.0,24.4,33.0,31.0,70.0,7.0,60,,,Croydon,True
https://snobe.co.uk/schools/st-aidans-catholic-primary-school-1,101801,St Aidan's Catholic Primary School,Croydon,Portnalls Road,Coulsdon,CR5 3DE,Primary,Roman Catholic,30.0,107,22.0,22.44898,357,51.31486,-0.151289,St Aidan's Catholic Primary School,30.0,C,Ofsted Good,http://www.staidansschool.co.uk/?utm_source=snobe-co-uk&utm_medium=school-profile&utm_campaign=organic,2026-03-19,8.8,28.5,27.0,30.0,8.8,30.0,27.0,70.0,7.0,30,,,Croydon,True
https://snobe.co.uk/schools/st-aidans-catholic-primary-school-1,101801,St Aidan's Catholic Primary School,Croydon,Portnalls Road,Coulsdon,CR5 3DE,Primary,Roman Catholic,30.0,124,22.0,22.44898,413,51.31486,-0.151289,St Aidan's Catholic Primary School,30.0,C,Ofsted Good,http://www.staidansschool.co.uk/?utm_source=snobe-co-uk&utm_medium=school-profile&utm_campaign=organic,2026-03-19,8.8,28.5,27.0,30.0,8.8,30.0,27.0,70.0,7.0,30,,,Croydon,True
https://snobe.co.uk/schools/st-aidans-catholic-primary-school-1,101801,St Aidan's Catholic Primary School,Croydon,Portnalls Road,Coulsdon,CR5 3DE,Primary,Roman Catholic,30.0,113,22.0,22.44898,390,51.31486,-0.151289,St Aidan's Catholic Primary School,30.0,C,Ofsted Good,http://www.staidansschool.co.uk/?utm_source=snobe-co-uk&utm_medium=school-profile&utm_campaign=organic,2026-03-19,8.8,28.5,27.0,30.0,8.8,30.0,27.0,70.0,7.0,29,,,Croydon,True
https://snobe.co.uk/schools/st-chads-catholic-primary-school-2,101802,St Chad's Catholic Primary School,Croydon,Alverston Gardens,London,SE25 6LR,Primary,Roman Catholic,51.0,178,45.0,45.918367,297,51.394463,-0.083382,St Chad's Catholic Primary School,60.0,A,Ofsted Good,http://www.stchadsprimaryschool.com?utm_source=snobe-co-uk&utm_medium=school-profile&utm_campaign=organic,2026-03-19,17.1,48.45,45.0,60.0,17.1,60.0,45.0,70.0,7.0,60,,,Croydon,True
https://snobe.co.uk/schools/st-chads-catholic-primary-school-2,101802,St Chad's Catholic Primary School,Croydon,Alverston Gardens,London,SE25 6LR,Primary,Roman Catholic,51.0,185,45.0,45.918367,314,51.394463,-0.083382,St Chad's Catholic Primary School,60.0,A,Ofsted Good,http://www.stchadsprimaryschool.com?utm_source=snobe-co-uk&utm_medium=school-profile&utm_campaign=organic,2026-03-19,17.1,48.45,45.0,60.0,17.1,60.0,45.0,70.0,7.0,59,,,Croydon,True
https://snobe.co.uk/schools/st-chads-catholic-primary-school-2,101802,St Chad's Catholic Primary School,Croydon,Alverston Gardens,London,SE25 6LR,Primary,Roman Catholic,51.0,154,45.0,45.918367,257,51.394463,-0.083382,St Chad's Catholic Primary School,60.0,A,Ofsted Good,http://www.stchadsprimaryschool.com?utm_source=snobe-co-uk&utm_medium=school-profile&utm_campaign=organic,2026-03-19,17.1,48.45,45.0,60.0,17.1,60.0,45.0,70.0,7.0,60,,,Croydon,True
https://snobe.co.uk/schools/st-james-great-rc-primary-and-nursery-school,101816,St James the Great RC Primary and Nursery School,Croydon,Windsor Road,Thornton Heath,CR7 8HJ,Primary,Roman Catholic,60.0,173,57.0,32.947977,17300,51.406255,-0.105678,St James the Great RC Primary and Nursery School,210.0,B-,Ofsted Outstanding,http://www.stjamesthegreat.org/?utm_source=snobe-co-uk&utm_medium=school-profile&utm_campaign=organic,2026-03-19,25.0,57.0,0.0,,,,,70.0,7.0,0,,,,True
https://snobe.co.uk/schools/st-josephs-college-2,101820,St Joseph's College,Croydon,Beulah Hill,London,SE19 3HL,Secondary,Roman Catholic,107.0,214,60.0,28.037383,21400,51.420714,-0.107281,St Joseph's College,210.0,B-,Ofsted Good,http://www.stjosephscollege.org.uk/?utm_source=snobe-co-uk&utm_medium=school-profile&utm_campaign=organic,2026-03-19,25.0,101.65,0.0,,,,,70.0,7.0,0,,,,True
https://snobe.co.uk/schools/st-joseph-rc-junior-school,101795,St Joseph's RC Junior School,Croydon,Woodend,Select,SE19 3NU,Primary,Roman Catholic,38.0,89,37.0,41.573034,8900,51.421829,-0.100029,St Joseph's RC Junior School,210.0,A+,Ofsted Good,http://www.sjjnr.brent.sch.uk/?utm_source=snobe-co-uk&utm_medium=school-profile&utm_campaign=organic,2026-03-19,25.0,36.1,0.0,,,,,70.0,7.0,0,,,,True
https://snobe.co.uk/schools/st-marys-catholic-high-school,101814,St Mary's Catholic High School,Croydon,Woburn Road,Croydon,CR9 2EE,Secondary,Roman Catholic,89.0,230,61.0,26.521739,258,51.380618,-0.098,St Mary's Catholic High School,89.0,B,Ofsted Good,http://www.stmaryscroydon.co.uk?utm_source=snobe-co-uk&utm_medium=school-profile&utm_campaign=organic,2026-03-19,39.9,84.55,61.0,74.0,39.9,89.0,61.0,70.0,7.0,89,,,Croydon,True
https://snobe.co.uk/schools/st-marys-catholic-high-school,101814,St Mary's Catholic High School,Croydon,Woburn Road,Croydon,CR9 2EE,Secondary,Roman Catholic,89.0,266,61.0,26.521739,256,51.380618,-0.098,St Mary's Catholic High School,89.0,B,Ofsted Good,http://www.stmaryscroydon.co.uk?utm_source=snobe-co-uk&utm_medium=school-profile&utm_campaign=organic,2026-03-19,39.9,84.55,61.0,74.0,39.9,89.0,61.0,70.0,7.0,104,,,Croydon,True
https://snobe.co.uk/schools/st-marys-catholic-high-school,101814,St Mary's Catholic High School,Croydon,Woburn Road,Croydon,CR9 2EE,Secondary,Roman Catholic,89.0,242,61.0,26.521739,197,51.380618,-0.098,St Mary's Catholic High School,89.0,B,Ofsted Good,http://www.stmaryscroydon.co.uk?utm_source=snobe-co-uk&utm_medium=school-profile&utm_campaign=organic,2026-03-19,39.9,84.55,61.0,74.0,39.9,89.0,61.0,70.0,7.0,123,,,Croydon,True
https://snobe.co.uk/schools/st-marys-catholic-high-school,101814,St Mary's Catholic High School,Croydon,Woburn Road,Croydon,CR9 2EE,Secondary,Roman Catholic,89.0,200,61.0,26.521739,172,51.380618,-0.098,St Mary's Catholic High School,89.0,B,Ofsted Good,http://www.stmaryscroydon.co.uk?utm_source=snobe-co-uk&utm_medium=school-profile&utm_campaign=organic,2026-03-19,39.9,84.55,61.0,74.0,39.9,89.0,61.0,70.0,7.0,116,,,Croydon,True
https://snobe.co.uk/schools/st-marys-catholic-high-school,101814,St Mary's Catholic High School,Croydon,Woburn Road,Croydon,CR9 2EE,Secondary,Roman Catholic,89.0,199,61.0,26.521739,193,51.380618,-0.098,St Mary's Catholic High School,89.0,B,Ofsted Good,http://www.stmaryscroydon.co.uk?utm_source=snobe-co-uk&utm_medium=school-profile&utm_campaign=organic,2026-03-19,39.9,84.55,61.0,74.0,39.9,89.0,61.0,70.0,7.0,103,,,Croydon,True
https://snobe.co.uk/schools/st-marys-catholic-high-school,101814,St Mary's Catholic High School,Croydon,Woburn Road,Croydon,CR9 2EE,Secondary,Roman Catholic,89.0,210,61.0,26.521739,253,51.380618,-0.098,St Mary's Catholic High School,89.0,B,Ofsted Good,http://www.stmaryscroydon.co.uk?utm_source=snobe-co-uk&utm_medium=school-profile&utm_campaign=organic,2026-03-19,39.9,84.55,61.0,74.0,39.9,89.0,61.0,70.0,7.0,83,,,Croydon,True
https://snobe.co.uk/schools/st-marys-catholic-high-school,101814,St Mary's Catholic High School,Croydon,Woburn Road,Croydon,CR9 2EE,Secondary,Roman Catholic,89.0,231,61.0,26.521739,197,51.380618,-0.098,St Mary's Catholic High School,89.0,B,Ofsted Good,http://www.stmaryscroydon.co.uk?utm_source=snobe-co-uk&utm_medium=school-profile&utm_campaign=organic,2026-03-19,39.9,84.55,61.0,74.0,39.9,89.0,61.0,70.0,7.0,117,,,Croydon,True
https://snobe.co.uk/schools/st-marys-catholic-high-school,101814,St Mary's Catholic High School,Croydon,Woburn Road,Croydon,CR9 2EE,Secondary,Roman Catholic,89.0,204,61.0,26.521739,232,51.380618,-0.098,St Mary's Catholic High School,89.0,B,Ofsted Good,http://www.stmaryscroydon.co.uk?utm_source=snobe-co-uk&utm_medium=school-profile&utm_campaign=organic,2026-03-19,39.9,84.55,61.0,74.0,39.9,89.0,61.0,70.0,7.0,88,,,Croydon,True
https://snobe.co.uk/schools/st-marys-catholic-high-school,101814,St Mary's Catholic High School,Croydon,Woburn Road,Croydon,CR9 2EE,Secondary,Roman Catholic,89.0,181,61.0,26.521739,266,51.380618,-0.098,St Mary's Catholic High School,89.0,B,Ofsted Good,http://www.stmaryscroydon.co.uk?utm_source=snobe-co-uk&utm_medium=school-profile&utm_campaign=organic,2026-03-19,39.9,84.55,61.0,74.0,39.9,89.0,61.0,70.0,7.0,68,,,Croydon,True
https://snobe.co.uk/schools/st-marys-catholic-high-school,101814,St Mary's Catholic High School,Croydon,Woburn Road,Croydon,CR9 2EE,Secondary,Roman Catholic,89.0,236,61.0,26.521739,243,51.380618,-0.098,St Mary's Catholic High School,89.0,B,Ofsted Good,http://www.stmaryscroydon.co.uk?utm_source=snobe-co-uk&utm_medium=school-profile&utm_campaign=organic,2026-03-19,39.9,84.55,61.0,74.0,39.9,89.0,61.0,70.0,7.0,97,,,Croydon,True
https://snobe.co.uk/schools/st-marys-catholic-high-school,101814,St Mary's Catholic High School,Croydon,Woburn Road,Croydon,CR9 2EE,Secondary,Roman Catholic,89.0,199,61.0,26.521739,234,51.380618,-0.098,St Mary's Catholic High School,89.0,B,Ofsted Good,http://www.stmaryscroydon.co.uk?utm_source=snobe-co-uk&utm_medium=school-profile&utm_campaign=organic,2026-03-19,39.9,84.55,61.0,74.0,39.9,89.0,61.0,70.0,7.0,85,,,Croydon,True
https://snobe.co.uk/schools/st-marys-catholic-high-school,101814,St Mary's Catholic High School,Croydon,Woburn Road,Croydon,CR9 2EE,Secondary,Roman Catholic,89.0,229,61.0,26.521739,199,51.380618,-0.098,St Mary's Catholic High School,89.0,B,Ofsted Good,http://www.stmaryscroydon.co.uk?utm_source=snobe-co-uk&utm_medium=school-profile&utm_campaign=organic,2026-03-19,39.9,84.55,61.0,74.0,39.9,89.0,61.0,70.0,7.0,115,,,Croydon,True
https://snobe.co.uk/schools/st-marys-catholic-infant-school-0,101799,St Mary's Catholic Infant School,Croydon,Bedford Park,Croydon,CR0 2AQ,Primary,Roman Catholic,59.0,297,58.0,32.402235,495,51.378966,-0.098744,St Mary's Catholic Infant School,60.0,B-,Ofsted Good,http://www.stmaryscatholicprimaryschoolstrust.co.uk?utm_source=snobe-co-uk&utm_medium=school-profile&utm_campaign=organic,2026-03-19,16.5,56.05,53.0,60.0,16.5,60.0,53.0,70.0,7.0,60,,,Croydon,True
https://snobe.co.uk/schools/st-marys-catholic-infant-school-0,101799,St Mary's Catholic Infant School,Croydon,Bedford Park,Croydon,CR0 2AQ,Primary,Roman Catholic,59.0,289,58.0,32.402235,482,51.378966,-0.098744,St Mary's Catholic Infant School,60.0,B-,Ofsted Good,http://www.stmaryscatholicprimaryschoolstrust.co.uk?utm_source=snobe-co-uk&utm_medium=school-profile&utm_campaign=organic,2026-03-19,16.5,56.05,53.0,60.0,16.5,60.0,53.0,70.0,7.0,60,,,Croydon,True
https://snobe.co.uk/schools/st-marys-rc-junior-school,101798,St Mary's RC Junior School,Croydon,Sydenham Road,Croydon,CR0 2EW,Primary,Roman Catholic,0.0,0,0.0,86.72545834,0,51.380599,-0.095156,St Mary's RC Junior School,210.0,B-,Ofsted Good,http://www.stmarysjunior.org.uk?utm_source=snobe-co-uk&utm_medium=school-profile&utm_campaign=organic,2026-03-19,25.0,0.0,0.0,,,,,70.0,7.0,0,,,,False
https://snobe.co.uk/schools/st-thomas-becket-catholic-primary-school-0,101796,St Thomas Becket Catholic Primary School,Croydon,Becket Close,London,SE25 5BN,Primary,Roman Catholic,59.0,159,52.0,32.704403,15900,51.389162,-0.070567,St Thomas Becket Catholic Primary School,210.0,B-,Ofsted Good,http://www.thomasbecket.croydon.sch.uk?utm_source=snobe-co-uk&utm_medium=school-profile&utm_campaign=organic,2026-03-19,25.0,56.05,0.0,,,,,70.0,7.0,0,,,,True
https://snobe.co.uk/schools/st-marys-catholic-junior-school-0,142226,St. Mary's Catholic Junior School,Croydon,Sydenham Road,Croydon,CR0 2EW,Primary,Roman Catholic,59.0,179,58.0,32.402235,17900,51.380599,-0.095156,St. Mary's Catholic Junior School,210.0,A+,Ofsted Good,http://www.stmaryscatholicprimaryschoolstrust.co.uk?utm_source=snobe-co-uk&utm_medium=school-profile&utm_campaign=organic,2026-03-19,25.0,56.05,0.0,,,,,70.0,7.0,0,,,,True
https://snobe.co.uk/schools/thomas-more-catholic-school,101821,Thomas More Catholic School,Croydon,Russell Hill Road,Purley,CR8 2XP,Secondary,Roman Catholic,113.0,345,45.0,13.043478,305,51.34406,-0.120148,Thomas More Catholic School,113.0,B,Ofsted Good,http://www.tmore.org.uk/?utm_source=snobe-co-uk&utm_medium=school-profile&utm_campaign=organic,2026-03-19,34.0,107.35,45.0,84.0,34.0,113.0,45.0,70.0,7.0,113,,,Croydon,True
https://snobe.co.uk/schools/thomas-more-catholic-school,101821,Thomas More Catholic School,Croydon,Russell Hill Road,Purley,CR8 2XP,Secondary,Roman Catholic,113.0,351,45.0,13.043478,239,51.34406,-0.120148,Thomas More Catholic School,113.0,B,Ofsted Good,http://www.tmore.org.uk/?utm_source=snobe-co-uk&utm_medium=school-profile&utm_campaign=organic,2026-03-19,34.0,107.35,45.0,84.0,34.0,113.0,45.0,70.0,7.0,147,,,Croydon,True
https://snobe.co.uk/schools/thomas-more-catholic-school,101821,Thomas More Catholic School,Croydon,Russell Hill Road,Purley,CR8 2XP,Secondary,Roman Catholic,113.0,339,45.0,13.043478,217,51.34406,-0.120148,Thomas More Catholic School,113.0,B,Ofsted Good,http://www.tmore.org.uk/?utm_source=snobe-co-uk&utm_medium=school-profile&utm_campaign=organic,2026-03-19,34.0,107.35,45.0,84.0,34.0,113.0,45.0,70.0,7.0,156,,,Croydon,True
https://snobe.co.uk/schools/thomas-more-catholic-school,101821,Thomas More Catholic School,Croydon,Russell Hill Road,Purley,CR8 2XP,Secondary,Roman Catholic,113.0,271,45.0,13.043478,191,51.34406,-0.120148,Thomas More Catholic School,113.0,B,Ofsted Good,http://www.tmore.org.uk/?utm_source=snobe-co-uk&utm_medium=school-profile&utm_campaign=organic,2026-03-19,34.0,107.35,45.0,84.0,34.0,113.0,45.0,70.0,7.0,142,,,Croydon,True
https://snobe.co.uk/schools/thomas-more-catholic-school,101821,Thomas More Catholic School,Croydon,Russell Hill Road,Purley,CR8 2XP,Secondary,Roman Catholic,113.0,254,45.0,13.043478,173,51.34406,-0.120148,Thomas More Catholic School,113.0,B,Ofsted Good,http://www.tmore.org.uk/?utm_source=snobe-co-uk&utm_medium=school-profile&utm_campaign=organic,2026-03-19,34.0,107.35,45.0,84.0,34.0,113.0,45.0,70.0,7.0,147,,,Croydon,True
https://snobe.co.uk/schools/thomas-more-catholic-school,101821,Thomas More Catholic School,Croydon,Russell Hill Road,Purley,CR8 2XP,Secondary,Roman Catholic,113.0,279,45.0,13.043478,223,51.34406,-0.120148,Thomas More Catholic School,113.0,B,Ofsted Good,http://www.tmore.org.uk/?utm_source=snobe-co-uk&utm_medium=school-profile&utm_campaign=organic,2026-03-19,34.0,107.35,45.0,84.0,34.0,113.0,45.0,70.0,7.0,125,,,Croydon,True
https://snobe.co.uk/schools/thomas-more-catholic-school,101821,Thomas More Catholic School,Croydon,Russell Hill Road,Purley,CR8 2XP,Secondary,Roman Catholic,113.0,236,45.0,13.043478,257,51.34406,-0.120148,Thomas More Catholic School,113.0,B,Ofsted Good,http://www.tmore.org.uk/?utm_source=snobe-co-uk&utm_medium=school-profile&utm_campaign=organic,2026-03-19,34.0,107.35,45.0,84.0,34.0,113.0,45.0,70.0,7.0,92,,,Croydon,True
https://snobe.co.uk/schools/thomas-more-catholic-school,101821,Thomas More Catholic School,Croydon,Russell Hill Road,Purley,CR8 2XP,Secondary,Roman Catholic,113.0,313,45.0,13.043478,224,51.34406,-0.120148,Thomas More Catholic School,113.0,B,Ofsted Good,http://www.tmore.org.uk/?utm_source=snobe-co-uk&utm_medium=school-profile&utm_campaign=organic,2026-03-19,34.0,107.35,45.0,84.0,34.0,113.0,45.0,70.0,7.0,140,,,Croydon,True
https://snobe.co.uk/schools/thomas-more-catholic-school,101821,Thomas More Catholic School,Croydon,Russell Hill Road,Purley,CR8 2XP,Secondary,Roman Catholic,113.0,439,45.0,13.043478,299,51.34406,-0.120148,Thomas More Catholic School,113.0,B,Ofsted Good,http://www.tmore.org.uk/?utm_source=snobe-co-uk&utm_medium=school-profile&utm_campaign=organic,2026-03-19,34.0,107.35,45.0,84.0,34.0,113.0,45.0,70.0,7.0,147,,,Croydon,True
https://snobe.co.uk/schools/thomas-more-catholic-school,101821,Thomas More Catholic School,Croydon,Russell Hill Road,Purley,CR8 2XP,Secondary,Roman Catholic,113.0,473,45.0,13.043478,353,51.34406,-0.120148,Thomas More Catholic School,113.0,B,Ofsted Good,http://www.tmore.org.uk/?utm_source=snobe-co-uk&utm_medium=school-profile&utm_campaign=organic,2026-03-19,34.0,107.35,45.0,84.0,34.0,113.0,45.0,70.0,7.0,134,,,Croydon,True
https://snobe.co.uk/schools/thomas-more-catholic-school,101821,Thomas More Catholic School,Croydon,Russell Hill Road,Purley,CR8 2XP,Secondary,Roman Catholic,113.0,589,45.0,13.043478,403,51.34406,-0.120148,Thomas More Catholic School,113.0,B,Ofsted Good,http://www.tmore.org.uk/?utm_source=snobe-co-uk&utm_medium=school-profile&utm_campaign=organic,2026-03-19,34.0,107.35,45.0,84.0,34.0,113.0,45.0,70.0,7.0,146,,,Croydon,True
https://snobe.co.uk/schools/thomas-more-catholic-school,101821,Thomas More Catholic School,Croydon,Russell Hill Road,Purley,CR8 2XP,Secondary,Roman Catholic,113.0,585,45.0,13.043478,390,51.34406,-0.120148,Thomas More Catholic School,113.0,B,Ofsted Good,http://www.tmore.org.uk/?utm_source=snobe-co-uk&utm_medium=school-profile&utm_campaign=organic,2026-03-19,34.0,107.35,45.0,84.0,34.0,113.0,45.0,70.0,7.0,150,,,Croydon,True
https://snobe.co.uk/schools/mount-carmel-catholic-primary-school,101919,Mount Carmel Catholic Primary School,Ealing,Little Ealing Lane,London,W5 4EA,Primary,Roman Catholic,51.0,177,40.0,22.59887,347,51.498049,-0.308362,Mount Carmel Catholic Primary School,51.0,A-,Ofsted Good,http://www.mountcarmel.ealing.sch.uk?utm_source=snobe-co-uk&utm_medium=school-profile&utm_campaign=organic,2026-03-19,7.4,48.45,40.0,51.0,7.4,51.0,40.0,67.0,6.0,51,,,Ealing,True
https://snobe.co.uk/schools/mount-carmel-catholic-primary-school,101919,Mount Carmel Catholic Primary School,Ealing,Little Ealing Lane,London,W5 4EA,Primary,Roman Catholic,51.0,168,40.0,22.59887,382,51.498049,-0.308362,Mount Carmel Catholic Primary School,51.0,A-,Ofsted Good,http://www.mountcarmel.ealing.sch.uk?utm_source=snobe-co-uk&utm_medium=school-profile&utm_campaign=organic,2026-03-19,7.4,48.45,40.0,51.0,7.4,51.0,40.0,67.0,6.0,44,,,Ealing,True
https://snobe.co.uk/schools/mount-carmel-catholic-primary-school,101919,Mount Carmel Catholic Primary School,Ealing,Little Ealing Lane,London,W5 4EA,Primary,Roman Catholic,51.0,181,40.0,22.59887,377,51.498049,-0.308362,Mount Carmel Catholic Primary School,51.0,A-,Ofsted Good,http://www.mountcarmel.ealing.sch.uk?utm_source=snobe-co-uk&utm_medium=school-profile&utm_campaign=organic,2026-03-19,7.4,48.45,40.0,51.0,7.4,51.0,40.0,67.0,6.0,48,,,Ealing,True
https://snobe.co.uk/schools/mount-carmel-catholic-primary-school,101919,Mount Carmel Catholic Primary School,Ealing,Little Ealing Lane,London,W5 4EA,Primary,Roman Catholic,51.0,178,40.0,22.59887,297,51.498049,-0.308362,Mount Carmel Catholic Primary School,51.0,A-,Ofsted Good,http://www.mountcarmel.ealing.sch.uk?utm_source=snobe-co-uk&utm_medium=school-profile&utm_campaign=organic,2026-03-19,7.4,48.45,40.0,51.0,7.4,51.0,40.0,67.0,6.0,60,,,Ealing,True
https://snobe.co.uk/schools/mount-carmel-catholic-primary-school,101919,Mount Carmel Catholic Primary School,Ealing,Little Ealing Lane,London,W5 4EA,Primary,Roman Catholic,51.0,179,40.0,22.59887,303,51.498049,-0.308362,Mount Carmel Catholic Primary School,51.0,A-,Ofsted Good,http://www.mountcarmel.ealing.sch.uk?utm_source=snobe-co-uk&utm_medium=school-profile&utm_campaign=organic,2026-03-19,7.4,48.45,40.0,51.0,7.4,51.0,40.0,67.0,6.0,59,,,Ealing,True
https://snobe.co.uk/schools/mount-carmel-catholic-primary-school,101919,Mount Carmel Catholic Primary School,Ealing,Little Ealing Lane,London,W5 4EA,Primary,Roman Catholic,51.0,212,40.0,22.59887,353,51.498049,-0.308362,Mount Carmel Catholic Primary School,51.0,A-,Ofsted Good,http://www.mountcarmel.ealing.sch.uk?utm_source=snobe-co-uk&utm_medium=school-profile&utm_campaign=organic,2026-03-19,7.4,48.45,40.0,51.0,7.4,51.0,40.0,67.0,6.0,60,,,Ealing,True
https://snobe.co.uk/schools/mount-carmel-catholic-primary-school,101919,Mount Carmel Catholic Primary School,Ealing,Little Ealing Lane,London,W5 4EA,Primary,Roman Catholic,51.0,171,40.0,22.59887,285,51.498049,-0.308362,Mount Carmel Catholic Primary School,51.0,A-,Ofsted Good,http://www.mountcarmel.ealing.sch.uk?utm_source=snobe-co-uk&utm_medium=school-profile&utm_campaign=organic,2026-03-19,7.4,48.45,40.0,51.0,7.4,51.0,40.0,67.0,6.0,60,,,Ealing,True
https://snobe.co.uk/schools/mount-carmel-catholic-primary-school,101919,Mount Carmel Catholic Primary School,Ealing,Little Ealing Lane,London,W5 4EA,Primary,Roman Catholic,51.0,193,40.0,22.59887,322,51.498049,-0.308362,Mount Carmel Catholic Primary School,51.0,A-,Ofsted Good,http://www.mountcarmel.ealing.sch.uk?utm_source=snobe-co-uk&utm_medium=school-profile&utm_campaign=organic,2026-03-19,7.4,48.45,40.0,51.0,7.4,51.0,40.0,67.0,6.0,60,,,Ealing,True
https://snobe.co.uk/schools/mount-carmel-catholic-primary-school,101919,Mount Carmel Catholic Primary School,Ealing,Little Ealing Lane,London,W5 4EA,Primary,Roman Catholic,51.0,202,40.0,22.59887,337,51.498049,-0.308362,Mount Carmel Catholic Primary School,51.0,A-,Ofsted Good,http://www.mountcarmel.ealing.sch.uk?utm_source=snobe-co-uk&utm_medium=school-profile&utm_campaign=organic,2026-03-19,7.4,48.45,40.0,51.0,7.4,51.0,40.0,67.0,6.0,60,,,Ealing,True
https://snobe.co.uk/schools/mount-carmel-catholic-primary-school,101919,Mount Carmel Catholic Primary School,Ealing,Little Ealing Lane,London,W5 4EA,Primary,Roman Catholic,51.0,217,40.0,22.59887,362,51.498049,-0.308362,Mount Carmel Catholic Primary School,51.0,A-,Ofsted Good,http://www.mountcarmel.ealing.sch.uk?utm_source=snobe-co-uk&utm_medium=school-profile&utm_campaign=organic,2026-03-19,7.4,48.45,40.0,51.0,7.4,51.0,40.0,67.0,6.0,60,,,Ealing,True
https://snobe.co.uk/schools/mount-carmel-catholic-primary-school,101919,Mount Carmel Catholic Primary School,Ealing,Little Ealing Lane,London,W5 4EA,Primary,Roman Catholic,51.0,234,40.0,22.59887,390,51.498049,-0.308362,Mount Carmel Catholic Primary School,51.0,A-,Ofsted Good,http://www.mountcarmel.ealing.sch.uk?utm_source=snobe-co-uk&utm_medium=school-profile&utm_campaign=organic,2026-03-19,7.4,48.45,40.0,51.0,7.4,51.0,40.0,67.0,6.0,60,,,Ealing,True
https://snobe.co.uk/schools/mount-carmel-catholic-primary-school,101919,Mount Carmel Catholic Primary School,Ealing,Little Ealing Lane,London,W5 4EA,Primary,Roman Catholic,51.0,224,40.0,22.59887,373,51.498049,-0.308362,Mount Carmel Catholic Primary School,51.0,A-,Ofsted Good,http://www.mountcarmel.ealing.sch.uk?utm_source=snobe-co-uk&utm_medium=school-profile&utm_campaign=organic,2026-03-19,7.4,48.45,40.0,51.0,7.4,51.0,40.0,67.0,6.0,60,,,Ealing,True
https://snobe.co.uk/schools/our-lady-visitation-catholic-primary-school,101920,Our Lady of the Visitation Catholic Primary School,Ealing,Greenford Road,Greenford,UB6 9AN,Primary,Roman Catholic,43.0,92,43.0,46.73913,214,51.523476,-0.35176,Our Lady of the Visitation Catholic Primary School,43.0,A,Ofsted Good,http://www.visitation.ealing.sch.uk?utm_source=snobe-co-uk&utm_medium=school-profile&utm_campaign=organic,2026-03-19,23.4,40.85,43.0,43.0,23.4,43.0,43.0,67.0,6.0,43,,,Ealing,True
https://snobe.co.uk/schools/our-lady-visitation-catholic-primary-school,101920,Our Lady of the Visitation Catholic Primary School,Ealing,Greenford Road,Greenford,UB6 9AN,Primary,Roman Catholic,43.0,101,43.0,46.73913,220,51.523476,-0.35176,Our Lady of the Visitation Catholic Primary School,43.0,A,Ofsted Good,http://www.visitation.ealing.sch.uk?utm_source=snobe-co-uk&utm_medium=school-profile&utm_campaign=organic,2026-03-19,23.4,40.85,43.0,43.0,23.4,43.0,43.0,67.0,6.0,46,,,Ealing,True
https://snobe.co.uk/schools/our-lady-visitation-catholic-primary-school,101920,Our Lady of the Visitation Catholic Primary School,Ealing,Greenford Road,Greenford,UB6 9AN,Primary,Roman Catholic,43.0,153,43.0,46.73913,255,51.523476,-0.35176,Our Lady of the Visitation Catholic Primary School,43.0,A,Ofsted Good,http://www.visitation.ealing.sch.uk?utm_source=snobe-co-uk&utm_medium=school-profile&utm_campaign=organic,2026-03-19,23.4,40.85,43.0,43.0,23.4,43.0,43.0,67.0,6.0,60,,,Ealing,True
https://snobe.co.uk/schools/our-lady-visitation-catholic-primary-school,101920,Our Lady of the Visitation Catholic Primary School,Ealing,Greenford Road,Greenford,UB6 9AN,Primary,Roman Catholic,43.0,141,43.0,46.73913,235,51.523476,-0.35176,Our Lady of the Visitation Catholic Primary School,43.0,A,Ofsted Good,http://www.visitation.ealing.sch.uk?utm_source=snobe-co-uk&utm_medium=school-profile&utm_campaign=organic,2026-03-19,23.4,40.85,43.0,43.0,23.4,43.0,43.0,67.0,6.0,60,,,Ealing,True
https://snobe.co.uk/schools/our-lady-visitation-catholic-primary-school,101920,Our Lady of the Visitation Catholic Primary School,Ealing,Greenford Road,Greenford,UB6 9AN,Primary,Roman Catholic,43.0,139,43.0,46.73913,232,51.523476,-0.35176,Our Lady of the Visitation Catholic Primary School,43.0,A,Ofsted Good,http://www.visitation.ealing.sch.uk?utm_source=snobe-co-uk&utm_medium=school-profile&utm_campaign=organic,2026-03-19,23.4,40.85,43.0,43.0,23.4,43.0,43.0,67.0,6.0,60,,,Ealing,True
https://snobe.co.uk/schools/our-lady-visitation-catholic-primary-school,101920,Our Lady of the Visitation Catholic Primary School,Ealing,Greenford Road,Greenford,UB6 9AN,Primary,Roman Catholic,43.0,166,43.0,46.73913,277,51.523476,-0.35176,Our Lady of the Visitation Catholic Primary School,43.0,A,Ofsted Good,http://www.visitation.ealing.sch.uk?utm_source=snobe-co-uk&utm_medium=school-profile&utm_campaign=organic,2026-03-19,23.4,40.85,43.0,43.0,23.4,43.0,43.0,67.0,6.0,60,,,Ealing,True
https://snobe.co.uk/schools/our-lady-visitation-catholic-primary-school,101920,Our Lady of the Visitation Catholic Primary School,Ealing,Greenford Road,Greenford,UB6 9AN,Primary,Roman Catholic,43.0,178,43.0,46.73913,297,51.523476,-0.35176,Our Lady of the Visitation Catholic Primary School,43.0,A,Ofsted Good,http://www.visitation.ealing.sch.uk?utm_source=snobe-co-uk&utm_medium=school-profile&utm_campaign=organic,2026-03-19,23.4,40.85,43.0,43.0,23.4,43.0,43.0,67.0,6.0,60,,,Ealing,True
https://snobe.co.uk/schools/our-lady-visitation-catholic-primary-school,101920,Our Lady of the Visitation Catholic Primary School,Ealing,Greenford Road,Greenford,UB6 9AN,Primary,Roman Catholic,43.0,167,43.0,46.73913,283,51.523476,-0.35176,Our Lady of the Visitation Catholic Primary School,43.0,A,Ofsted Good,http://www.visitation.ealing.sch.uk?utm_source=snobe-co-uk&utm_medium=school-profile&utm_campaign=organic,2026-03-19,23.4,40.85,43.0,43.0,23.4,43.0,43.0,67.0,6.0,59,,,Ealing,True
https://snobe.co.uk/schools/our-lady-visitation-catholic-primary-school,101920,Our Lady of the Visitation Catholic Primary School,Ealing,Greenford Road,Greenford,UB6 9AN,Primary,Roman Catholic,43.0,206,43.0,46.73913,343,51.523476,-0.35176,Our Lady of the Visitation Catholic Primary School,43.0,A,Ofsted Good,http://www.visitation.ealing.sch.uk?utm_source=snobe-co-uk&utm_medium=school-profile&utm_campaign=organic,2026-03-19,23.4,40.85,43.0,43.0,23.4,43.0,43.0,67.0,6.0,60,,,Ealing,True
https://snobe.co.uk/schools/our-lady-visitation-catholic-primary-school,101920,Our Lady of the Visitation Catholic Primary School,Ealing,Greenford Road,Greenford,UB6 9AN,Primary,Roman Catholic,43.0,207,43.0,46.73913,345,51.523476,-0.35176,Our Lady of the Visitation Catholic Primary School,43.0,A,Ofsted Good,http://www.visitation.ealing.sch.uk?utm_source=snobe-co-uk&utm_medium=school-profile&utm_campaign=organic,2026-03-19,23.4,40.85,43.0,43.0,23.4,43.0,43.0,67.0,6.0,60,,,Ealing,True
https://snobe.co.uk/schools/our-lady-visitation-catholic-primary-school,101920,Our Lady of the Visitation Catholic Primary School,Ealing,Greenford Road,Greenford,UB6 9AN,Primary,Roman Catholic,43.0,276,43.0,46.73913,460,51.523476,-0.35176,Our Lady of the Visitation Catholic Primary School,43.0,A,Ofsted Good,http://www.visitation.ealing.sch.uk?utm_source=snobe-co-uk&utm_medium=school-profile&utm_campaign=organic,2026-03-19,23.4,40.85,43.0,43.0,23.4,43.0,43.0,67.0,6.0,60,,,Ealing,True
https://snobe.co.uk/schools/our-lady-visitation-catholic-primary-school,101920,Our Lady of the Visitation Catholic Primary School,Ealing,Greenford Road,Greenford,UB6 9AN,Primary,Roman Catholic,43.0,307,43.0,46.73913,520,51.523476,-0.35176,Our Lady of the Visitation Catholic Primary School,43.0,A,Ofsted Good,http://www.visitation.ealing.sch.uk?utm_source=snobe-co-uk&utm_medium=school-profile&utm_campaign=organic,2026-03-19,23.4,40.85,43.0,43.0,23.4,43.0,43.0,67.0,6.0,59,,,Ealing,True
https://snobe.co.uk/schools/st-benedicts-school,101947,St Benedict's School,Ealing,54 Eaton Rise,,W5 2ES,Not applicable,Roman Catholic,,0,,,0,51.520876,-0.306795,St Benedict's School,210.0,D-,Ofsted Outstanding,http://www.stbenedicts.org.uk?utm_source=snobe-co-uk&utm_medium=school-profile&utm_campaign=organic,2026-03-19,25.0,1192.25,0.0,,,,,67.0,6.0,0,,,,False
https://snobe.co.uk/schools/st-gregorys-catholic-primary-school,101923,St Gregory's Catholic Primary School,Ealing,Woodfield Road,London,W5 1SL,Primary,Roman Catholic,53.0,144,47.0,32.638889,272,51.524101,-0.307799,St Gregory's Catholic Primary School,53.0,A,Ofsted Good,http://www.st-gregorys.ealing.sch.uk/?utm_source=snobe-co-uk&utm_medium=school-profile&utm_campaign=organic,2026-03-19,22.6,50.35,47.0,50.0,22.6,53.0,47.0,67.0,6.0,53,,,Ealing,True
https://snobe.co.uk/schools/st-gregorys-catholic-primary-school,101923,St Gregory's Catholic Primary School,Ealing,Woodfield Road,London,W5 1SL,Primary,Roman Catholic,53.0,141,47.0,32.638889,300,51.524101,-0.307799,St Gregory's Catholic Primary School,53.0,A,Ofsted Good,http://www.st-gregorys.ealing.sch.uk/?utm_source=snobe-co-uk&utm_medium=school-profile&utm_campaign=organic,2026-03-19,22.6,50.35,47.0,50.0,22.6,53.0,47.0,67.0,6.0,47,,,Ealing,True
https://snobe.co.uk/schools/st-gregorys-catholic-primary-school,101923,St Gregory's Catholic Primary School,Ealing,Woodfield Road,London,W5 1SL,Primary,Roman Catholic,53.0,125,47.0,32.638889,368,51.524101,-0.307799,St Gregory's Catholic Primary School,53.0,A,Ofsted Good,http://www.st-gregorys.ealing.sch.uk/?utm_source=snobe-co-uk&utm_medium=school-profile&utm_campaign=organic,2026-03-19,22.6,50.35,47.0,50.0,22.6,53.0,47.0,67.0,6.0,34,,,Ealing,True
https://snobe.co.uk/schools/st-gregorys-catholic-primary-school,101923,St Gregory's Catholic Primary School,Ealing,Woodfield Road,London,W5 1SL,Primary,Roman Catholic,53.0,96,47.0,32.638889,436,51.524101,-0.307799,St Gregory's Catholic Primary School,53.0,A,Ofsted Good,http://www.st-gregorys.ealing.sch.uk/?utm_source=snobe-co-uk&utm_medium=school-profile&utm_campaign=organic,2026-03-19,22.6,50.35,47.0,50.0,22.6,53.0,47.0,67.0,6.0,22,,,Ealing,True
https://snobe.co.uk/schools/st-gregorys-catholic-primary-school,101923,St Gregory's Catholic Primary School,Ealing,Woodfield Road,London,W5 1SL,Primary,Roman Catholic,53.0,102,47.0,32.638889,340,51.524101,-0.307799,St Gregory's Catholic Primary School,53.0,A,Ofsted Good,http://www.st-gregorys.ealing.sch.uk/?utm_source=snobe-co-uk&utm_medium=school-profile&utm_campaign=organic,2026-03-19,22.6,50.35,47.0,50.0,22.6,53.0,47.0,67.0,6.0,30,,,Ealing,True
https://snobe.co.uk/schools/st-gregorys-catholic-primary-school,101923,St Gregory's Catholic Primary School,Ealing,Woodfield Road,London,W5 1SL,Primary,Roman Catholic,53.0,131,47.0,32.638889,397,51.524101,-0.307799,St Gregory's Catholic Primary School,53.0,A,Ofsted Good,http://www.st-gregorys.ealing.sch.uk/?utm_source=snobe-co-uk&utm_medium=school-profile&utm_campaign=organic,2026-03-19,22.6,50.35,47.0,50.0,22.6,53.0,47.0,67.0,6.0,33,,,Ealing,True
https://snobe.co.uk/schools/st-gregorys-catholic-primary-school,101923,St Gregory's Catholic Primary School,Ealing,Woodfield Road,London,W5 1SL,Primary,Roman Catholic,53.0,157,47.0,32.638889,320,51.524101,-0.307799,St Gregory's Catholic Primary School,53.0,A,Ofsted Good,http://www.st-gregorys.ealing.sch.uk/?utm_source=snobe-co-uk&utm_medium=school-profile&utm_campaign=organic,2026-03-19,22.6,50.35,47.0,50.0,22.6,53.0,47.0,67.0,6.0,49,,,Ealing,True
https://snobe.co.uk/schools/st-gregorys-catholic-primary-school,101923,St Gregory's Catholic Primary School,Ealing,Woodfield Road,London,W5 1SL,Primary,Roman Catholic,53.0,181,47.0,32.638889,323,51.524101,-0.307799,St Gregory's Catholic Primary School,53.0,A,Ofsted Good,http://www.st-gregorys.ealing.sch.uk/?utm_source=snobe-co-uk&utm_medium=school-profile&utm_campaign=organic,2026-03-19,22.6,50.35,47.0,50.0,22.6,53.0,47.0,67.0,6.0,56,,,Ealing,True
https://snobe.co.uk/schools/st-gregorys-catholic-primary-school,101923,St Gregory's Catholic Primary School,Ealing,Woodfield Road,London,W5 1SL,Primary,Roman Catholic,53.0,212,47.0,32.638889,259,51.524101,-0.307799,St Gregory's Catholic Primary School,53.0,A,Ofsted Good,http://www.st-gregorys.ealing.sch.uk/?utm_source=snobe-co-uk&utm_medium=school-profile&utm_campaign=organic,2026-03-19,22.6,50.35,47.0,50.0,22.6,53.0,47.0,67.0,6.0,82,,,Ealing,True
https://snobe.co.uk/schools/st-gregorys-catholic-primary-school,101923,St Gregory's Catholic Primary School,Ealing,Woodfield Road,London,W5 1SL,Primary,Roman Catholic,53.0,240,47.0,32.638889,267,51.524101,-0.307799,St Gregory's Catholic Primary School,53.0,A,Ofsted Good,http://www.st-gregorys.ealing.sch.uk/?utm_source=snobe-co-uk&utm_medium=school-profile&utm_campaign=organic,2026-03-19,22.6,50.35,47.0,50.0,22.6,53.0,47.0,67.0,6.0,90,,,Ealing,True
https://snobe.co.uk/schools/st-gregorys-catholic-primary-school,101923,St Gregory's Catholic Primary School,Ealing,Woodfield Road,London,W5 1SL,Primary,Roman Catholic,53.0,263,47.0,32.638889,292,51.524101,-0.307799,St Gregory's Catholic Primary School,53.0,A,Ofsted Good,http://www.st-gregorys.ealing.sch.uk/?utm_source=snobe-co-uk&utm_medium=school-profile&utm_campaign=organic,2026-03-19,22.6,50.35,47.0,50.0,22.6,53.0,47.0,67.0,6.0,90,,,Ealing,True
https://snobe.co.uk/schools/st-gregorys-catholic-primary-school,101923,St Gregory's Catholic Primary School,Ealing,Woodfield Road,London,W5 1SL,Primary,Roman Catholic,53.0,328,47.0,32.638889,364,51.524101,-0.307799,St Gregory's Catholic Primary School,53.0,A,Ofsted Good,http://www.st-gregorys.ealing.sch.uk/?utm_source=snobe-co-uk&utm_medium=school-profile&utm_campaign=organic,2026-03-19,22.6,50.35,47.0,50.0,22.6,53.0,47.0,67.0,6.0,90,,,Ealing,True
https://snobe.co.uk/schools/st-raphaels-catholic-primary-school,101925,St Raphael's Catholic Primary School,Ealing,Hartfield Avenue,Northolt,UB5 6NL,Primary,Roman Catholic,49.0,93,46.0,49.462366,190,51.535944,-0.402757,St Raphael's Catholic Primary School,49.0,A,Ofsted Good,http://www.st-raphaels.org/?utm_source=snobe-co-uk&utm_medium=school-profile&utm_campaign=organic,2026-03-19,16.2,46.55,46.0,49.0,16.2,49.0,46.0,67.0,6.0,49,,,Ealing,True
https://snobe.co.uk/schools/st-raphaels-catholic-primary-school,101925,St Raphael's Catholic Primary School,Ealing,Hartfield Avenue,Northolt,UB5 6NL,Primary,Roman Catholic,49.0,91,46.0,49.462366,157,51.535944,-0.402757,St Raphael's Catholic Primary School,49.0,A,Ofsted Good,http://www.st-raphaels.org/?utm_source=snobe-co-uk&utm_medium=school-profile&utm_campaign=organic,2026-03-19,16.2,46.55,46.0,49.0,16.2,49.0,46.0,67.0,6.0,58,,,Ealing,True
https://snobe.co.uk/schools/st-raphaels-catholic-primary-school,101925,St Raphael's Catholic Primary School,Ealing,Hartfield Avenue,Northolt,UB5 6NL,Primary,Roman Catholic,49.0,125,46.0,49.462366,208,51.535944,-0.402757,St Raphael's Catholic Primary School,49.0,A,Ofsted Good,http://www.st-raphaels.org/?utm_source=snobe-co-uk&utm_medium=school-profile&utm_campaign=organic,2026-03-19,16.2,46.55,46.0,49.0,16.2,49.0,46.0,67.0,6.0,60,,,Ealing,True
https://snobe.co.uk/schools/st-raphaels-catholic-primary-school,101925,St Raphael's Catholic Primary School,Ealing,Hartfield Avenue,Northolt,UB5 6NL,Primary,Roman Catholic,49.0,95,46.0,49.462366,173,51.535944,-0.402757,St Raphael's Catholic Primary School,49.0,A,Ofsted Good,http://www.st-raphaels.org/?utm_source=snobe-co-uk&utm_medium=school-profile&utm_campaign=organic,2026-03-19,16.2,46.55,46.0,49.0,16.2,49.0,46.0,67.0,6.0,55,,,Ealing,True
https://snobe.co.uk/schools/st-raphaels-catholic-primary-school,101925,St Raphael's Catholic Primary School,Ealing,Hartfield Avenue,Northolt,UB5 6NL,Primary,Roman Catholic,49.0,114,46.0,49.462366,190,51.535944,-0.402757,St Raphael's Catholic Primary School,49.0,A,Ofsted Good,http://www.st-raphaels.org/?utm_source=snobe-co-uk&utm_medium=school-profile&utm_campaign=organic,2026-03-19,16.2,46.55,46.0,49.0,16.2,49.0,46.0,67.0,6.0,60,,,Ealing,True
https://snobe.co.uk/schools/st-raphaels-catholic-primary-school,101925,St Raphael's Catholic Primary School,Ealing,Hartfield Avenue,Northolt,UB5 6NL,Primary,Roman Catholic,49.0,147,46.0,49.462366,245,51.535944,-0.402757,St Raphael's Catholic Primary School,49.0,A,Ofsted Good,http://www.st-raphaels.org/?utm_source=snobe-co-uk&utm_medium=school-profile&utm_campaign=organic,2026-03-19,16.2,46.55,46.0,49.0,16.2,49.0,46.0,67.0,6.0,60,,,Ealing,True
https://snobe.co.uk/schools/st-raphaels-catholic-primary-school,101925,St Raphael's Catholic Primary School,Ealing,Hartfield Avenue,Northolt,UB5 6NL,Primary,Roman Catholic,49.0,142,46.0,49.462366,178,51.535944,-0.402757,St Raphael's Catholic Primary School,49.0,A,Ofsted Good,http://www.st-raphaels.org/?utm_source=snobe-co-uk&utm_medium=school-profile&utm_campaign=organic,2026-03-19,16.2,46.55,46.0,49.0,16.2,49.0,46.0,67.0,6.0,80,,,Ealing,True
https://snobe.co.uk/schools/st-raphaels-catholic-primary-school,101925,St Raphael's Catholic Primary School,Ealing,Hartfield Avenue,Northolt,UB5 6NL,Primary,Roman Catholic,49.0,133,46.0,49.462366,215,51.535944,-0.402757,St Raphael's Catholic Primary School,49.0,A,Ofsted Good,http://www.st-raphaels.org/?utm_source=snobe-co-uk&utm_medium=school-profile&utm_campaign=organic,2026-03-19,16.2,46.55,46.0,49.0,16.2,49.0,46.0,67.0,6.0,62,,,Ealing,True
https://snobe.co.uk/schools/st-raphaels-catholic-primary-school,101925,St Raphael's Catholic Primary School,Ealing,Hartfield Avenue,Northolt,UB5 6NL,Primary,Roman Catholic,49.0,154,46.0,49.462366,188,51.535944,-0.402757,St Raphael's Catholic Primary School,49.0,A,Ofsted Good,http://www.st-raphaels.org/?utm_source=snobe-co-uk&utm_medium=school-profile&utm_campaign=organic,2026-03-19,16.2,46.55,46.0,49.0,16.2,49.0,46.0,67.0,6.0,82,,,Ealing,True
https://snobe.co.uk/schools/st-raphaels-catholic-primary-school,101925,St Raphael's Catholic Primary School,Ealing,Hartfield Avenue,Northolt,UB5 6NL,Primary,Roman Catholic,49.0,171,46.0,49.462366,190,51.535944,-0.402757,St Raphael's Catholic Primary School,49.0,A,Ofsted Good,http://www.st-raphaels.org/?utm_source=snobe-co-uk&utm_medium=school-profile&utm_campaign=organic,2026-03-19,16.2,46.55,46.0,49.0,16.2,49.0,46.0,67.0,6.0,90,,,Ealing,True
https://snobe.co.uk/schools/st-raphaels-catholic-primary-school,101925,St Raphael's Catholic Primary School,Ealing,Hartfield Avenue,Northolt,UB5 6NL,Primary,Roman Catholic,49.0,192,46.0,49.462366,211,51.535944,-0.402757,St Raphael's Catholic Primary School,49.0,A,Ofsted Good,http://www.st-raphaels.org/?utm_source=snobe-co-uk&utm_medium=school-profile&utm_campaign=organic,2026-03-19,16.2,46.55,46.0,49.0,16.2,49.0,46.0,67.0,6.0,91,,,Ealing,True
https://snobe.co.uk/schools/st-raphaels-catholic-primary-school,101925,St Raphael's Catholic Primary School,Ealing,Hartfield Avenue,Northolt,UB5 6NL,Primary,Roman Catholic,49.0,177,46.0,49.462366,199,51.535944,-0.402757,St Raphael's Catholic Primary School,49.0,A,Ofsted Good,http://www.st-raphaels.org/?utm_source=snobe-co-uk&utm_medium=school-profile&utm_campaign=organic,2026-03-19,16.2,46.55,46.0,49.0,16.2,49.0,46.0,67.0,6.0,89,,,Ealing,True
https://snobe.co.uk/schools/cardinal-wiseman-catholic-school,101934,The Cardinal Wiseman Catholic School,Ealing,Greenford Road,Greenford,UB6 9AW,Secondary,Roman Catholic,322.0,930,264.0,28.387097,289,51.525271,-0.352099,The Cardinal Wiseman Catholic School,322.0,A,Ofsted Outstanding,http://www.wiseman.ealing.sch.uk?utm_source=snobe-co-uk&utm_medium=school-profile&utm_campaign=organic,2026-03-19,14.1,305.9,264.0,310.0,14.1,322.0,264.0,67.0,6.0,322,,,Ealing,True
https://snobe.co.uk/schools/cardinal-wiseman-catholic-school,101934,The Cardinal Wiseman Catholic School,Ealing,Greenford Road,Greenford,UB6 9AW,Secondary,Roman Catholic,322.0,978,264.0,28.387097,317,51.525271,-0.352099,The Cardinal Wiseman Catholic School,322.0,A,Ofsted Outstanding,http://www.wiseman.ealing.sch.uk?utm_source=snobe-co-uk&utm_medium=school-profile&utm_campaign=organic,2026-03-19,14.1,305.9,264.0,310.0,14.1,322.0,264.0,67.0,6.0,309,,,Ealing,True
https://snobe.co.uk/schools/cardinal-wiseman-catholic-school,101934,The Cardinal Wiseman Catholic School,Ealing,Greenford Road,Greenford,UB6 9AW,Secondary,Roman Catholic,322.0,1024,264.0,28.387097,328,51.525271,-0.352099,The Cardinal Wiseman Catholic School,322.0,A,Ofsted Outstanding,http://www.wiseman.ealing.sch.uk?utm_source=snobe-co-uk&utm_medium=school-profile&utm_campaign=organic,2026-03-19,14.1,305.9,264.0,310.0,14.1,322.0,264.0,67.0,6.0,312,,,Ealing,True
https://snobe.co.uk/schools/cardinal-wiseman-catholic-school,101934,The Cardinal Wiseman Catholic School,Ealing,Greenford Road,Greenford,UB6 9AW,Secondary,Roman Catholic,322.0,1062,264.0,28.387097,367,51.525271,-0.352099,The Cardinal Wiseman Catholic School,322.0,A,Ofsted Outstanding,http://www.wiseman.ealing.sch.uk?utm_source=snobe-co-uk&utm_medium=school-profile&utm_campaign=organic,2026-03-19,14.1,305.9,264.0,310.0,14.1,322.0,264.0,67.0,6.0,289,,,Ealing,True
https://snobe.co.uk/schools/cardinal-wiseman-catholic-school,101934,The Cardinal Wiseman Catholic School,Ealing,Greenford Road,Greenford,UB6 9AW,Secondary,Roman Catholic,322.0,1149,264.0,28.387097,371,51.525271,-0.352099,The Cardinal Wiseman Catholic School,322.0,A,Ofsted Outstanding,http://www.wiseman.ealing.sch.uk?utm_source=snobe-co-uk&utm_medium=school-profile&utm_campaign=organic,2026-03-19,14.1,305.9,264.0,310.0,14.1,322.0,264.0,67.0,6.0,310,,,Ealing,True
https://snobe.co.uk/schools/cardinal-wiseman-catholic-school,101934,The Cardinal Wiseman Catholic School,Ealing,Greenford Road,Greenford,UB6 9AW,Secondary,Roman Catholic,322.0,1355,264.0,28.387097,462,51.525271,-0.352099,The Cardinal Wiseman Catholic School,322.0,A,Ofsted Outstanding,http://www.wiseman.ealing.sch.uk?utm_source=snobe-co-uk&utm_medium=school-profile&utm_campaign=organic,2026-03-19,14.1,305.9,264.0,310.0,14.1,322.0,264.0,67.0,6.0,293,,,Ealing,True
https://snobe.co.uk/schools/cardinal-wiseman-catholic-school,101934,The Cardinal Wiseman Catholic School,Ealing,Greenford Road,Greenford,UB6 9AW,Secondary,Roman Catholic,322.0,1363,264.0,28.387097,447,51.525271,-0.352099,The Cardinal Wiseman Catholic School,322.0,A,Ofsted Outstanding,http://www.wiseman.ealing.sch.uk?utm_source=snobe-co-uk&utm_medium=school-profile&utm_campaign=organic,2026-03-19,14.1,305.9,264.0,310.0,14.1,322.0,264.0,67.0,6.0,305,,,Ealing,True
https://snobe.co.uk/schools/cardinal-wiseman-catholic-school,101934,The Cardinal Wiseman Catholic School,Ealing,Greenford Road,Greenford,UB6 9AW,Secondary,Roman Catholic,322.0,1308,264.0,28.387097,462,51.525271,-0.352099,The Cardinal Wiseman Catholic School,322.0,A,Ofsted Outstanding,http://www.wiseman.ealing.sch.uk?utm_source=snobe-co-uk&utm_medium=school-profile&utm_campaign=organic,2026-03-19,14.1,305.9,264.0,310.0,14.1,322.0,264.0,67.0,6.0,283,,,Ealing,True
https://snobe.co.uk/schools/cardinal-wiseman-catholic-school,101934,The Cardinal Wiseman Catholic School,Ealing,Greenford Road,Greenford,UB6 9AW,Secondary,Roman Catholic,322.0,1220,264.0,28.387097,419,51.525271,-0.352099,The Cardinal Wiseman Catholic School,322.0,A,Ofsted Outstanding,http://www.wiseman.ealing.sch.uk?utm_source=snobe-co-uk&utm_medium=school-profile&utm_campaign=organic,2026-03-19,14.1,305.9,264.0,310.0,14.1,322.0,264.0,67.0,6.0,291,,,Ealing,True
https://snobe.co.uk/schools/cardinal-wiseman-catholic-school,101934,The Cardinal Wiseman Catholic School,Ealing,Greenford Road,Greenford,UB6 9AW,Secondary,Roman Catholic,322.0,1211,264.0,28.387097,404,51.525271,-0.352099,The Cardinal Wiseman Catholic School,322.0,A,Ofsted Outstanding,http://www.wiseman.ealing.sch.uk?utm_source=snobe-co-uk&utm_medium=school-profile&utm_campaign=organic,2026-03-19,14.1,305.9,264.0,310.0,14.1,322.0,264.0,67.0,6.0,300,,,Ealing,True
https://snobe.co.uk/schools/cardinal-wiseman-catholic-school,101934,The Cardinal Wiseman Catholic School,Ealing,Greenford Road,Greenford,UB6 9AW,Secondary,Roman Catholic,322.0,1163,264.0,28.387097,394,51.525271,-0.352099,The Cardinal Wiseman Catholic School,322.0,A,Ofsted Outstanding,http://www.wiseman.ealing.sch.uk?utm_source=snobe-co-uk&utm_medium=school-profile&utm_campaign=organic,2026-03-19,14.1,305.9,264.0,310.0,14.1,322.0,264.0,67.0,6.0,295,,,Ealing,True
https://snobe.co.uk/schools/cardinal-wiseman-catholic-school,101934,The Cardinal Wiseman Catholic School,Ealing,Greenford Road,Greenford,UB6 9AW,Secondary,Roman Catholic,322.0,1152,264.0,28.387097,392,51.525271,-0.352099,The Cardinal Wiseman Catholic School,322.0,A,Ofsted Outstanding,http://www.wiseman.ealing.sch.uk?utm_source=snobe-co-uk&utm_medium=school-profile&utm_campaign=organic,2026-03-19,14.1,305.9,264.0,310.0,14.1,322.0,264.0,67.0,6.0,294,,,Ealing,True
https://snobe.co.uk/schools/st-annes-catholic-high-school-girls,102053,St Anne's Catholic High School for Girls,Enfield,Oakthorpe Road,London,N13 5TY,Secondary,Roman Catholic,179.0,447,109.0,24.384787,250,51.616307,-0.107967,St Anne's Catholic High School for Girls,179.0,A,Ofsted Outstanding,http://www.st-annes.enfield.sch.uk/?utm_source=snobe-co-uk&utm_medium=school-profile&utm_campaign=organic,2026-03-19,25.2,170.04999999999998,109.0,179.0,25.2,179.0,109.0,62.0,7.0,179,,,Enfield,True
https://snobe.co.uk/schools/st-annes-catholic-high-school-girls,102053,St Anne's Catholic High School for Girls,Enfield,Oakthorpe Road,London,N13 5TY,Secondary,Roman Catholic,179.0,461,109.0,24.384787,256,51.616307,-0.107967,St Anne's Catholic High School for Girls,179.0,A,Ofsted Outstanding,http://www.st-annes.enfield.sch.uk/?utm_source=snobe-co-uk&utm_medium=school-profile&utm_campaign=organic,2026-03-19,25.2,170.04999999999998,109.0,179.0,25.2,179.0,109.0,62.0,7.0,180,,,Enfield,True
https://snobe.co.uk/schools/st-annes-catholic-high-school-girls,102053,St Anne's Catholic High School for Girls,Enfield,Oakthorpe Road,London,N13 5TY,Secondary,Roman Catholic,179.0,480,109.0,24.384787,262,51.616307,-0.107967,St Anne's Catholic High School for Girls,179.0,A,Ofsted Outstanding,http://www.st-annes.enfield.sch.uk/?utm_source=snobe-co-uk&utm_medium=school-profile&utm_campaign=organic,2026-03-19,25.2,170.04999999999998,109.0,179.0,25.2,179.0,109.0,62.0,7.0,183,,,Enfield,True
https://snobe.co.uk/schools/st-annes-catholic-high-school-girls,102053,St Anne's Catholic High School for Girls,Enfield,Oakthorpe Road,London,N13 5TY,Secondary,Roman Catholic,179.0,506,109.0,24.384787,284,51.616307,-0.107967,St Anne's Catholic High School for Girls,179.0,A,Ofsted Outstanding,http://www.st-annes.enfield.sch.uk/?utm_source=snobe-co-uk&utm_medium=school-profile&utm_campaign=organic,2026-03-19,25.2,170.04999999999998,109.0,179.0,25.2,179.0,109.0,62.0,7.0,178,,,Enfield,True
https://snobe.co.uk/schools/st-annes-catholic-high-school-girls,102053,St Anne's Catholic High School for Girls,Enfield,Oakthorpe Road,London,N13 5TY,Secondary,Roman Catholic,179.0,518,109.0,24.384787,288,51.616307,-0.107967,St Anne's Catholic High School for Girls,179.0,A,Ofsted Outstanding,http://www.st-annes.enfield.sch.uk/?utm_source=snobe-co-uk&utm_medium=school-profile&utm_campaign=organic,2026-03-19,25.2,170.04999999999998,109.0,179.0,25.2,179.0,109.0,62.0,7.0,180,,,Enfield,True
https://snobe.co.uk/schools/st-annes-catholic-high-school-girls,102053,St Anne's Catholic High School for Girls,Enfield,Oakthorpe Road,London,N13 5TY,Secondary,Roman Catholic,179.0,574,109.0,24.384787,317,51.616307,-0.107967,St Anne's Catholic High School for Girls,179.0,A,Ofsted Outstanding,http://www.st-annes.enfield.sch.uk/?utm_source=snobe-co-uk&utm_medium=school-profile&utm_campaign=organic,2026-03-19,25.2,170.04999999999998,109.0,179.0,25.2,179.0,109.0,62.0,7.0,181,,,Enfield,True
https://snobe.co.uk/schools/st-annes-catholic-high-school-girls,102053,St Anne's Catholic High School for Girls,Enfield,Oakthorpe Road,London,N13 5TY,Secondary,Roman Catholic,179.0,621,109.0,24.384787,345,51.616307,-0.107967,St Anne's Catholic High School for Girls,179.0,A,Ofsted Outstanding,http://www.st-annes.enfield.sch.uk/?utm_source=snobe-co-uk&utm_medium=school-profile&utm_campaign=organic,2026-03-19,25.2,170.04999999999998,109.0,179.0,25.2,179.0,109.0,62.0,7.0,180,,,Enfield,True
https://snobe.co.uk/schools/st-annes-catholic-high-school-girls,102053,St Anne's Catholic High School for Girls,Enfield,Oakthorpe Road,London,N13 5TY,Secondary,Roman Catholic,179.0,609,109.0,24.384787,327,51.616307,-0.107967,St Anne's Catholic High School for Girls,179.0,A,Ofsted Outstanding,http://www.st-annes.enfield.sch.uk/?utm_source=snobe-co-uk&utm_medium=school-profile&utm_campaign=organic,2026-03-19,25.2,170.04999999999998,109.0,179.0,25.2,179.0,109.0,62.0,7.0,186,,,Enfield,True
https://snobe.co.uk/schools/st-annes-catholic-high-school-girls,102053,St Anne's Catholic High School for Girls,Enfield,Oakthorpe Road,London,N13 5TY,Secondary,Roman Catholic,179.0,567,109.0,24.384787,298,51.616307,-0.107967,St Anne's Catholic High School for Girls,179.0,A,Ofsted Outstanding,http://www.st-annes.enfield.sch.uk/?utm_source=snobe-co-uk&utm_medium=school-profile&utm_campaign=organic,2026-03-19,25.2,170.04999999999998,109.0,179.0,25.2,179.0,109.0,62.0,7.0,190,,,Enfield,True
https://snobe.co.uk/schools/st-annes-catholic-high-school-girls,102053,St Anne's Catholic High School for Girls,Enfield,Oakthorpe Road,London,N13 5TY,Secondary,Roman Catholic,179.0,512,109.0,24.384787,286,51.616307,-0.107967,St Anne's Catholic High School for Girls,179.0,A,Ofsted Outstanding,http://www.st-annes.enfield.sch.uk/?utm_source=snobe-co-uk&utm_medium=school-profile&utm_campaign=organic,2026-03-19,25.2,170.04999999999998,109.0,179.0,25.2,179.0,109.0,62.0,7.0,179,,,Enfield,True
https://snobe.co.uk/schools/st-annes-catholic-high-school-girls,102053,St Anne's Catholic High School for Girls,Enfield,Oakthorpe Road,London,N13 5TY,Secondary,Roman Catholic,179.0,527,109.0,24.384787,283,51.616307,-0.107967,St Anne's Catholic High School for Girls,179.0,A,Ofsted Outstanding,http://www.st-annes.enfield.sch.uk/?utm_source=snobe-co-uk&utm_medium=school-profile&utm_campaign=organic,2026-03-19,25.2,170.04999999999998,109.0,179.0,25.2,179.0,109.0,62.0,7.0,186,,,Enfield,True
https://snobe.co.uk/schools/st-annes-catholic-high-school-girls,102053,St Anne's Catholic High School for Girls,Enfield,Oakthorpe Road,London,N13 5TY,Secondary,Roman Catholic,179.0,495,109.0,24.384787,275,51.616307,-0.107967,St Anne's Catholic High School for Girls,179.0,A,Ofsted Outstanding,http://www.st-annes.enfield.sch.uk/?utm_source=snobe-co-uk&utm_medium=school-profile&utm_campaign=organic,2026-03-19,25.2,170.04999999999998,109.0,179.0,25.2,179.0,109.0,62.0,7.0,180,,,Enfield,True
https://snobe.co.uk/schools/st-edmunds-catholic-primary-school,102037,St Edmund's Catholic Primary School,Enfield,Hertford Road,Edmonton,N9 7HJ,Primary,Roman Catholic,51.0,91,51.0,56.043956,178,51.629281,-0.055657,St Edmund's Catholic Primary School,51.0,A+,Ofsted Good,http://www.st-edmunds.enfield.sch.uk/?utm_source=snobe-co-uk&utm_medium=school-profile&utm_campaign=organic,2026-03-19,39.2,48.45,51.0,51.0,39.2,51.0,51.0,62.0,7.0,51,,,Enfield,True
https://snobe.co.uk/schools/st-edmunds-catholic-primary-school,102037,St Edmund's Catholic Primary School,Enfield,Hertford Road,Edmonton,N9 7HJ,Primary,Roman Catholic,51.0,96,51.0,56.043956,178,51.629281,-0.055657,St Edmund's Catholic Primary School,51.0,A+,Ofsted Good,http://www.st-edmunds.enfield.sch.uk/?utm_source=snobe-co-uk&utm_medium=school-profile&utm_campaign=organic,2026-03-19,39.2,48.45,51.0,51.0,39.2,51.0,51.0,62.0,7.0,54,,,Enfield,True
https://snobe.co.uk/schools/st-edmunds-catholic-primary-school,102037,St Edmund's Catholic Primary School,Enfield,Hertford Road,Edmonton,N9 7HJ,Primary,Roman Catholic,51.0,116,51.0,56.043956,197,51.629281,-0.055657,St Edmund's Catholic Primary School,51.0,A+,Ofsted Good,http://www.st-edmunds.enfield.sch.uk/?utm_source=snobe-co-uk&utm_medium=school-profile&utm_campaign=organic,2026-03-19,39.2,48.45,51.0,51.0,39.2,51.0,51.0,62.0,7.0,59,,,Enfield,True
https://snobe.co.uk/schools/st-edmunds-catholic-primary-school,102037,St Edmund's Catholic Primary School,Enfield,Hertford Road,Edmonton,N9 7HJ,Primary,Roman Catholic,51.0,116,51.0,56.043956,211,51.629281,-0.055657,St Edmund's Catholic Primary School,51.0,A+,Ofsted Good,http://www.st-edmunds.enfield.sch.uk/?utm_source=snobe-co-uk&utm_medium=school-profile&utm_campaign=organic,2026-03-19,39.2,48.45,51.0,51.0,39.2,51.0,51.0,62.0,7.0,55,,,Enfield,True
https://snobe.co.uk/schools/st-edmunds-catholic-primary-school,102037,St Edmund's Catholic Primary School,Enfield,Hertford Road,Edmonton,N9 7HJ,Primary,Roman Catholic,51.0,118,51.0,56.043956,197,51.629281,-0.055657,St Edmund's Catholic Primary School,51.0,A+,Ofsted Good,http://www.st-edmunds.enfield.sch.uk/?utm_source=snobe-co-uk&utm_medium=school-profile&utm_campaign=organic,2026-03-19,39.2,48.45,51.0,51.0,39.2,51.0,51.0,62.0,7.0,60,,,Enfield,True
https://snobe.co.uk/schools/st-edmunds-catholic-primary-school,102037,St Edmund's Catholic Primary School,Enfield,Hertford Road,Edmonton,N9 7HJ,Primary,Roman Catholic,51.0,132,51.0,56.043956,220,51.629281,-0.055657,St Edmund's Catholic Primary School,51.0,A+,Ofsted Good,http://www.st-edmunds.enfield.sch.uk/?utm_source=snobe-co-uk&utm_medium=school-profile&utm_campaign=organic,2026-03-19,39.2,48.45,51.0,51.0,39.2,51.0,51.0,62.0,7.0,60,,,Enfield,True
https://snobe.co.uk/schools/st-edmunds-catholic-primary-school,102037,St Edmund's Catholic Primary School,Enfield,Hertford Road,Edmonton,N9 7HJ,Primary,Roman Catholic,51.0,139,51.0,56.043956,253,51.629281,-0.055657,St Edmund's Catholic Primary School,51.0,A+,Ofsted Good,http://www.st-edmunds.enfield.sch.uk/?utm_source=snobe-co-uk&utm_medium=school-profile&utm_campaign=organic,2026-03-19,39.2,48.45,51.0,51.0,39.2,51.0,51.0,62.0,7.0,55,,,Enfield,True
https://snobe.co.uk/schools/st-edmunds-catholic-primary-school,102037,St Edmund's Catholic Primary School,Enfield,Hertford Road,Edmonton,N9 7HJ,Primary,Roman Catholic,51.0,118,51.0,56.043956,223,51.629281,-0.055657,St Edmund's Catholic Primary School,51.0,A+,Ofsted Good,http://www.st-edmunds.enfield.sch.uk/?utm_source=snobe-co-uk&utm_medium=school-profile&utm_campaign=organic,2026-03-19,39.2,48.45,51.0,51.0,39.2,51.0,51.0,62.0,7.0,53,,,Enfield,True
https://snobe.co.uk/schools/st-edmunds-catholic-primary-school,102037,St Edmund's Catholic Primary School,Enfield,Hertford Road,Edmonton,N9 7HJ,Primary,Roman Catholic,51.0,149,51.0,56.043956,324,51.629281,-0.055657,St Edmund's Catholic Primary School,51.0,A+,Ofsted Good,http://www.st-edmunds.enfield.sch.uk/?utm_source=snobe-co-uk&utm_medium=school-profile&utm_campaign=organic,2026-03-19,39.2,48.45,51.0,51.0,39.2,51.0,51.0,62.0,7.0,46,,,Enfield,True
https://snobe.co.uk/schools/st-edmunds-catholic-primary-school,102037,St Edmund's Catholic Primary School,Enfield,Hertford Road,Edmonton,N9 7HJ,Primary,Roman Catholic,51.0,145,51.0,56.043956,254,51.629281,-0.055657,St Edmund's Catholic Primary School,51.0,A+,Ofsted Good,http://www.st-edmunds.enfield.sch.uk/?utm_source=snobe-co-uk&utm_medium=school-profile&utm_campaign=organic,2026-03-19,39.2,48.45,51.0,51.0,39.2,51.0,51.0,62.0,7.0,57,,,Enfield,True
https://snobe.co.uk/schools/st-edmunds-catholic-primary-school,102037,St Edmund's Catholic Primary School,Enfield,Hertford Road,Edmonton,N9 7HJ,Primary,Roman Catholic,51.0,195,51.0,56.043956,325,51.629281,-0.055657,St Edmund's Catholic Primary School,51.0,A+,Ofsted Good,http://www.st-edmunds.enfield.sch.uk/?utm_source=snobe-co-uk&utm_medium=school-profile&utm_campaign=organic,2026-03-19,39.2,48.45,51.0,51.0,39.2,51.0,51.0,62.0,7.0,60,,,Enfield,True
https://snobe.co.uk/schools/st-edmunds-catholic-primary-school,102037,St Edmund's Catholic Primary School,Enfield,Hertford Road,Edmonton,N9 7HJ,Primary,Roman Catholic,51.0,191,51.0,56.043956,324,51.629281,-0.055657,St Edmund's Catholic Primary School,51.0,A+,Ofsted Good,http://www.st-edmunds.enfield.sch.uk/?utm_source=snobe-co-uk&utm_medium=school-profile&utm_campaign=organic,2026-03-19,39.2,48.45,51.0,51.0,39.2,51.0,51.0,62.0,7.0,59,,,Enfield,True
https://snobe.co.uk/schools/st-georges-catholic-primary-school,102038,St George's Catholic Primary School,Enfield,Gordon Road,Enfield,EN2 0QA,Primary,Roman Catholic,55.0,143,53.0,37.062937,260,51.659889,-0.081152,St George's Catholic Primary School,55.0,B-,Ofsted Good,http://www.st-georges.enfield.sch.uk?utm_source=snobe-co-uk&utm_medium=school-profile&utm_campaign=organic,2026-03-19,11.3,52.25,53.0,55.0,11.3,55.0,53.0,62.0,7.0,55,,,Enfield,True
https://snobe.co.uk/schools/st-georges-catholic-primary-school,102038,St George's Catholic Primary School,Enfield,Gordon Road,Enfield,EN2 0QA,Primary,Roman Catholic,55.0,137,53.0,37.062937,285,51.659889,-0.081152,St George's Catholic Primary School,55.0,B-,Ofsted Good,http://www.st-georges.enfield.sch.uk?utm_source=snobe-co-uk&utm_medium=school-profile&utm_campaign=organic,2026-03-19,11.3,52.25,53.0,55.0,11.3,55.0,53.0,62.0,7.0,48,,,Enfield,True
https://snobe.co.uk/schools/st-georges-catholic-primary-school,102038,St George's Catholic Primary School,Enfield,Gordon Road,Enfield,EN2 0QA,Primary,Roman Catholic,55.0,141,53.0,37.062937,247,51.659889,-0.081152,St George's Catholic Primary School,55.0,B-,Ofsted Good,http://www.st-georges.enfield.sch.uk?utm_source=snobe-co-uk&utm_medium=school-profile&utm_campaign=organic,2026-03-19,11.3,52.25,53.0,55.0,11.3,55.0,53.0,62.0,7.0,57,,,Enfield,True
https://snobe.co.uk/schools/st-georges-catholic-primary-school,102038,St George's Catholic Primary School,Enfield,Gordon Road,Enfield,EN2 0QA,Primary,Roman Catholic,55.0,137,53.0,37.062937,269,51.659889,-0.081152,St George's Catholic Primary School,55.0,B-,Ofsted Good,http://www.st-georges.enfield.sch.uk?utm_source=snobe-co-uk&utm_medium=school-profile&utm_campaign=organic,2026-03-19,11.3,52.25,53.0,55.0,11.3,55.0,53.0,62.0,7.0,51,,,Enfield,True
https://snobe.co.uk/schools/st-georges-catholic-primary-school,102038,St George's Catholic Primary School,Enfield,Gordon Road,Enfield,EN2 0QA,Primary,Roman Catholic,55.0,173,53.0,37.062937,206,51.659889,-0.081152,St George's Catholic Primary School,55.0,B-,Ofsted Good,http://www.st-georges.enfield.sch.uk?utm_source=snobe-co-uk&utm_medium=school-profile&utm_campaign=organic,2026-03-19,11.3,52.25,53.0,55.0,11.3,55.0,53.0,62.0,7.0,84,,,Enfield,True
https://snobe.co.uk/schools/st-georges-catholic-primary-school,102038,St George's Catholic Primary School,Enfield,Gordon Road,Enfield,EN2 0QA,Primary,Roman Catholic,55.0,244,53.0,37.062937,271,51.659889,-0.081152,St George's Catholic Primary School,55.0,B-,Ofsted Good,http://www.st-georges.enfield.sch.uk?utm_source=snobe-co-uk&utm_medium=school-profile&utm_campaign=organic,2026-03-19,11.3,52.25,53.0,55.0,11.3,55.0,53.0,62.0,7.0,90,,,Enfield,True
https://snobe.co.uk/schools/st-georges-catholic-primary-school,102038,St George's Catholic Primary School,Enfield,Gordon Road,Enfield,EN2 0QA,Primary,Roman Catholic,55.0,230,53.0,37.062937,258,51.659889,-0.081152,St George's Catholic Primary School,55.0,B-,Ofsted Good,http://www.st-georges.enfield.sch.uk?utm_source=snobe-co-uk&utm_medium=school-profile&utm_campaign=organic,2026-03-19,11.3,52.25,53.0,55.0,11.3,55.0,53.0,62.0,7.0,89,,,Enfield,True
https://snobe.co.uk/schools/st-georges-catholic-primary-school,102038,St George's Catholic Primary School,Enfield,Gordon Road,Enfield,EN2 0QA,Primary,Roman Catholic,55.0,223,53.0,37.062937,248,51.659889,-0.081152,St George's Catholic Primary School,55.0,B-,Ofsted Good,http://www.st-georges.enfield.sch.uk?utm_source=snobe-co-uk&utm_medium=school-profile&utm_campaign=organic,2026-03-19,11.3,52.25,53.0,55.0,11.3,55.0,53.0,62.0,7.0,90,,,Enfield,True
https://snobe.co.uk/schools/st-georges-catholic-primary-school,102038,St George's Catholic Primary School,Enfield,Gordon Road,Enfield,EN2 0QA,Primary,Roman Catholic,55.0,239,53.0,37.062937,266,51.659889,-0.081152,St George's Catholic Primary School,55.0,B-,Ofsted Good,http://www.st-georges.enfield.sch.uk?utm_source=snobe-co-uk&utm_medium=school-profile&utm_campaign=organic,2026-03-19,11.3,52.25,53.0,55.0,11.3,55.0,53.0,62.0,7.0,90,,,Enfield,True
https://snobe.co.uk/schools/st-georges-catholic-primary-school,102038,St George's Catholic Primary School,Enfield,Gordon Road,Enfield,EN2 0QA,Primary,Roman Catholic,55.0,245,53.0,37.062937,272,51.659889,-0.081152,St George's Catholic Primary School,55.0,B-,Ofsted Good,http://www.st-georges.enfield.sch.uk?utm_source=snobe-co-uk&utm_medium=school-profile&utm_campaign=organic,2026-03-19,11.3,52.25,53.0,55.0,11.3,55.0,53.0,62.0,7.0,90,,,Enfield,True
https://snobe.co.uk/schools/st-georges-catholic-primary-school,102038,St George's Catholic Primary School,Enfield,Gordon Road,Enfield,EN2 0QA,Primary,Roman Catholic,55.0,256,53.0,37.062937,284,51.659889,-0.081152,St George's Catholic Primary School,55.0,B-,Ofsted Good,http://www.st-georges.enfield.sch.uk?utm_source=snobe-co-uk&utm_medium=school-profile&utm_campaign=organic,2026-03-19,11.3,52.25,53.0,55.0,11.3,55.0,53.0,62.0,7.0,90,,,Enfield,True
https://snobe.co.uk/schools/st-georges-catholic-primary-school,102038,St George's Catholic Primary School,Enfield,Gordon Road,Enfield,EN2 0QA,Primary,Roman Catholic,55.0,279,53.0,37.062937,310,51.659889,-0.081152,St George's Catholic Primary School,55.0,B-,Ofsted Good,http://www.st-georges.enfield.sch.uk?utm_source=snobe-co-uk&utm_medium=school-profile&utm_campaign=organic,2026-03-19,11.3,52.25,53.0,55.0,11.3,55.0,53.0,62.0,7.0,90,,,Enfield,True
https://snobe.co.uk/schools/st-ignatius-college,102058,St Ignatius College,Enfield,Turkey Street,Enfield,EN1 4NP,Secondary,Roman Catholic,161.0,329,125.0,37.993921,204,51.672908,-0.05587,St Ignatius College,161.0,B,Ofsted Good,http://www.st-ignatius.enfield.sch.uk?utm_source=snobe-co-uk&utm_medium=school-profile&utm_campaign=organic,2026-03-19,29.7,152.95,125.0,161.0,29.7,161.0,125.0,62.0,7.0,161,,,Enfield,True
https://snobe.co.uk/schools/st-ignatius-college,102058,St Ignatius College,Enfield,Turkey Street,Enfield,EN1 4NP,Secondary,Roman Catholic,161.0,360,125.0,37.993921,240,51.672908,-0.05587,St Ignatius College,161.0,B,Ofsted Good,http://www.st-ignatius.enfield.sch.uk?utm_source=snobe-co-uk&utm_medium=school-profile&utm_campaign=organic,2026-03-19,29.7,152.95,125.0,161.0,29.7,161.0,125.0,62.0,7.0,150,,,Enfield,True
https://snobe.co.uk/schools/st-ignatius-college,102058,St Ignatius College,Enfield,Turkey Street,Enfield,EN1 4NP,Secondary,Roman Catholic,161.0,315,125.0,37.993921,197,51.672908,-0.05587,St Ignatius College,161.0,B,Ofsted Good,http://www.st-ignatius.enfield.sch.uk?utm_source=snobe-co-uk&utm_medium=school-profile&utm_campaign=organic,2026-03-19,29.7,152.95,125.0,161.0,29.7,161.0,125.0,62.0,7.0,160,,,Enfield,True
https://snobe.co.uk/schools/st-ignatius-college,102058,St Ignatius College,Enfield,Turkey Street,Enfield,EN1 4NP,Secondary,Roman Catholic,161.0,346,125.0,37.993921,192,51.672908,-0.05587,St Ignatius College,161.0,B,Ofsted Good,http://www.st-ignatius.enfield.sch.uk?utm_source=snobe-co-uk&utm_medium=school-profile&utm_campaign=organic,2026-03-19,29.7,152.95,125.0,161.0,29.7,161.0,125.0,62.0,7.0,180,,,Enfield,True
https://snobe.co.uk/schools/st-ignatius-college,102058,St Ignatius College,Enfield,Turkey Street,Enfield,EN1 4NP,Secondary,Roman Catholic,161.0,363,125.0,37.993921,202,51.672908,-0.05587,St Ignatius College,161.0,B,Ofsted Good,http://www.st-ignatius.enfield.sch.uk?utm_source=snobe-co-uk&utm_medium=school-profile&utm_campaign=organic,2026-03-19,29.7,152.95,125.0,161.0,29.7,161.0,125.0,62.0,7.0,180,,,Enfield,True
https://snobe.co.uk/schools/st-ignatius-college,102058,St Ignatius College,Enfield,Turkey Street,Enfield,EN1 4NP,Secondary,Roman Catholic,161.0,421,125.0,37.993921,229,51.672908,-0.05587,St Ignatius College,161.0,B,Ofsted Good,http://www.st-ignatius.enfield.sch.uk?utm_source=snobe-co-uk&utm_medium=school-profile&utm_campaign=organic,2026-03-19,29.7,152.95,125.0,161.0,29.7,161.0,125.0,62.0,7.0,184,,,Enfield,True
https://snobe.co.uk/schools/st-ignatius-college,102058,St Ignatius College,Enfield,Turkey Street,Enfield,EN1 4NP,Secondary,Roman Catholic,161.0,460,125.0,37.993921,247,51.672908,-0.05587,St Ignatius College,161.0,B,Ofsted Good,http://www.st-ignatius.enfield.sch.uk?utm_source=snobe-co-uk&utm_medium=school-profile&utm_campaign=organic,2026-03-19,29.7,152.95,125.0,161.0,29.7,161.0,125.0,62.0,7.0,186,,,Enfield,True
https://snobe.co.uk/schools/st-ignatius-college,102058,St Ignatius College,Enfield,Turkey Street,Enfield,EN1 4NP,Secondary,Roman Catholic,161.0,432,125.0,37.993921,232,51.672908,-0.05587,St Ignatius College,161.0,B,Ofsted Good,http://www.st-ignatius.enfield.sch.uk?utm_source=snobe-co-uk&utm_medium=school-profile&utm_campaign=organic,2026-03-19,29.7,152.95,125.0,161.0,29.7,161.0,125.0,62.0,7.0,186,,,Enfield,True
https://snobe.co.uk/schools/st-ignatius-college,102058,St Ignatius College,Enfield,Turkey Street,Enfield,EN1 4NP,Secondary,Roman Catholic,161.0,388,125.0,37.993921,210,51.672908,-0.05587,St Ignatius College,161.0,B,Ofsted Good,http://www.st-ignatius.enfield.sch.uk?utm_source=snobe-co-uk&utm_medium=school-profile&utm_campaign=organic,2026-03-19,29.7,152.95,125.0,161.0,29.7,161.0,125.0,62.0,7.0,185,,,Enfield,True
https://snobe.co.uk/schools/st-ignatius-college,102058,St Ignatius College,Enfield,Turkey Street,Enfield,EN1 4NP,Secondary,Roman Catholic,161.0,438,125.0,37.993921,238,51.672908,-0.05587,St Ignatius College,161.0,B,Ofsted Good,http://www.st-ignatius.enfield.sch.uk?utm_source=snobe-co-uk&utm_medium=school-profile&utm_campaign=organic,2026-03-19,29.7,152.95,125.0,161.0,29.7,161.0,125.0,62.0,7.0,184,,,Enfield,True
https://snobe.co.uk/schools/st-ignatius-college,102058,St Ignatius College,Enfield,Turkey Street,Enfield,EN1 4NP,Secondary,Roman Catholic,161.0,367,125.0,37.993921,221,51.672908,-0.05587,St Ignatius College,161.0,B,Ofsted Good,http://www.st-ignatius.enfield.sch.uk?utm_source=snobe-co-uk&utm_medium=school-profile&utm_campaign=organic,2026-03-19,29.7,152.95,125.0,161.0,29.7,161.0,125.0,62.0,7.0,166,,,Enfield,True
https://snobe.co.uk/schools/st-ignatius-college,102058,St Ignatius College,Enfield,Turkey Street,Enfield,EN1 4NP,Secondary,Roman Catholic,161.0,385,125.0,37.993921,245,51.672908,-0.05587,St Ignatius College,161.0,B,Ofsted Good,http://www.st-ignatius.enfield.sch.uk?utm_source=snobe-co-uk&utm_medium=school-profile&utm_campaign=organic,2026-03-19,29.7,152.95,125.0,161.0,29.7,161.0,125.0,62.0,7.0,157,,,Enfield,True
https://snobe.co.uk/schools/st-monicas-rc-primary-school,102039,St Monica's RC Primary School,Enfield,Cannon Road,London,N14 7HE,Primary,Roman Catholic,60.0,161,56.0,34.782609,268,51.623053,-0.120414,St Monica's RC Primary School,60.0,B-,Ofsted Good,https://www.st-monicas.enfield.sch.uk/?utm_source=snobe-co-uk&utm_medium=school-profile&utm_campaign=organic,2026-03-19,5.5,57.0,56.0,60.0,5.5,60.0,56.0,62.0,7.0,60,,,Enfield,True
https://snobe.co.uk/schools/st-monicas-rc-primary-school,102039,St Monica's RC Primary School,Enfield,Cannon Road,London,N14 7HE,Primary,Roman Catholic,60.0,167,56.0,34.782609,274,51.623053,-0.120414,St Monica's RC Primary School,60.0,B-,Ofsted Good,https://www.st-monicas.enfield.sch.uk/?utm_source=snobe-co-uk&utm_medium=school-profile&utm_campaign=organic,2026-03-19,5.5,57.0,56.0,60.0,5.5,60.0,56.0,62.0,7.0,61,,,Enfield,True
https://snobe.co.uk/schools/st-monicas-rc-primary-school,102039,St Monica's RC Primary School,Enfield,Cannon Road,London,N14 7HE,Primary,Roman Catholic,60.0,145,56.0,34.782609,246,51.623053,-0.120414,St Monica's RC Primary School,60.0,B-,Ofsted Good,https://www.st-monicas.enfield.sch.uk/?utm_source=snobe-co-uk&utm_medium=school-profile&utm_campaign=organic,2026-03-19,5.5,57.0,56.0,60.0,5.5,60.0,56.0,62.0,7.0,59,,,Enfield,True
https://snobe.co.uk/schools/st-monicas-rc-primary-school,102039,St Monica's RC Primary School,Enfield,Cannon Road,London,N14 7HE,Primary,Roman Catholic,60.0,150,56.0,34.782609,250,51.623053,-0.120414,St Monica's RC Primary School,60.0,B-,Ofsted Good,https://www.st-monicas.enfield.sch.uk/?utm_source=snobe-co-uk&utm_medium=school-profile&utm_campaign=organic,2026-03-19,5.5,57.0,56.0,60.0,5.5,60.0,56.0,62.0,7.0,60,,,Enfield,True
https://snobe.co.uk/schools/st-monicas-rc-primary-school,102039,St Monica's RC Primary School,Enfield,Cannon Road,London,N14 7HE,Primary,Roman Catholic,60.0,164,56.0,34.782609,278,51.623053,-0.120414,St Monica's RC Primary School,60.0,B-,Ofsted Good,https://www.st-monicas.enfield.sch.uk/?utm_source=snobe-co-uk&utm_medium=school-profile&utm_campaign=organic,2026-03-19,5.5,57.0,56.0,60.0,5.5,60.0,56.0,62.0,7.0,59,,,Enfield,True
https://snobe.co.uk/schools/st-monicas-rc-primary-school,102039,St Monica's RC Primary School,Enfield,Cannon Road,London,N14 7HE,Primary,Roman Catholic,60.0,188,56.0,34.782609,313,51.623053,-0.120414,St Monica's RC Primary School,60.0,B-,Ofsted Good,https://www.st-monicas.enfield.sch.uk/?utm_source=snobe-co-uk&utm_medium=school-profile&utm_campaign=organic,2026-03-19,5.5,57.0,56.0,60.0,5.5,60.0,56.0,62.0,7.0,60,,,Enfield,True
https://snobe.co.uk/schools/st-monicas-rc-primary-school,102039,St Monica's RC Primary School,Enfield,Cannon Road,London,N14 7HE,Primary,Roman Catholic,60.0,177,56.0,34.782609,300,51.623053,-0.120414,St Monica's RC Primary School,60.0,B-,Ofsted Good,https://www.st-monicas.enfield.sch.uk/?utm_source=snobe-co-uk&utm_medium=school-profile&utm_campaign=organic,2026-03-19,5.5,57.0,56.0,60.0,5.5,60.0,56.0,62.0,7.0,59,,,Enfield,True
https://snobe.co.uk/schools/st-monicas-rc-primary-school,102039,St Monica's RC Primary School,Enfield,Cannon Road,London,N14 7HE,Primary,Roman Catholic,60.0,172,56.0,34.782609,287,51.623053,-0.120414,St Monica's RC Primary School,60.0,B-,Ofsted Good,https://www.st-monicas.enfield.sch.uk/?utm_source=snobe-co-uk&utm_medium=school-profile&utm_campaign=organic,2026-03-19,5.5,57.0,56.0,60.0,5.5,60.0,56.0,62.0,7.0,60,,,Enfield,True
https://snobe.co.uk/schools/st-monicas-rc-primary-school,102039,St Monica's RC Primary School,Enfield,Cannon Road,London,N14 7HE,Primary,Roman Catholic,60.0,176,56.0,34.782609,293,51.623053,-0.120414,St Monica's RC Primary School,60.0,B-,Ofsted Good,https://www.st-monicas.enfield.sch.uk/?utm_source=snobe-co-uk&utm_medium=school-profile&utm_campaign=organic,2026-03-19,5.5,57.0,56.0,60.0,5.5,60.0,56.0,62.0,7.0,60,,,Enfield,True
https://snobe.co.uk/schools/st-monicas-rc-primary-school,102039,St Monica's RC Primary School,Enfield,Cannon Road,London,N14 7HE,Primary,Roman Catholic,60.0,146,56.0,34.782609,247,51.623053,-0.120414,St Monica's RC Primary School,60.0,B-,Ofsted Good,https://www.st-monicas.enfield.sch.uk/?utm_source=snobe-co-uk&utm_medium=school-profile&utm_campaign=organic,2026-03-19,5.5,57.0,56.0,60.0,5.5,60.0,56.0,62.0,7.0,59,,,Enfield,True
https://snobe.co.uk/schools/st-monicas-rc-primary-school,102039,St Monica's RC Primary School,Enfield,Cannon Road,London,N14 7HE,Primary,Roman Catholic,60.0,197,56.0,34.782609,328,51.623053,-0.120414,St Monica's RC Primary School,60.0,B-,Ofsted Good,https://www.st-monicas.enfield.sch.uk/?utm_source=snobe-co-uk&utm_medium=school-profile&utm_campaign=organic,2026-03-19,5.5,57.0,56.0,60.0,5.5,60.0,56.0,62.0,7.0,60,,,Enfield,True
https://snobe.co.uk/schools/st-monicas-rc-primary-school,102039,St Monica's RC Primary School,Enfield,Cannon Road,London,N14 7HE,Primary,Roman Catholic,60.0,161,56.0,34.782609,268,51.623053,-0.120414,St Monica's RC Primary School,60.0,B-,Ofsted Good,https://www.st-monicas.enfield.sch.uk/?utm_source=snobe-co-uk&utm_medium=school-profile&utm_campaign=organic,2026-03-19,5.5,57.0,56.0,60.0,5.5,60.0,56.0,62.0,7.0,60,,,Enfield,True
https://snobe.co.uk/schools/holy-family-catholic-primary-school-16,100178,Holy Family Catholic Primary School,Greenwich,Tudway Road,London,SE3 9YX,Primary,Roman Catholic,0.0,17,0.0,91.20028159,1700,51.459948,0.030393,Holy Family Catholic Primary School,0.0,A+,Ofsted Outstanding,http://www.holyfamilyealing.co.uk/?utm_source=snobe-co-uk&utm_medium=school-profile&utm_campaign=organic,2026-03-19,30.4,0.0,0.0,0.0,30.4,0.0,0.0,72.0,8.0,0,,,Greenwich,True
https://snobe.co.uk/schools/holy-family-catholic-primary-school-16,100178,Holy Family Catholic Primary School,Greenwich,Tudway Road,London,SE3 9YX,Primary,Roman Catholic,0.0,31,0.0,91.20028159,221,51.459948,0.030393,Holy Family Catholic Primary School,0.0,A+,Ofsted Outstanding,http://www.holyfamilyealing.co.uk/?utm_source=snobe-co-uk&utm_medium=school-profile&utm_campaign=organic,2026-03-19,30.4,0.0,0.0,0.0,30.4,0.0,0.0,72.0,8.0,14,,,Greenwich,True
https://snobe.co.uk/schools/holy-family-catholic-primary-school-16,100178,Holy Family Catholic Primary School,Greenwich,Tudway Road,London,SE3 9YX,Primary,Roman Catholic,0.0,34,0.0,91.20028159,243,51.459948,0.030393,Holy Family Catholic Primary School,0.0,A+,Ofsted Outstanding,http://www.holyfamilyealing.co.uk/?utm_source=snobe-co-uk&utm_medium=school-profile&utm_campaign=organic,2026-03-19,30.4,0.0,0.0,0.0,30.4,0.0,0.0,72.0,8.0,14,,,Greenwich,True
https://snobe.co.uk/schools/holy-family-catholic-primary-school-16,100178,Holy Family Catholic Primary School,Greenwich,Tudway Road,London,SE3 9YX,Primary,Roman Catholic,0.0,27,0.0,91.20028159,270,51.459948,0.030393,Holy Family Catholic Primary School,0.0,A+,Ofsted Outstanding,http://www.holyfamilyealing.co.uk/?utm_source=snobe-co-uk&utm_medium=school-profile&utm_campaign=organic,2026-03-19,30.4,0.0,0.0,0.0,30.4,0.0,0.0,72.0,8.0,10,,,Greenwich,True
https://snobe.co.uk/schools/holy-family-catholic-primary-school-16,100178,Holy Family Catholic Primary School,Greenwich,Tudway Road,London,SE3 9YX,Primary,Roman Catholic,0.0,47,0.0,91.20028159,261,51.459948,0.030393,Holy Family Catholic Primary School,0.0,A+,Ofsted Outstanding,http://www.holyfamilyealing.co.uk/?utm_source=snobe-co-uk&utm_medium=school-profile&utm_campaign=organic,2026-03-19,30.4,0.0,0.0,0.0,30.4,0.0,0.0,72.0,8.0,18,,,Greenwich,True
https://snobe.co.uk/schools/holy-family-catholic-primary-school-16,100178,Holy Family Catholic Primary School,Greenwich,Tudway Road,London,SE3 9YX,Primary,Roman Catholic,0.0,32,0.0,91.20028159,246,51.459948,0.030393,Holy Family Catholic Primary School,0.0,A+,Ofsted Outstanding,http://www.holyfamilyealing.co.uk/?utm_source=snobe-co-uk&utm_medium=school-profile&utm_campaign=organic,2026-03-19,30.4,0.0,0.0,0.0,30.4,0.0,0.0,72.0,8.0,13,,,Greenwich,True
https://snobe.co.uk/schools/holy-family-catholic-primary-school-16,100178,Holy Family Catholic Primary School,Greenwich,Tudway Road,London,SE3 9YX,Primary,Roman Catholic,0.0,51,0.0,91.20028159,255,51.459948,0.030393,Holy Family Catholic Primary School,0.0,A+,Ofsted Outstanding,http://www.holyfamilyealing.co.uk/?utm_source=snobe-co-uk&utm_medium=school-profile&utm_campaign=organic,2026-03-19,30.4,0.0,0.0,0.0,30.4,0.0,0.0,72.0,8.0,20,,,Greenwich,True
https://snobe.co.uk/schools/holy-family-catholic-primary-school-16,100178,Holy Family Catholic Primary School,Greenwich,Tudway Road,London,SE3 9YX,Primary,Roman Catholic,0.0,57,0.0,91.20028159,190,51.459948,0.030393,Holy Family Catholic Primary School,0.0,A+,Ofsted Outstanding,http://www.holyfamilyealing.co.uk/?utm_source=snobe-co-uk&utm_medium=school-profile&utm_campaign=organic,2026-03-19,30.4,0.0,0.0,0.0,30.4,0.0,0.0,72.0,8.0,30,,,Greenwich,True
https://snobe.co.uk/schools/holy-family-catholic-primary-school-16,100178,Holy Family Catholic Primary School,Greenwich,Tudway Road,London,SE3 9YX,Primary,Roman Catholic,0.0,66,0.0,91.20028159,220,51.459948,0.030393,Holy Family Catholic Primary School,0.0,A+,Ofsted Outstanding,http://www.holyfamilyealing.co.uk/?utm_source=snobe-co-uk&utm_medium=school-profile&utm_campaign=organic,2026-03-19,30.4,0.0,0.0,0.0,30.4,0.0,0.0,72.0,8.0,30,,,Greenwich,True
https://snobe.co.uk/schools/holy-family-catholic-primary-school-16,100178,Holy Family Catholic Primary School,Greenwich,Tudway Road,London,SE3 9YX,Primary,Roman Catholic,0.0,52,0.0,91.20028159,179,51.459948,0.030393,Holy Family Catholic Primary School,0.0,A+,Ofsted Outstanding,http://www.holyfamilyealing.co.uk/?utm_source=snobe-co-uk&utm_medium=school-profile&utm_campaign=organic,2026-03-19,30.4,0.0,0.0,0.0,30.4,0.0,0.0,72.0,8.0,29,,,Greenwich,True
https://snobe.co.uk/schools/holy-family-catholic-primary-school-16,100178,Holy Family Catholic Primary School,Greenwich,Tudway Road,London,SE3 9YX,Primary,Roman Catholic,0.0,43,0.0,91.20028159,143,51.459948,0.030393,Holy Family Catholic Primary School,0.0,A+,Ofsted Outstanding,http://www.holyfamilyealing.co.uk/?utm_source=snobe-co-uk&utm_medium=school-profile&utm_campaign=organic,2026-03-19,30.4,0.0,0.0,0.0,30.4,0.0,0.0,72.0,8.0,30,,,Greenwich,True
https://snobe.co.uk/schools/notre-dame-catholic-primary-school,100179,Notre Dame Catholic Primary School,Greenwich,169 Eglinton Road,London,SE18 3SJ,Primary,Roman Catholic,16.0,56,16.0,28.571429,350,51.480271,0.065947,Notre Dame Catholic Primary School,16.0,A,Ofsted Good,http://www.notredame.greenwich.sch.uk?utm_source=snobe-co-uk&utm_medium=school-profile&utm_campaign=organic,2026-03-19,40.0,15.2,16.0,16.0,40.0,16.0,16.0,72.0,8.0,16,,,Greenwich,True
https://snobe.co.uk/schools/notre-dame-catholic-primary-school,100179,Notre Dame Catholic Primary School,Greenwich,169 Eglinton Road,London,SE18 3SJ,Primary,Roman Catholic,16.0,42,16.0,28.571429,262,51.480271,0.065947,Notre Dame Catholic Primary School,16.0,A,Ofsted Good,http://www.notredame.greenwich.sch.uk?utm_source=snobe-co-uk&utm_medium=school-profile&utm_campaign=organic,2026-03-19,40.0,15.2,16.0,16.0,40.0,16.0,16.0,72.0,8.0,16,,,Greenwich,True
https://snobe.co.uk/schools/notre-dame-catholic-primary-school,100179,Notre Dame Catholic Primary School,Greenwich,169 Eglinton Road,London,SE18 3SJ,Primary,Roman Catholic,16.0,47,16.0,28.571429,362,51.480271,0.065947,Notre Dame Catholic Primary School,16.0,A,Ofsted Good,http://www.notredame.greenwich.sch.uk?utm_source=snobe-co-uk&utm_medium=school-profile&utm_campaign=organic,2026-03-19,40.0,15.2,16.0,16.0,40.0,16.0,16.0,72.0,8.0,13,,,Greenwich,True
https://snobe.co.uk/schools/notre-dame-catholic-primary-school,100179,Notre Dame Catholic Primary School,Greenwich,169 Eglinton Road,London,SE18 3SJ,Primary,Roman Catholic,16.0,50,16.0,28.571429,333,51.480271,0.065947,Notre Dame Catholic Primary School,16.0,A,Ofsted Good,http://www.notredame.greenwich.sch.uk?utm_source=snobe-co-uk&utm_medium=school-profile&utm_campaign=organic,2026-03-19,40.0,15.2,16.0,16.0,40.0,16.0,16.0,72.0,8.0,15,,,Greenwich,True
https://snobe.co.uk/schools/notre-dame-catholic-primary-school,100179,Notre Dame Catholic Primary School,Greenwich,169 Eglinton Road,London,SE18 3SJ,Primary,Roman Catholic,16.0,54,16.0,28.571429,318,51.480271,0.065947,Notre Dame Catholic Primary School,16.0,A,Ofsted Good,http://www.notredame.greenwich.sch.uk?utm_source=snobe-co-uk&utm_medium=school-profile&utm_campaign=organic,2026-03-19,40.0,15.2,16.0,16.0,40.0,16.0,16.0,72.0,8.0,17,,,Greenwich,True
https://snobe.co.uk/schools/notre-dame-catholic-primary-school,100179,Notre Dame Catholic Primary School,Greenwich,169 Eglinton Road,London,SE18 3SJ,Primary,Roman Catholic,16.0,54,16.0,28.571429,284,51.480271,0.065947,Notre Dame Catholic Primary School,16.0,A,Ofsted Good,http://www.notredame.greenwich.sch.uk?utm_source=snobe-co-uk&utm_medium=school-profile&utm_campaign=organic,2026-03-19,40.0,15.2,16.0,16.0,40.0,16.0,16.0,72.0,8.0,19,,,Greenwich,True
https://snobe.co.uk/schools/notre-dame-catholic-primary-school,100179,Notre Dame Catholic Primary School,Greenwich,169 Eglinton Road,London,SE18 3SJ,Primary,Roman Catholic,16.0,58,16.0,28.571429,193,51.480271,0.065947,Notre Dame Catholic Primary School,16.0,A,Ofsted Good,http://www.notredame.greenwich.sch.uk?utm_source=snobe-co-uk&utm_medium=school-profile&utm_campaign=organic,2026-03-19,40.0,15.2,16.0,16.0,40.0,16.0,16.0,72.0,8.0,30,,,Greenwich,True
https://snobe.co.uk/schools/notre-dame-catholic-primary-school,100179,Notre Dame Catholic Primary School,Greenwich,169 Eglinton Road,London,SE18 3SJ,Primary,Roman Catholic,16.0,55,16.0,28.571429,250,51.480271,0.065947,Notre Dame Catholic Primary School,16.0,A,Ofsted Good,http://www.notredame.greenwich.sch.uk?utm_source=snobe-co-uk&utm_medium=school-profile&utm_campaign=organic,2026-03-19,40.0,15.2,16.0,16.0,40.0,16.0,16.0,72.0,8.0,22,,,Greenwich,True
https://snobe.co.uk/schools/notre-dame-catholic-primary-school,100179,Notre Dame Catholic Primary School,Greenwich,169 Eglinton Road,London,SE18 3SJ,Primary,Roman Catholic,16.0,56,16.0,28.571429,187,51.480271,0.065947,Notre Dame Catholic Primary School,16.0,A,Ofsted Good,http://www.notredame.greenwich.sch.uk?utm_source=snobe-co-uk&utm_medium=school-profile&utm_campaign=organic,2026-03-19,40.0,15.2,16.0,16.0,40.0,16.0,16.0,72.0,8.0,30,,,Greenwich,True
https://snobe.co.uk/schools/notre-dame-catholic-primary-school,100179,Notre Dame Catholic Primary School,Greenwich,169 Eglinton Road,London,SE18 3SJ,Primary,Roman Catholic,16.0,75,16.0,28.571429,250,51.480271,0.065947,Notre Dame Catholic Primary School,16.0,A,Ofsted Good,http://www.notredame.greenwich.sch.uk?utm_source=snobe-co-uk&utm_medium=school-profile&utm_campaign=organic,2026-03-19,40.0,15.2,16.0,16.0,40.0,16.0,16.0,72.0,8.0,30,,,Greenwich,True
https://snobe.co.uk/schools/notre-dame-catholic-primary-school,100179,Notre Dame Catholic Primary School,Greenwich,169 Eglinton Road,London,SE18 3SJ,Primary,Roman Catholic,16.0,72,16.0,28.571429,240,51.480271,0.065947,Notre Dame Catholic Primary School,16.0,A,Ofsted Good,http://www.notredame.greenwich.sch.uk?utm_source=snobe-co-uk&utm_medium=school-profile&utm_campaign=organic,2026-03-19,40.0,15.2,16.0,16.0,40.0,16.0,16.0,72.0,8.0,30,,,Greenwich,True
https://snobe.co.uk/schools/notre-dame-catholic-primary-school,100179,Notre Dame Catholic Primary School,Greenwich,169 Eglinton Road,London,SE18 3SJ,Primary,Roman Catholic,16.0,83,16.0,28.571429,277,51.480271,0.065947,Notre Dame Catholic Primary School,16.0,A,Ofsted Good,http://www.notredame.greenwich.sch.uk?utm_source=snobe-co-uk&utm_medium=school-profile&utm_campaign=organic,2026-03-19,40.0,15.2,16.0,16.0,40.0,16.0,16.0,72.0,8.0,30,,,Greenwich,True
https://snobe.co.uk/schools/our-lady-grace-catholic-primary-school,100168,Our Lady of Grace Catholic Primary School,Greenwich,16 Highcombe,London,SE7 7HR,Primary,Roman Catholic,60.0,152,54.0,35.526316,253,51.48143,0.028408,Our Lady of Grace Catholic Primary School,60.0,A+,Ofsted Outstanding,http://www.ourladyofgracecatholicprimaryschool.co.uk?utm_source=snobe-co-uk&utm_medium=school-profile&utm_campaign=organic,2026-03-19,21.6,57.0,54.0,60.0,21.6,60.0,54.0,72.0,8.0,60,,,Greenwich,True
https://snobe.co.uk/schools/our-lady-grace-catholic-primary-school,100168,Our Lady of Grace Catholic Primary School,Greenwich,16 Highcombe,London,SE7 7HR,Primary,Roman Catholic,60.0,169,54.0,35.526316,282,51.48143,0.028408,Our Lady of Grace Catholic Primary School,60.0,A+,Ofsted Outstanding,http://www.ourladyofgracecatholicprimaryschool.co.uk?utm_source=snobe-co-uk&utm_medium=school-profile&utm_campaign=organic,2026-03-19,21.6,57.0,54.0,60.0,21.6,60.0,54.0,72.0,8.0,60,,,Greenwich,True
https://snobe.co.uk/schools/our-lady-grace-catholic-primary-school,100168,Our Lady of Grace Catholic Primary School,Greenwich,16 Highcombe,London,SE7 7HR,Primary,Roman Catholic,60.0,135,54.0,35.526316,233,51.48143,0.028408,Our Lady of Grace Catholic Primary School,60.0,A+,Ofsted Outstanding,http://www.ourladyofgracecatholicprimaryschool.co.uk?utm_source=snobe-co-uk&utm_medium=school-profile&utm_campaign=organic,2026-03-19,21.6,57.0,54.0,60.0,21.6,60.0,54.0,72.0,8.0,58,,,Greenwich,True
https://snobe.co.uk/schools/our-lady-grace-catholic-primary-school,100168,Our Lady of Grace Catholic Primary School,Greenwich,16 Highcombe,London,SE7 7HR,Primary,Roman Catholic,60.0,181,54.0,35.526316,307,51.48143,0.028408,Our Lady of Grace Catholic Primary School,60.0,A+,Ofsted Outstanding,http://www.ourladyofgracecatholicprimaryschool.co.uk?utm_source=snobe-co-uk&utm_medium=school-profile&utm_campaign=organic,2026-03-19,21.6,57.0,54.0,60.0,21.6,60.0,54.0,72.0,8.0,59,,,Greenwich,True
https://snobe.co.uk/schools/our-lady-grace-catholic-primary-school,100168,Our Lady of Grace Catholic Primary School,Greenwich,16 Highcombe,London,SE7 7HR,Primary,Roman Catholic,60.0,161,54.0,35.526316,268,51.48143,0.028408,Our Lady of Grace Catholic Primary School,60.0,A+,Ofsted Outstanding,http://www.ourladyofgracecatholicprimaryschool.co.uk?utm_source=snobe-co-uk&utm_medium=school-profile&utm_campaign=organic,2026-03-19,21.6,57.0,54.0,60.0,21.6,60.0,54.0,72.0,8.0,60,,,Greenwich,True
https://snobe.co.uk/schools/our-lady-grace-catholic-primary-school,100168,Our Lady of Grace Catholic Primary School,Greenwich,16 Highcombe,London,SE7 7HR,Primary,Roman Catholic,60.0,161,54.0,35.526316,268,51.48143,0.028408,Our Lady of Grace Catholic Primary School,60.0,A+,Ofsted Outstanding,http://www.ourladyofgracecatholicprimaryschool.co.uk?utm_source=snobe-co-uk&utm_medium=school-profile&utm_campaign=organic,2026-03-19,21.6,57.0,54.0,60.0,21.6,60.0,54.0,72.0,8.0,60,,,Greenwich,True
https://snobe.co.uk/schools/our-lady-grace-catholic-primary-school,100168,Our Lady of Grace Catholic Primary School,Greenwich,16 Highcombe,London,SE7 7HR,Primary,Roman Catholic,60.0,134,54.0,35.526316,223,51.48143,0.028408,Our Lady of Grace Catholic Primary School,60.0,A+,Ofsted Outstanding,http://www.ourladyofgracecatholicprimaryschool.co.uk?utm_source=snobe-co-uk&utm_medium=school-profile&utm_campaign=organic,2026-03-19,21.6,57.0,54.0,60.0,21.6,60.0,54.0,72.0,8.0,60,,,Greenwich,True
https://snobe.co.uk/schools/our-lady-grace-catholic-primary-school,100168,Our Lady of Grace Catholic Primary School,Greenwich,16 Highcombe,London,SE7 7HR,Primary,Roman Catholic,60.0,143,54.0,35.526316,242,51.48143,0.028408,Our Lady of Grace Catholic Primary School,60.0,A+,Ofsted Outstanding,http://www.ourladyofgracecatholicprimaryschool.co.uk?utm_source=snobe-co-uk&utm_medium=school-profile&utm_campaign=organic,2026-03-19,21.6,57.0,54.0,60.0,21.6,60.0,54.0,72.0,8.0,59,,,Greenwich,True
https://snobe.co.uk/schools/our-lady-grace-catholic-primary-school,100168,Our Lady of Grace Catholic Primary School,Greenwich,16 Highcombe,London,SE7 7HR,Primary,Roman Catholic,60.0,128,54.0,35.526316,221,51.48143,0.028408,Our Lady of Grace Catholic Primary School,60.0,A+,Ofsted Outstanding,http://www.ourladyofgracecatholicprimaryschool.co.uk?utm_source=snobe-co-uk&utm_medium=school-profile&utm_campaign=organic,2026-03-19,21.6,57.0,54.0,60.0,21.6,60.0,54.0,72.0,8.0,58,,,Greenwich,True
https://snobe.co.uk/schools/our-lady-grace-catholic-primary-school,100168,Our Lady of Grace Catholic Primary School,Greenwich,16 Highcombe,London,SE7 7HR,Primary,Roman Catholic,60.0,140,54.0,35.526316,233,51.48143,0.028408,Our Lady of Grace Catholic Primary School,60.0,A+,Ofsted Outstanding,http://www.ourladyofgracecatholicprimaryschool.co.uk?utm_source=snobe-co-uk&utm_medium=school-profile&utm_campaign=organic,2026-03-19,21.6,57.0,54.0,60.0,21.6,60.0,54.0,72.0,8.0,60,,,Greenwich,True
https://snobe.co.uk/schools/our-lady-grace-catholic-primary-school,100168,Our Lady of Grace Catholic Primary School,Greenwich,16 Highcombe,London,SE7 7HR,Primary,Roman Catholic,60.0,115,54.0,35.526316,383,51.48143,0.028408,Our Lady of Grace Catholic Primary School,60.0,A+,Ofsted Outstanding,http://www.ourladyofgracecatholicprimaryschool.co.uk?utm_source=snobe-co-uk&utm_medium=school-profile&utm_campaign=organic,2026-03-19,21.6,57.0,54.0,60.0,21.6,60.0,54.0,72.0,8.0,30,,,Greenwich,True
https://snobe.co.uk/schools/our-lady-grace-catholic-primary-school,100168,Our Lady of Grace Catholic Primary School,Greenwich,16 Highcombe,London,SE7 7HR,Primary,Roman Catholic,60.0,132,54.0,35.526316,440,51.48143,0.028408,Our Lady of Grace Catholic Primary School,60.0,A+,Ofsted Outstanding,http://www.ourladyofgracecatholicprimaryschool.co.uk?utm_source=snobe-co-uk&utm_medium=school-profile&utm_campaign=organic,2026-03-19,21.6,57.0,54.0,60.0,21.6,60.0,54.0,72.0,8.0,30,,,Greenwich,True
https://snobe.co.uk/schools/st-josephs-catholic-primary-school-sw3-2qt,100169,St Joseph's Catholic Primary School,Greenwich,Commerell Street,London,SE10 9AN,Primary,Roman Catholic,17.0,46,12.0,26.086957,271,51.48629,0.005737,St Joseph's Catholic Primary School,17.0,A+,Ofsted Outstanding,http://www.stjosephs.rbkc.sch.uk/?utm_source=snobe-co-uk&utm_medium=school-profile&utm_campaign=organic,2026-03-19,50.0,16.15,12.0,14.0,50.0,17.0,12.0,72.0,8.0,17,,,Greenwich,True
https://snobe.co.uk/schools/st-josephs-catholic-primary-school-sw3-2qt,100169,St Joseph's Catholic Primary School,Greenwich,Commerell Street,London,SE10 9AN,Primary,Roman Catholic,17.0,53,12.0,26.086957,279,51.48629,0.005737,St Joseph's Catholic Primary School,17.0,A+,Ofsted Outstanding,http://www.stjosephs.rbkc.sch.uk/?utm_source=snobe-co-uk&utm_medium=school-profile&utm_campaign=organic,2026-03-19,50.0,16.15,12.0,14.0,50.0,17.0,12.0,72.0,8.0,19,,,Greenwich,True
https://snobe.co.uk/schools/st-josephs-catholic-primary-school-sw3-2qt,100169,St Joseph's Catholic Primary School,Greenwich,Commerell Street,London,SE10 9AN,Primary,Roman Catholic,17.0,50,12.0,26.086957,455,51.48629,0.005737,St Joseph's Catholic Primary School,17.0,A+,Ofsted Outstanding,http://www.stjosephs.rbkc.sch.uk/?utm_source=snobe-co-uk&utm_medium=school-profile&utm_campaign=organic,2026-03-19,50.0,16.15,12.0,14.0,50.0,17.0,12.0,72.0,8.0,11,,,Greenwich,True
https://snobe.co.uk/schools/st-josephs-catholic-primary-school-sw3-2qt,100169,St Joseph's Catholic Primary School,Greenwich,Commerell Street,London,SE10 9AN,Primary,Roman Catholic,17.0,94,12.0,26.086957,313,51.48629,0.005737,St Joseph's Catholic Primary School,17.0,A+,Ofsted Outstanding,http://www.stjosephs.rbkc.sch.uk/?utm_source=snobe-co-uk&utm_medium=school-profile&utm_campaign=organic,2026-03-19,50.0,16.15,12.0,14.0,50.0,17.0,12.0,72.0,8.0,30,,,Greenwich,True
https://snobe.co.uk/schools/st-josephs-catholic-primary-school-sw3-2qt,100169,St Joseph's Catholic Primary School,Greenwich,Commerell Street,London,SE10 9AN,Primary,Roman Catholic,17.0,75,12.0,26.086957,250,51.48629,0.005737,St Joseph's Catholic Primary School,17.0,A+,Ofsted Outstanding,http://www.stjosephs.rbkc.sch.uk/?utm_source=snobe-co-uk&utm_medium=school-profile&utm_campaign=organic,2026-03-19,50.0,16.15,12.0,14.0,50.0,17.0,12.0,72.0,8.0,30,,,Greenwich,True
https://snobe.co.uk/schools/st-josephs-catholic-primary-school-sw3-2qt,100169,St Joseph's Catholic Primary School,Greenwich,Commerell Street,London,SE10 9AN,Primary,Roman Catholic,17.0,70,12.0,26.086957,233,51.48629,0.005737,St Joseph's Catholic Primary School,17.0,A+,Ofsted Outstanding,http://www.stjosephs.rbkc.sch.uk/?utm_source=snobe-co-uk&utm_medium=school-profile&utm_campaign=organic,2026-03-19,50.0,16.15,12.0,14.0,50.0,17.0,12.0,72.0,8.0,30,,,Greenwich,True
https://snobe.co.uk/schools/st-josephs-catholic-primary-school-sw3-2qt,100169,St Joseph's Catholic Primary School,Greenwich,Commerell Street,London,SE10 9AN,Primary,Roman Catholic,17.0,74,12.0,26.086957,247,51.48629,0.005737,St Joseph's Catholic Primary School,17.0,A+,Ofsted Outstanding,http://www.stjosephs.rbkc.sch.uk/?utm_source=snobe-co-uk&utm_medium=school-profile&utm_campaign=organic,2026-03-19,50.0,16.15,12.0,14.0,50.0,17.0,12.0,72.0,8.0,30,,,Greenwich,True
https://snobe.co.uk/schools/st-josephs-catholic-primary-school-sw3-2qt,100169,St Joseph's Catholic Primary School,Greenwich,Commerell Street,London,SE10 9AN,Primary,Roman Catholic,17.0,85,12.0,26.086957,283,51.48629,0.005737,St Joseph's Catholic Primary School,17.0,A+,Ofsted Outstanding,http://www.stjosephs.rbkc.sch.uk/?utm_source=snobe-co-uk&utm_medium=school-profile&utm_campaign=organic,2026-03-19,50.0,16.15,12.0,14.0,50.0,17.0,12.0,72.0,8.0,30,,,Greenwich,True
https://snobe.co.uk/schools/st-josephs-catholic-primary-school-sw3-2qt,100169,St Joseph's Catholic Primary School,Greenwich,Commerell Street,London,SE10 9AN,Primary,Roman Catholic,17.0,99,12.0,26.086957,330,51.48629,0.005737,St Joseph's Catholic Primary School,17.0,A+,Ofsted Outstanding,http://www.stjosephs.rbkc.sch.uk/?utm_source=snobe-co-uk&utm_medium=school-profile&utm_campaign=organic,2026-03-19,50.0,16.15,12.0,14.0,50.0,17.0,12.0,72.0,8.0,30,,,Greenwich,True
https://snobe.co.uk/schools/st-josephs-catholic-primary-school-sw3-2qt,100169,St Joseph's Catholic Primary School,Greenwich,Commerell Street,London,SE10 9AN,Primary,Roman Catholic,17.0,81,12.0,26.086957,270,51.48629,0.005737,St Joseph's Catholic Primary School,17.0,A+,Ofsted Outstanding,http://www.stjosephs.rbkc.sch.uk/?utm_source=snobe-co-uk&utm_medium=school-profile&utm_campaign=organic,2026-03-19,50.0,16.15,12.0,14.0,50.0,17.0,12.0,72.0,8.0,30,,,Greenwich,True
https://snobe.co.uk/schools/st-josephs-catholic-primary-school-sw3-2qt,100169,St Joseph's Catholic Primary School,Greenwich,Commerell Street,London,SE10 9AN,Primary,Roman Catholic,17.0,94,12.0,26.086957,313,51.48629,0.005737,St Joseph's Catholic Primary School,17.0,A+,Ofsted Outstanding,http://www.stjosephs.rbkc.sch.uk/?utm_source=snobe-co-uk&utm_medium=school-profile&utm_campaign=organic,2026-03-19,50.0,16.15,12.0,14.0,50.0,17.0,12.0,72.0,8.0,30,,,Greenwich,True
https://snobe.co.uk/schools/st-josephs-catholic-primary-school-sw3-2qt,100169,St Joseph's Catholic Primary School,Greenwich,Commerell Street,London,SE10 9AN,Primary,Roman Catholic,17.0,77,12.0,26.086957,257,51.48629,0.005737,St Joseph's Catholic Primary School,17.0,A+,Ofsted Outstanding,http://www.stjosephs.rbkc.sch.uk/?utm_source=snobe-co-uk&utm_medium=school-profile&utm_campaign=organic,2026-03-19,50.0,16.15,12.0,14.0,50.0,17.0,12.0,72.0,8.0,30,,,Greenwich,True
https://snobe.co.uk/schools/st-margaret-clitherow-catholic-primary-school,100180,St Margaret Clitherow Catholic Primary School,Greenwich,Cole Close,London,SE28 8GB,Primary,Roman Catholic,13.0,44,13.0,29.545455,338,51.500964,0.113366,St Margaret Clitherow Catholic Primary School,13.0,A,Ofsted Good,http://www.lgfl.net/lgfl/leas/greenwich/schools/stmargaretclitherow/?utm_source=snobe-co-uk&utm_medium=school-profile&utm_campaign=organic,2026-03-19,21.4,12.35,13.0,13.0,21.4,13.0,13.0,72.0,8.0,13,,,Greenwich,True
https://snobe.co.uk/schools/st-margaret-clitherow-catholic-primary-school,100180,St Margaret Clitherow Catholic Primary School,Greenwich,Cole Close,London,SE28 8GB,Primary,Roman Catholic,13.0,67,13.0,29.545455,223,51.500964,0.113366,St Margaret Clitherow Catholic Primary School,13.0,A,Ofsted Good,http://www.lgfl.net/lgfl/leas/greenwich/schools/stmargaretclitherow/?utm_source=snobe-co-uk&utm_medium=school-profile&utm_campaign=organic,2026-03-19,21.4,12.35,13.0,13.0,21.4,13.0,13.0,72.0,8.0,30,,,Greenwich,True
https://snobe.co.uk/schools/st-margaret-clitherow-catholic-primary-school,100180,St Margaret Clitherow Catholic Primary School,Greenwich,Cole Close,London,SE28 8GB,Primary,Roman Catholic,13.0,70,13.0,29.545455,233,51.500964,0.113366,St Margaret Clitherow Catholic Primary School,13.0,A,Ofsted Good,http://www.lgfl.net/lgfl/leas/greenwich/schools/stmargaretclitherow/?utm_source=snobe-co-uk&utm_medium=school-profile&utm_campaign=organic,2026-03-19,21.4,12.35,13.0,13.0,21.4,13.0,13.0,72.0,8.0,30,,,Greenwich,True
https://snobe.co.uk/schools/st-margaret-clitherow-catholic-primary-school,100180,St Margaret Clitherow Catholic Primary School,Greenwich,Cole Close,London,SE28 8GB,Primary,Roman Catholic,13.0,62,13.0,29.545455,248,51.500964,0.113366,St Margaret Clitherow Catholic Primary School,13.0,A,Ofsted Good,http://www.lgfl.net/lgfl/leas/greenwich/schools/stmargaretclitherow/?utm_source=snobe-co-uk&utm_medium=school-profile&utm_campaign=organic,2026-03-19,21.4,12.35,13.0,13.0,21.4,13.0,13.0,72.0,8.0,25,,,Greenwich,True
https://snobe.co.uk/schools/st-margaret-clitherow-catholic-primary-school,100180,St Margaret Clitherow Catholic Primary School,Greenwich,Cole Close,London,SE28 8GB,Primary,Roman Catholic,13.0,65,13.0,29.545455,310,51.500964,0.113366,St Margaret Clitherow Catholic Primary School,13.0,A,Ofsted Good,http://www.lgfl.net/lgfl/leas/greenwich/schools/stmargaretclitherow/?utm_source=snobe-co-uk&utm_medium=school-profile&utm_campaign=organic,2026-03-19,21.4,12.35,13.0,13.0,21.4,13.0,13.0,72.0,8.0,21,,,Greenwich,True
https://snobe.co.uk/schools/st-margaret-clitherow-catholic-primary-school,100180,St Margaret Clitherow Catholic Primary School,Greenwich,Cole Close,London,SE28 8GB,Primary,Roman Catholic,13.0,85,13.0,29.545455,283,51.500964,0.113366,St Margaret Clitherow Catholic Primary School,13.0,A,Ofsted Good,http://www.lgfl.net/lgfl/leas/greenwich/schools/stmargaretclitherow/?utm_source=snobe-co-uk&utm_medium=school-profile&utm_campaign=organic,2026-03-19,21.4,12.35,13.0,13.0,21.4,13.0,13.0,72.0,8.0,30,,,Greenwich,True
https://snobe.co.uk/schools/st-margaret-clitherow-catholic-primary-school,100180,St Margaret Clitherow Catholic Primary School,Greenwich,Cole Close,London,SE28 8GB,Primary,Roman Catholic,13.0,68,13.0,29.545455,234,51.500964,0.113366,St Margaret Clitherow Catholic Primary School,13.0,A,Ofsted Good,http://www.lgfl.net/lgfl/leas/greenwich/schools/stmargaretclitherow/?utm_source=snobe-co-uk&utm_medium=school-profile&utm_campaign=organic,2026-03-19,21.4,12.35,13.0,13.0,21.4,13.0,13.0,72.0,8.0,29,,,Greenwich,True
https://snobe.co.uk/schools/st-margaret-clitherow-catholic-primary-school,100180,St Margaret Clitherow Catholic Primary School,Greenwich,Cole Close,London,SE28 8GB,Primary,Roman Catholic,13.0,67,13.0,29.545455,223,51.500964,0.113366,St Margaret Clitherow Catholic Primary School,13.0,A,Ofsted Good,http://www.lgfl.net/lgfl/leas/greenwich/schools/stmargaretclitherow/?utm_source=snobe-co-uk&utm_medium=school-profile&utm_campaign=organic,2026-03-19,21.4,12.35,13.0,13.0,21.4,13.0,13.0,72.0,8.0,30,,,Greenwich,True
https://snobe.co.uk/schools/st-margaret-clitherow-catholic-primary-school,100180,St Margaret Clitherow Catholic Primary School,Greenwich,Cole Close,London,SE28 8GB,Primary,Roman Catholic,13.0,89,13.0,29.545455,297,51.500964,0.113366,St Margaret Clitherow Catholic Primary School,13.0,A,Ofsted Good,http://www.lgfl.net/lgfl/leas/greenwich/schools/stmargaretclitherow/?utm_source=snobe-co-uk&utm_medium=school-profile&utm_campaign=organic,2026-03-19,21.4,12.35,13.0,13.0,21.4,13.0,13.0,72.0,8.0,30,,,Greenwich,True
https://snobe.co.uk/schools/st-margaret-clitherow-catholic-primary-school,100180,St Margaret Clitherow Catholic Primary School,Greenwich,Cole Close,London,SE28 8GB,Primary,Roman Catholic,13.0,77,13.0,29.545455,257,51.500964,0.113366,St Margaret Clitherow Catholic Primary School,13.0,A,Ofsted Good,http://www.lgfl.net/lgfl/leas/greenwich/schools/stmargaretclitherow/?utm_source=snobe-co-uk&utm_medium=school-profile&utm_campaign=organic,2026-03-19,21.4,12.35,13.0,13.0,21.4,13.0,13.0,72.0,8.0,30,,,Greenwich,True
https://snobe.co.uk/schools/st-margaret-clitherow-catholic-primary-school,100180,St Margaret Clitherow Catholic Primary School,Greenwich,Cole Close,London,SE28 8GB,Primary,Roman Catholic,13.0,108,13.0,29.545455,372,51.500964,0.113366,St Margaret Clitherow Catholic Primary School,13.0,A,Ofsted Good,http://www.lgfl.net/lgfl/leas/greenwich/schools/stmargaretclitherow/?utm_source=snobe-co-uk&utm_medium=school-profile&utm_campaign=organic,2026-03-19,21.4,12.35,13.0,13.0,21.4,13.0,13.0,72.0,8.0,29,,,Greenwich,True
https://snobe.co.uk/schools/st-margaret-clitherow-catholic-primary-school,100180,St Margaret Clitherow Catholic Primary School,Greenwich,Cole Close,London,SE28 8GB,Primary,Roman Catholic,13.0,100,13.0,29.545455,345,51.500964,0.113366,St Margaret Clitherow Catholic Primary School,13.0,A,Ofsted Good,http://www.lgfl.net/lgfl/leas/greenwich/schools/stmargaretclitherow/?utm_source=snobe-co-uk&utm_medium=school-profile&utm_campaign=organic,2026-03-19,21.4,12.35,13.0,13.0,21.4,13.0,13.0,72.0,8.0,29,,,Greenwich,True
https://snobe.co.uk/schools/st-marys-catholic-primary-school,100172,St Mary's Catholic Primary School,Greenwich,Glenure Road,London,SE9 1UF,Primary,Roman Catholic,59.0,173,59.0,31.550802,288,51.453534,0.063991,St Mary's Catholic Primary School,60.0,A,Ofsted Good,http://www.stmarysrc.lbhf.sch.uk?utm_source=snobe-co-uk&utm_medium=school-profile&utm_campaign=organic,2026-03-19,5.8,56.05,60.0,60.0,5.8,60.0,60.0,72.0,8.0,60,,,Greenwich,True
https://snobe.co.uk/schools/st-marys-catholic-primary-school,100172,St Mary's Catholic Primary School,Greenwich,Glenure Road,London,SE9 1UF,Primary,Roman Catholic,59.0,197,59.0,31.550802,328,51.453534,0.063991,St Mary's Catholic Primary School,60.0,A,Ofsted Good,http://www.stmarysrc.lbhf.sch.uk?utm_source=snobe-co-uk&utm_medium=school-profile&utm_campaign=organic,2026-03-19,5.8,56.05,60.0,60.0,5.8,60.0,60.0,72.0,8.0,60,,,Greenwich,True
https://snobe.co.uk/schools/st-marys-catholic-primary-school,100172,St Mary's Catholic Primary School,Greenwich,Glenure Road,London,SE9 1UF,Primary,Roman Catholic,59.0,185,59.0,31.550802,314,51.453534,0.063991,St Mary's Catholic Primary School,60.0,A,Ofsted Good,http://www.stmarysrc.lbhf.sch.uk?utm_source=snobe-co-uk&utm_medium=school-profile&utm_campaign=organic,2026-03-19,5.8,56.05,60.0,60.0,5.8,60.0,60.0,72.0,8.0,59,,,Greenwich,True
https://snobe.co.uk/schools/st-pauls-academy,105135,St Paul's Academy,Greenwich,Finchale Road,London,SE2 9PX,Secondary,Roman Catholic,200.0,326,112.0,34.355828,163,51.49251,0.105412,St Paul's Academy,200.0,B-,Ofsted Requires Improvement,http://www.stpaulsacademy.org.uk/?utm_source=snobe-co-uk&utm_medium=school-profile&utm_campaign=organic,2026-03-19,33.5,190.0,112.0,142.0,33.5,200.0,112.0,72.0,8.0,200,,,Greenwich,True
https://snobe.co.uk/schools/st-pauls-academy,105135,St Paul's Academy,Greenwich,Finchale Road,London,SE2 9PX,Secondary,Roman Catholic,200.0,442,112.0,34.355828,194,51.49251,0.105412,St Paul's Academy,200.0,B-,Ofsted Requires Improvement,http://www.stpaulsacademy.org.uk/?utm_source=snobe-co-uk&utm_medium=school-profile&utm_campaign=organic,2026-03-19,33.5,190.0,112.0,142.0,33.5,200.0,112.0,72.0,8.0,228,,,Greenwich,True
https://snobe.co.uk/schools/st-pauls-academy,105135,St Paul's Academy,Greenwich,Finchale Road,London,SE2 9PX,Secondary,Roman Catholic,200.0,465,112.0,34.355828,203,51.49251,0.105412,St Paul's Academy,200.0,B-,Ofsted Requires Improvement,http://www.stpaulsacademy.org.uk/?utm_source=snobe-co-uk&utm_medium=school-profile&utm_campaign=organic,2026-03-19,33.5,190.0,112.0,142.0,33.5,200.0,112.0,72.0,8.0,229,,,Greenwich,True
https://snobe.co.uk/schools/st-pauls-academy,105135,St Paul's Academy,Greenwich,Finchale Road,London,SE2 9PX,Secondary,Roman Catholic,200.0,415,112.0,34.355828,213,51.49251,0.105412,St Paul's Academy,200.0,B-,Ofsted Requires Improvement,http://www.stpaulsacademy.org.uk/?utm_source=snobe-co-uk&utm_medium=school-profile&utm_campaign=organic,2026-03-19,33.5,190.0,112.0,142.0,33.5,200.0,112.0,72.0,8.0,195,,,Greenwich,True
https://snobe.co.uk/schools/st-pauls-academy,105135,St Paul's Academy,Greenwich,Finchale Road,London,SE2 9PX,Secondary,Roman Catholic,200.0,514,112.0,34.355828,218,51.49251,0.105412,St Paul's Academy,200.0,B-,Ofsted Requires Improvement,http://www.stpaulsacademy.org.uk/?utm_source=snobe-co-uk&utm_medium=school-profile&utm_campaign=organic,2026-03-19,33.5,190.0,112.0,142.0,33.5,200.0,112.0,72.0,8.0,236,,,Greenwich,True
https://snobe.co.uk/schools/st-pauls-academy,105135,St Paul's Academy,Greenwich,Finchale Road,London,SE2 9PX,Secondary,Roman Catholic,200.0,573,112.0,34.355828,244,51.49251,0.105412,St Paul's Academy,200.0,B-,Ofsted Requires Improvement,http://www.stpaulsacademy.org.uk/?utm_source=snobe-co-uk&utm_medium=school-profile&utm_campaign=organic,2026-03-19,33.5,190.0,112.0,142.0,33.5,200.0,112.0,72.0,8.0,235,,,Greenwich,True
https://snobe.co.uk/schools/st-pauls-academy,105135,St Paul's Academy,Greenwich,Finchale Road,London,SE2 9PX,Secondary,Roman Catholic,200.0,587,112.0,34.355828,251,51.49251,0.105412,St Paul's Academy,200.0,B-,Ofsted Requires Improvement,http://www.stpaulsacademy.org.uk/?utm_source=snobe-co-uk&utm_medium=school-profile&utm_campaign=organic,2026-03-19,33.5,190.0,112.0,142.0,33.5,200.0,112.0,72.0,8.0,234,,,Greenwich,True
https://snobe.co.uk/schools/st-pauls-academy,105135,St Paul's Academy,Greenwich,Finchale Road,London,SE2 9PX,Secondary,Roman Catholic,200.0,699,112.0,34.355828,295,51.49251,0.105412,St Paul's Academy,200.0,B-,Ofsted Requires Improvement,http://www.stpaulsacademy.org.uk/?utm_source=snobe-co-uk&utm_medium=school-profile&utm_campaign=organic,2026-03-19,33.5,190.0,112.0,142.0,33.5,200.0,112.0,72.0,8.0,237,,,Greenwich,True
https://snobe.co.uk/schools/st-pauls-academy,105135,St Paul's Academy,Greenwich,Finchale Road,London,SE2 9PX,Secondary,Roman Catholic,200.0,736,112.0,34.355828,308,51.49251,0.105412,St Paul's Academy,200.0,B-,Ofsted Requires Improvement,http://www.stpaulsacademy.org.uk/?utm_source=snobe-co-uk&utm_medium=school-profile&utm_campaign=organic,2026-03-19,33.5,190.0,112.0,142.0,33.5,200.0,112.0,72.0,8.0,239,,,Greenwich,True
https://snobe.co.uk/schools/st-pauls-academy,105135,St Paul's Academy,Greenwich,Finchale Road,London,SE2 9PX,Secondary,Roman Catholic,200.0,723,112.0,34.355828,308,51.49251,0.105412,St Paul's Academy,200.0,B-,Ofsted Requires Improvement,http://www.stpaulsacademy.org.uk/?utm_source=snobe-co-uk&utm_medium=school-profile&utm_campaign=organic,2026-03-19,33.5,190.0,112.0,142.0,33.5,200.0,112.0,72.0,8.0,235,,,Greenwich,True
https://snobe.co.uk/schools/st-pauls-academy,105135,St Paul's Academy,Greenwich,Finchale Road,London,SE2 9PX,Secondary,Roman Catholic,200.0,784,112.0,34.355828,331,51.49251,0.105412,St Paul's Academy,200.0,B-,Ofsted Requires Improvement,http://www.stpaulsacademy.org.uk/?utm_source=snobe-co-uk&utm_medium=school-profile&utm_campaign=organic,2026-03-19,33.5,190.0,112.0,142.0,33.5,200.0,112.0,72.0,8.0,237,,,Greenwich,True
https://snobe.co.uk/schools/st-pauls-academy,105135,St Paul's Academy,Greenwich,Finchale Road,London,SE2 9PX,Secondary,Roman Catholic,200.0,700,112.0,34.355828,298,51.49251,0.105412,St Paul's Academy,200.0,B-,Ofsted Requires Improvement,http://www.stpaulsacademy.org.uk/?utm_source=snobe-co-uk&utm_medium=school-profile&utm_campaign=organic,2026-03-19,33.5,190.0,112.0,142.0,33.5,200.0,112.0,72.0,8.0,235,,,Greenwich,True
https://snobe.co.uk/schools/st-peters-catholic-primary-school-0,100175,St Peter's Catholic Primary School,Greenwich,Crescent Road,London,SE18 7BN,Primary,Roman Catholic,24.0,94,24.0,25.531915,392,51.486614,0.068855,St Peter's Catholic Primary School,24.0,A,Ofsted Good,http://www.st-peter.bardaglea.org.uk/?utm_source=snobe-co-uk&utm_medium=school-profile&utm_campaign=organic,2026-03-19,22.1,22.8,24.0,24.0,22.1,24.0,24.0,72.0,8.0,24,,,Greenwich,True
https://snobe.co.uk/schools/st-peters-catholic-primary-school-0,100175,St Peter's Catholic Primary School,Greenwich,Crescent Road,London,SE18 7BN,Primary,Roman Catholic,24.0,94,24.0,25.531915,336,51.486614,0.068855,St Peter's Catholic Primary School,24.0,A,Ofsted Good,http://www.st-peter.bardaglea.org.uk/?utm_source=snobe-co-uk&utm_medium=school-profile&utm_campaign=organic,2026-03-19,22.1,22.8,24.0,24.0,22.1,24.0,24.0,72.0,8.0,28,,,Greenwich,True
https://snobe.co.uk/schools/st-peters-catholic-primary-school-0,100175,St Peter's Catholic Primary School,Greenwich,Crescent Road,London,SE18 7BN,Primary,Roman Catholic,24.0,109,24.0,25.531915,454,51.486614,0.068855,St Peter's Catholic Primary School,24.0,A,Ofsted Good,http://www.st-peter.bardaglea.org.uk/?utm_source=snobe-co-uk&utm_medium=school-profile&utm_campaign=organic,2026-03-19,22.1,22.8,24.0,24.0,22.1,24.0,24.0,72.0,8.0,24,,,Greenwich,True
https://snobe.co.uk/schools/st-peters-catholic-primary-school-0,100175,St Peter's Catholic Primary School,Greenwich,Crescent Road,London,SE18 7BN,Primary,Roman Catholic,24.0,129,24.0,25.531915,416,51.486614,0.068855,St Peter's Catholic Primary School,24.0,A,Ofsted Good,http://www.st-peter.bardaglea.org.uk/?utm_source=snobe-co-uk&utm_medium=school-profile&utm_campaign=organic,2026-03-19,22.1,22.8,24.0,24.0,22.1,24.0,24.0,72.0,8.0,31,,,Greenwich,True
https://snobe.co.uk/schools/st-peters-catholic-primary-school-0,100175,St Peter's Catholic Primary School,Greenwich,Crescent Road,London,SE18 7BN,Primary,Roman Catholic,24.0,121,24.0,25.531915,403,51.486614,0.068855,St Peter's Catholic Primary School,24.0,A,Ofsted Good,http://www.st-peter.bardaglea.org.uk/?utm_source=snobe-co-uk&utm_medium=school-profile&utm_campaign=organic,2026-03-19,22.1,22.8,24.0,24.0,22.1,24.0,24.0,72.0,8.0,30,,,Greenwich,True
https://snobe.co.uk/schools/st-peters-catholic-primary-school-0,100175,St Peter's Catholic Primary School,Greenwich,Crescent Road,London,SE18 7BN,Primary,Roman Catholic,24.0,106,24.0,25.531915,353,51.486614,0.068855,St Peter's Catholic Primary School,24.0,A,Ofsted Good,http://www.st-peter.bardaglea.org.uk/?utm_source=snobe-co-uk&utm_medium=school-profile&utm_campaign=organic,2026-03-19,22.1,22.8,24.0,24.0,22.1,24.0,24.0,72.0,8.0,30,,,Greenwich,True
https://snobe.co.uk/schools/st-peters-catholic-primary-school-0,100175,St Peter's Catholic Primary School,Greenwich,Crescent Road,London,SE18 7BN,Primary,Roman Catholic,24.0,129,24.0,25.531915,430,51.486614,0.068855,St Peter's Catholic Primary School,24.0,A,Ofsted Good,http://www.st-peter.bardaglea.org.uk/?utm_source=snobe-co-uk&utm_medium=school-profile&utm_campaign=organic,2026-03-19,22.1,22.8,24.0,24.0,22.1,24.0,24.0,72.0,8.0,30,,,Greenwich,True
https://snobe.co.uk/schools/st-peters-catholic-primary-school-0,100175,St Peter's Catholic Primary School,Greenwich,Crescent Road,London,SE18 7BN,Primary,Roman Catholic,24.0,128,24.0,25.531915,427,51.486614,0.068855,St Peter's Catholic Primary School,24.0,A,Ofsted Good,http://www.st-peter.bardaglea.org.uk/?utm_source=snobe-co-uk&utm_medium=school-profile&utm_campaign=organic,2026-03-19,22.1,22.8,24.0,24.0,22.1,24.0,24.0,72.0,8.0,30,,,Greenwich,True
https://snobe.co.uk/schools/st-peters-catholic-primary-school-0,100175,St Peter's Catholic Primary School,Greenwich,Crescent Road,London,SE18 7BN,Primary,Roman Catholic,24.0,140,24.0,25.531915,467,51.486614,0.068855,St Peter's Catholic Primary School,24.0,A,Ofsted Good,http://www.st-peter.bardaglea.org.uk/?utm_source=snobe-co-uk&utm_medium=school-profile&utm_campaign=organic,2026-03-19,22.1,22.8,24.0,24.0,22.1,24.0,24.0,72.0,8.0,30,,,Greenwich,True
https://snobe.co.uk/schools/st-peters-catholic-primary-school-0,100175,St Peter's Catholic Primary School,Greenwich,Crescent Road,London,SE18 7BN,Primary,Roman Catholic,24.0,157,24.0,25.531915,523,51.486614,0.068855,St Peter's Catholic Primary School,24.0,A,Ofsted Good,http://www.st-peter.bardaglea.org.uk/?utm_source=snobe-co-uk&utm_medium=school-profile&utm_campaign=organic,2026-03-19,22.1,22.8,24.0,24.0,22.1,24.0,24.0,72.0,8.0,30,,,Greenwich,True
https://snobe.co.uk/schools/st-peters-catholic-primary-school-0,100175,St Peter's Catholic Primary School,Greenwich,Crescent Road,London,SE18 7BN,Primary,Roman Catholic,24.0,137,24.0,25.531915,457,51.486614,0.068855,St Peter's Catholic Primary School,24.0,A,Ofsted Good,http://www.st-peter.bardaglea.org.uk/?utm_source=snobe-co-uk&utm_medium=school-profile&utm_campaign=organic,2026-03-19,22.1,22.8,24.0,24.0,22.1,24.0,24.0,72.0,8.0,30,,,Greenwich,True
https://snobe.co.uk/schools/st-peters-catholic-primary-school-0,100175,St Peter's Catholic Primary School,Greenwich,Crescent Road,London,SE18 7BN,Primary,Roman Catholic,24.0,158,24.0,25.531915,527,51.486614,0.068855,St Peter's Catholic Primary School,24.0,A,Ofsted Good,http://www.st-peter.bardaglea.org.uk/?utm_source=snobe-co-uk&utm_medium=school-profile&utm_campaign=organic,2026-03-19,22.1,22.8,24.0,24.0,22.1,24.0,24.0,72.0,8.0,30,,,Greenwich,True
https://snobe.co.uk/schools/st-thomas-becket-roman-catholic-primary-school,100177,St Thomas A Becket Roman Catholic Primary School,Greenwich,Mottisfont Road,London,SE2 9LY,Primary,Roman Catholic,37.0,67,36.0,53.731343,181,51.49156,0.104201,St Thomas A Becket Roman Catholic Primary School,37.0,B+,Ofsted Good,http://www.stthomasabecketsch.org.uk/?utm_source=snobe-co-uk&utm_medium=school-profile&utm_campaign=organic,2026-03-19,28.8,35.15,36.0,36.0,28.8,37.0,36.0,72.0,8.0,37,,,Greenwich,True
https://snobe.co.uk/schools/st-thomas-becket-roman-catholic-primary-school,100177,St Thomas A Becket Roman Catholic Primary School,Greenwich,Mottisfont Road,London,SE2 9LY,Primary,Roman Catholic,37.0,78,36.0,53.731343,173,51.49156,0.104201,St Thomas A Becket Roman Catholic Primary School,37.0,B+,Ofsted Good,http://www.stthomasabecketsch.org.uk/?utm_source=snobe-co-uk&utm_medium=school-profile&utm_campaign=organic,2026-03-19,28.8,35.15,36.0,36.0,28.8,37.0,36.0,72.0,8.0,45,,,Greenwich,True
https://snobe.co.uk/schools/st-thomas-becket-roman-catholic-primary-school,100177,St Thomas A Becket Roman Catholic Primary School,Greenwich,Mottisfont Road,London,SE2 9LY,Primary,Roman Catholic,37.0,76,36.0,53.731343,190,51.49156,0.104201,St Thomas A Becket Roman Catholic Primary School,37.0,B+,Ofsted Good,http://www.stthomasabecketsch.org.uk/?utm_source=snobe-co-uk&utm_medium=school-profile&utm_campaign=organic,2026-03-19,28.8,35.15,36.0,36.0,28.8,37.0,36.0,72.0,8.0,40,,,Greenwich,True
https://snobe.co.uk/schools/st-thomas-becket-roman-catholic-primary-school,100177,St Thomas A Becket Roman Catholic Primary School,Greenwich,Mottisfont Road,London,SE2 9LY,Primary,Roman Catholic,37.0,89,36.0,53.731343,202,51.49156,0.104201,St Thomas A Becket Roman Catholic Primary School,37.0,B+,Ofsted Good,http://www.stthomasabecketsch.org.uk/?utm_source=snobe-co-uk&utm_medium=school-profile&utm_campaign=organic,2026-03-19,28.8,35.15,36.0,36.0,28.8,37.0,36.0,72.0,8.0,44,,,Greenwich,True
https://snobe.co.uk/schools/st-thomas-becket-roman-catholic-primary-school,100177,St Thomas A Becket Roman Catholic Primary School,Greenwich,Mottisfont Road,London,SE2 9LY,Primary,Roman Catholic,37.0,99,36.0,53.731343,187,51.49156,0.104201,St Thomas A Becket Roman Catholic Primary School,37.0,B+,Ofsted Good,http://www.stthomasabecketsch.org.uk/?utm_source=snobe-co-uk&utm_medium=school-profile&utm_campaign=organic,2026-03-19,28.8,35.15,36.0,36.0,28.8,37.0,36.0,72.0,8.0,53,,,Greenwich,True
https://snobe.co.uk/schools/st-thomas-becket-roman-catholic-primary-school,100177,St Thomas A Becket Roman Catholic Primary School,Greenwich,Mottisfont Road,London,SE2 9LY,Primary,Roman Catholic,37.0,109,36.0,53.731343,253,51.49156,0.104201,St Thomas A Becket Roman Catholic Primary School,37.0,B+,Ofsted Good,http://www.stthomasabecketsch.org.uk/?utm_source=snobe-co-uk&utm_medium=school-profile&utm_campaign=organic,2026-03-19,28.8,35.15,36.0,36.0,28.8,37.0,36.0,72.0,8.0,43,,,Greenwich,True
https://snobe.co.uk/schools/st-thomas-becket-roman-catholic-primary-school,100177,St Thomas A Becket Roman Catholic Primary School,Greenwich,Mottisfont Road,London,SE2 9LY,Primary,Roman Catholic,37.0,103,36.0,53.731343,194,51.49156,0.104201,St Thomas A Becket Roman Catholic Primary School,37.0,B+,Ofsted Good,http://www.stthomasabecketsch.org.uk/?utm_source=snobe-co-uk&utm_medium=school-profile&utm_campaign=organic,2026-03-19,28.8,35.15,36.0,36.0,28.8,37.0,36.0,72.0,8.0,53,,,Greenwich,True
https://snobe.co.uk/schools/st-thomas-becket-roman-catholic-primary-school,100177,St Thomas A Becket Roman Catholic Primary School,Greenwich,Mottisfont Road,London,SE2 9LY,Primary,Roman Catholic,37.0,124,36.0,53.731343,221,51.49156,0.104201,St Thomas A Becket Roman Catholic Primary School,37.0,B+,Ofsted Good,http://www.stthomasabecketsch.org.uk/?utm_source=snobe-co-uk&utm_medium=school-profile&utm_campaign=organic,2026-03-19,28.8,35.15,36.0,36.0,28.8,37.0,36.0,72.0,8.0,56,,,Greenwich,True
https://snobe.co.uk/schools/st-thomas-becket-roman-catholic-primary-school,100177,St Thomas A Becket Roman Catholic Primary School,Greenwich,Mottisfont Road,London,SE2 9LY,Primary,Roman Catholic,37.0,112,36.0,53.731343,190,51.49156,0.104201,St Thomas A Becket Roman Catholic Primary School,37.0,B+,Ofsted Good,http://www.stthomasabecketsch.org.uk/?utm_source=snobe-co-uk&utm_medium=school-profile&utm_campaign=organic,2026-03-19,28.8,35.15,36.0,36.0,28.8,37.0,36.0,72.0,8.0,59,,,Greenwich,True
https://snobe.co.uk/schools/st-thomas-becket-roman-catholic-primary-school,100177,St Thomas A Becket Roman Catholic Primary School,Greenwich,Mottisfont Road,London,SE2 9LY,Primary,Roman Catholic,37.0,111,36.0,53.731343,191,51.49156,0.104201,St Thomas A Becket Roman Catholic Primary School,37.0,B+,Ofsted Good,http://www.stthomasabecketsch.org.uk/?utm_source=snobe-co-uk&utm_medium=school-profile&utm_campaign=organic,2026-03-19,28.8,35.15,36.0,36.0,28.8,37.0,36.0,72.0,8.0,58,,,Greenwich,True
https://snobe.co.uk/schools/st-thomas-becket-roman-catholic-primary-school,100177,St Thomas A Becket Roman Catholic Primary School,Greenwich,Mottisfont Road,London,SE2 9LY,Primary,Roman Catholic,37.0,101,36.0,53.731343,198,51.49156,0.104201,St Thomas A Becket Roman Catholic Primary School,37.0,B+,Ofsted Good,http://www.stthomasabecketsch.org.uk/?utm_source=snobe-co-uk&utm_medium=school-profile&utm_campaign=organic,2026-03-19,28.8,35.15,36.0,36.0,28.8,37.0,36.0,72.0,8.0,51,,,Greenwich,True
https://snobe.co.uk/schools/st-thomas-becket-roman-catholic-primary-school,100177,St Thomas A Becket Roman Catholic Primary School,Greenwich,Mottisfont Road,London,SE2 9LY,Primary,Roman Catholic,37.0,121,36.0,53.731343,209,51.49156,0.104201,St Thomas A Becket Roman Catholic Primary School,37.0,B+,Ofsted Good,http://www.stthomasabecketsch.org.uk/?utm_source=snobe-co-uk&utm_medium=school-profile&utm_campaign=organic,2026-03-19,28.8,35.15,36.0,36.0,28.8,37.0,36.0,72.0,8.0,58,,,Greenwich,True
https://snobe.co.uk/schools/st-thomas-more-catholic-primary-school,100176,St Thomas More Catholic Primary School,Greenwich,Appleton Road,London,SE9 6NS,Primary,Roman Catholic,23.0,64,19.0,29.6875,278,51.462582,0.044921,St Thomas More Catholic Primary School,23.0,B-,Ofsted Good,https://www.stmprimary.org?utm_source=snobe-co-uk&utm_medium=school-profile&utm_campaign=organic,2026-03-19,29.3,21.85,19.0,22.0,29.3,23.0,19.0,72.0,8.0,23,,,Greenwich,True
https://snobe.co.uk/schools/st-thomas-more-catholic-primary-school,100176,St Thomas More Catholic Primary School,Greenwich,Appleton Road,London,SE9 6NS,Primary,Roman Catholic,23.0,70,19.0,29.6875,280,51.462582,0.044921,St Thomas More Catholic Primary School,23.0,B-,Ofsted Good,https://www.stmprimary.org?utm_source=snobe-co-uk&utm_medium=school-profile&utm_campaign=organic,2026-03-19,29.3,21.85,19.0,22.0,29.3,23.0,19.0,72.0,8.0,25,,,Greenwich,True
https://snobe.co.uk/schools/st-thomas-more-catholic-primary-school,100176,St Thomas More Catholic Primary School,Greenwich,Appleton Road,London,SE9 6NS,Primary,Roman Catholic,23.0,67,19.0,29.6875,335,51.462582,0.044921,St Thomas More Catholic Primary School,23.0,B-,Ofsted Good,https://www.stmprimary.org?utm_source=snobe-co-uk&utm_medium=school-profile&utm_campaign=organic,2026-03-19,29.3,21.85,19.0,22.0,29.3,23.0,19.0,72.0,8.0,20,,,Greenwich,True
https://snobe.co.uk/schools/st-thomas-more-catholic-primary-school,100176,St Thomas More Catholic Primary School,Greenwich,Appleton Road,London,SE9 6NS,Primary,Roman Catholic,23.0,78,19.0,29.6875,339,51.462582,0.044921,St Thomas More Catholic Primary School,23.0,B-,Ofsted Good,https://www.stmprimary.org?utm_source=snobe-co-uk&utm_medium=school-profile&utm_campaign=organic,2026-03-19,29.3,21.85,19.0,22.0,29.3,23.0,19.0,72.0,8.0,23,,,Greenwich,True
https://snobe.co.uk/schools/st-thomas-more-catholic-primary-school,100176,St Thomas More Catholic Primary School,Greenwich,Appleton Road,London,SE9 6NS,Primary,Roman Catholic,23.0,79,19.0,29.6875,359,51.462582,0.044921,St Thomas More Catholic Primary School,23.0,B-,Ofsted Good,https://www.stmprimary.org?utm_source=snobe-co-uk&utm_medium=school-profile&utm_campaign=organic,2026-03-19,29.3,21.85,19.0,22.0,29.3,23.0,19.0,72.0,8.0,22,,,Greenwich,True
https://snobe.co.uk/schools/st-thomas-more-catholic-primary-school,100176,St Thomas More Catholic Primary School,Greenwich,Appleton Road,London,SE9 6NS,Primary,Roman Catholic,23.0,106,19.0,29.6875,353,51.462582,0.044921,St Thomas More Catholic Primary School,23.0,B-,Ofsted Good,https://www.stmprimary.org?utm_source=snobe-co-uk&utm_medium=school-profile&utm_campaign=organic,2026-03-19,29.3,21.85,19.0,22.0,29.3,23.0,19.0,72.0,8.0,30,,,Greenwich,True
https://snobe.co.uk/schools/st-thomas-more-catholic-primary-school,100176,St Thomas More Catholic Primary School,Greenwich,Appleton Road,London,SE9 6NS,Primary,Roman Catholic,23.0,95,19.0,29.6875,317,51.462582,0.044921,St Thomas More Catholic Primary School,23.0,B-,Ofsted Good,https://www.stmprimary.org?utm_source=snobe-co-uk&utm_medium=school-profile&utm_campaign=organic,2026-03-19,29.3,21.85,19.0,22.0,29.3,23.0,19.0,72.0,8.0,30,,,Greenwich,True
https://snobe.co.uk/schools/st-thomas-more-catholic-primary-school,100176,St Thomas More Catholic Primary School,Greenwich,Appleton Road,London,SE9 6NS,Primary,Roman Catholic,23.0,76,19.0,29.6875,317,51.462582,0.044921,St Thomas More Catholic Primary School,23.0,B-,Ofsted Good,https://www.stmprimary.org?utm_source=snobe-co-uk&utm_medium=school-profile&utm_campaign=organic,2026-03-19,29.3,21.85,19.0,22.0,29.3,23.0,19.0,72.0,8.0,24,,,Greenwich,True
https://snobe.co.uk/schools/st-thomas-more-catholic-primary-school,100176,St Thomas More Catholic Primary School,Greenwich,Appleton Road,London,SE9 6NS,Primary,Roman Catholic,23.0,92,19.0,29.6875,307,51.462582,0.044921,St Thomas More Catholic Primary School,23.0,B-,Ofsted Good,https://www.stmprimary.org?utm_source=snobe-co-uk&utm_medium=school-profile&utm_campaign=organic,2026-03-19,29.3,21.85,19.0,22.0,29.3,23.0,19.0,72.0,8.0,30,,,Greenwich,True
https://snobe.co.uk/schools/st-thomas-more-catholic-primary-school,100176,St Thomas More Catholic Primary School,Greenwich,Appleton Road,London,SE9 6NS,Primary,Roman Catholic,23.0,88,19.0,29.6875,293,51.462582,0.044921,St Thomas More Catholic Primary School,23.0,B-,Ofsted Good,https://www.stmprimary.org?utm_source=snobe-co-uk&utm_medium=school-profile&utm_campaign=organic,2026-03-19,29.3,21.85,19.0,22.0,29.3,23.0,19.0,72.0,8.0,30,,,Greenwich,True
https://snobe.co.uk/schools/st-thomas-more-catholic-primary-school,100176,St Thomas More Catholic Primary School,Greenwich,Appleton Road,London,SE9 6NS,Primary,Roman Catholic,23.0,103,19.0,29.6875,343,51.462582,0.044921,St Thomas More Catholic Primary School,23.0,B-,Ofsted Good,https://www.stmprimary.org?utm_source=snobe-co-uk&utm_medium=school-profile&utm_campaign=organic,2026-03-19,29.3,21.85,19.0,22.0,29.3,23.0,19.0,72.0,8.0,30,,,Greenwich,True
https://snobe.co.uk/schools/st-thomas-more-catholic-primary-school,100176,St Thomas More Catholic Primary School,Greenwich,Appleton Road,London,SE9 6NS,Primary,Roman Catholic,23.0,103,19.0,29.6875,343,51.462582,0.044921,St Thomas More Catholic Primary School,23.0,B-,Ofsted Good,https://www.stmprimary.org?utm_source=snobe-co-uk&utm_medium=school-profile&utm_campaign=organic,2026-03-19,29.3,21.85,19.0,22.0,29.3,23.0,19.0,72.0,8.0,30,,,Greenwich,True
https://snobe.co.uk/schools/st-ursulas-convent-school,100193,St Ursula's Convent School,Greenwich,Crooms Hill,London,SE10 8HN,Secondary,Roman Catholic,105.0,123,23.0,18.699187,117,51.475785,-0.005784,St Ursula's Convent School,105.0,C+,Ofsted Requires Improvement,http://www.stursulas.com?utm_source=snobe-co-uk&utm_medium=school-profile&utm_campaign=organic,2026-03-19,22.0,99.75,23.0,47.0,22.0,105.0,23.0,72.0,8.0,105,,,Greenwich,True
https://snobe.co.uk/schools/st-ursulas-convent-school,100193,St Ursula's Convent School,Greenwich,Crooms Hill,London,SE10 8HN,Secondary,Roman Catholic,105.0,291,23.0,18.699187,222,51.475785,-0.005784,St Ursula's Convent School,105.0,C+,Ofsted Requires Improvement,http://www.stursulas.com?utm_source=snobe-co-uk&utm_medium=school-profile&utm_campaign=organic,2026-03-19,22.0,99.75,23.0,47.0,22.0,105.0,23.0,72.0,8.0,131,,,Greenwich,True
https://snobe.co.uk/schools/st-ursulas-convent-school,100193,St Ursula's Convent School,Greenwich,Crooms Hill,London,SE10 8HN,Secondary,Roman Catholic,105.0,310,23.0,18.699187,238,51.475785,-0.005784,St Ursula's Convent School,105.0,C+,Ofsted Requires Improvement,http://www.stursulas.com?utm_source=snobe-co-uk&utm_medium=school-profile&utm_campaign=organic,2026-03-19,22.0,99.75,23.0,47.0,22.0,105.0,23.0,72.0,8.0,130,,,Greenwich,True
https://snobe.co.uk/schools/st-ursulas-convent-school,100193,St Ursula's Convent School,Greenwich,Crooms Hill,London,SE10 8HN,Secondary,Roman Catholic,105.0,362,23.0,18.699187,274,51.475785,-0.005784,St Ursula's Convent School,105.0,C+,Ofsted Requires Improvement,http://www.stursulas.com?utm_source=snobe-co-uk&utm_medium=school-profile&utm_campaign=organic,2026-03-19,22.0,99.75,23.0,47.0,22.0,105.0,23.0,72.0,8.0,132,,,Greenwich,True
https://snobe.co.uk/schools/st-ursulas-convent-school,100193,St Ursula's Convent School,Greenwich,Crooms Hill,London,SE10 8HN,Secondary,Roman Catholic,105.0,445,23.0,18.699187,332,51.475785,-0.005784,St Ursula's Convent School,105.0,C+,Ofsted Requires Improvement,http://www.stursulas.com?utm_source=snobe-co-uk&utm_medium=school-profile&utm_campaign=organic,2026-03-19,22.0,99.75,23.0,47.0,22.0,105.0,23.0,72.0,8.0,134,,,Greenwich,True
https://snobe.co.uk/schools/st-ursulas-convent-school,100193,St Ursula's Convent School,Greenwich,Crooms Hill,London,SE10 8HN,Secondary,Roman Catholic,105.0,506,23.0,18.699187,378,51.475785,-0.005784,St Ursula's Convent School,105.0,C+,Ofsted Requires Improvement,http://www.stursulas.com?utm_source=snobe-co-uk&utm_medium=school-profile&utm_campaign=organic,2026-03-19,22.0,99.75,23.0,47.0,22.0,105.0,23.0,72.0,8.0,134,,,Greenwich,True
https://snobe.co.uk/schools/st-ursulas-convent-school,100193,St Ursula's Convent School,Greenwich,Crooms Hill,London,SE10 8HN,Secondary,Roman Catholic,105.0,518,23.0,18.699187,392,51.475785,-0.005784,St Ursula's Convent School,105.0,C+,Ofsted Requires Improvement,http://www.stursulas.com?utm_source=snobe-co-uk&utm_medium=school-profile&utm_campaign=organic,2026-03-19,22.0,99.75,23.0,47.0,22.0,105.0,23.0,72.0,8.0,132,,,Greenwich,True
https://snobe.co.uk/schools/st-ursulas-convent-school,100193,St Ursula's Convent School,Greenwich,Crooms Hill,London,SE10 8HN,Secondary,Roman Catholic,105.0,545,23.0,18.699187,422,51.475785,-0.005784,St Ursula's Convent School,105.0,C+,Ofsted Requires Improvement,http://www.stursulas.com?utm_source=snobe-co-uk&utm_medium=school-profile&utm_campaign=organic,2026-03-19,22.0,99.75,23.0,47.0,22.0,105.0,23.0,72.0,8.0,129,,,Greenwich,True
https://snobe.co.uk/schools/st-ursulas-convent-school,100193,St Ursula's Convent School,Greenwich,Crooms Hill,London,SE10 8HN,Secondary,Roman Catholic,105.0,539,23.0,18.699187,461,51.475785,-0.005784,St Ursula's Convent School,105.0,C+,Ofsted Requires Improvement,http://www.stursulas.com?utm_source=snobe-co-uk&utm_medium=school-profile&utm_campaign=organic,2026-03-19,22.0,99.75,23.0,47.0,22.0,105.0,23.0,72.0,8.0,117,,,Greenwich,True
https://snobe.co.uk/schools/st-ursulas-convent-school,100193,St Ursula's Convent School,Greenwich,Crooms Hill,London,SE10 8HN,Secondary,Roman Catholic,105.0,524,23.0,18.699187,452,51.475785,-0.005784,St Ursula's Convent School,105.0,C+,Ofsted Requires Improvement,http://www.stursulas.com?utm_source=snobe-co-uk&utm_medium=school-profile&utm_campaign=organic,2026-03-19,22.0,99.75,23.0,47.0,22.0,105.0,23.0,72.0,8.0,116,,,Greenwich,True
https://snobe.co.uk/schools/st-ursulas-convent-school,100193,St Ursula's Convent School,Greenwich,Crooms Hill,London,SE10 8HN,Secondary,Roman Catholic,105.0,517,23.0,18.699187,431,51.475785,-0.005784,St Ursula's Convent School,105.0,C+,Ofsted Requires Improvement,http://www.stursulas.com?utm_source=snobe-co-uk&utm_medium=school-profile&utm_campaign=organic,2026-03-19,22.0,99.75,23.0,47.0,22.0,105.0,23.0,72.0,8.0,120,,,Greenwich,True
https://snobe.co.uk/schools/st-ursulas-convent-school,100193,St Ursula's Convent School,Greenwich,Crooms Hill,London,SE10 8HN,Secondary,Roman Catholic,105.0,466,23.0,18.699187,345,51.475785,-0.005784,St Ursula's Convent School,105.0,C+,Ofsted Requires Improvement,http://www.stursulas.com?utm_source=snobe-co-uk&utm_medium=school-profile&utm_campaign=organic,2026-03-19,22.0,99.75,23.0,47.0,22.0,105.0,23.0,72.0,8.0,135,,,Greenwich,True
https://snobe.co.uk/schools/cardinal-pole-catholic-school,100285,Cardinal Pole Catholic School,Hackney,205 Morning Lane,London,E9 6LG,Secondary,Roman Catholic,138.0,403,108.0,35.294118,230,51.546787,-0.046684,Cardinal Pole Catholic School,175.0,B-,Ofsted Outstanding,http://www.cardinalpole.co.uk?utm_source=snobe-co-uk&utm_medium=school-profile&utm_campaign=organic,2026-03-19,52.9,131.1,133.0,175.0,52.9,175.0,133.0,82.0,9.0,175,,,Hackney,True
https://snobe.co.uk/schools/cardinal-pole-catholic-school,100285,Cardinal Pole Catholic School,Hackney,205 Morning Lane,London,E9 6LG,Secondary,Roman Catholic,138.0,387,108.0,35.294118,233,51.546787,-0.046684,Cardinal Pole Catholic School,175.0,B-,Ofsted Outstanding,http://www.cardinalpole.co.uk?utm_source=snobe-co-uk&utm_medium=school-profile&utm_campaign=organic,2026-03-19,52.9,131.1,133.0,175.0,52.9,175.0,133.0,82.0,9.0,166,,,Hackney,True
https://snobe.co.uk/schools/cardinal-pole-catholic-school,100285,Cardinal Pole Catholic School,Hackney,205 Morning Lane,London,E9 6LG,Secondary,Roman Catholic,138.0,373,108.0,35.294118,195,51.546787,-0.046684,Cardinal Pole Catholic School,175.0,B-,Ofsted Outstanding,http://www.cardinalpole.co.uk?utm_source=snobe-co-uk&utm_medium=school-profile&utm_campaign=organic,2026-03-19,52.9,131.1,133.0,175.0,52.9,175.0,133.0,82.0,9.0,191,,,Hackney,True
https://snobe.co.uk/schools/cardinal-pole-catholic-school,100285,Cardinal Pole Catholic School,Hackney,205 Morning Lane,London,E9 6LG,Secondary,Roman Catholic,138.0,408,108.0,35.294118,223,51.546787,-0.046684,Cardinal Pole Catholic School,175.0,B-,Ofsted Outstanding,http://www.cardinalpole.co.uk?utm_source=snobe-co-uk&utm_medium=school-profile&utm_campaign=organic,2026-03-19,52.9,131.1,133.0,175.0,52.9,175.0,133.0,82.0,9.0,183,,,Hackney,True
https://snobe.co.uk/schools/cardinal-pole-catholic-school,100285,Cardinal Pole Catholic School,Hackney,205 Morning Lane,London,E9 6LG,Secondary,Roman Catholic,138.0,412,108.0,35.294118,222,51.546787,-0.046684,Cardinal Pole Catholic School,175.0,B-,Ofsted Outstanding,http://www.cardinalpole.co.uk?utm_source=snobe-co-uk&utm_medium=school-profile&utm_campaign=organic,2026-03-19,52.9,131.1,133.0,175.0,52.9,175.0,133.0,82.0,9.0,186,,,Hackney,True
https://snobe.co.uk/schools/cardinal-pole-catholic-school,100285,Cardinal Pole Catholic School,Hackney,205 Morning Lane,London,E9 6LG,Secondary,Roman Catholic,138.0,399,108.0,35.294118,213,51.546787,-0.046684,Cardinal Pole Catholic School,175.0,B-,Ofsted Outstanding,http://www.cardinalpole.co.uk?utm_source=snobe-co-uk&utm_medium=school-profile&utm_campaign=organic,2026-03-19,52.9,131.1,133.0,175.0,52.9,175.0,133.0,82.0,9.0,187,,,Hackney,True
https://snobe.co.uk/schools/cardinal-pole-catholic-school,100285,Cardinal Pole Catholic School,Hackney,205 Morning Lane,London,E9 6LG,Secondary,Roman Catholic,138.0,432,108.0,35.294118,235,51.546787,-0.046684,Cardinal Pole Catholic School,175.0,B-,Ofsted Outstanding,http://www.cardinalpole.co.uk?utm_source=snobe-co-uk&utm_medium=school-profile&utm_campaign=organic,2026-03-19,52.9,131.1,133.0,175.0,52.9,175.0,133.0,82.0,9.0,184,,,Hackney,True
https://snobe.co.uk/schools/cardinal-pole-catholic-school,100285,Cardinal Pole Catholic School,Hackney,205 Morning Lane,London,E9 6LG,Secondary,Roman Catholic,138.0,508,108.0,35.294118,270,51.546787,-0.046684,Cardinal Pole Catholic School,175.0,B-,Ofsted Outstanding,http://www.cardinalpole.co.uk?utm_source=snobe-co-uk&utm_medium=school-profile&utm_campaign=organic,2026-03-19,52.9,131.1,133.0,175.0,52.9,175.0,133.0,82.0,9.0,188,,,Hackney,True
https://snobe.co.uk/schools/cardinal-pole-catholic-school,100285,Cardinal Pole Catholic School,Hackney,205 Morning Lane,London,E9 6LG,Secondary,Roman Catholic,138.0,465,108.0,35.294118,253,51.546787,-0.046684,Cardinal Pole Catholic School,175.0,B-,Ofsted Outstanding,http://www.cardinalpole.co.uk?utm_source=snobe-co-uk&utm_medium=school-profile&utm_campaign=organic,2026-03-19,52.9,131.1,133.0,175.0,52.9,175.0,133.0,82.0,9.0,184,,,Hackney,True
https://snobe.co.uk/schools/cardinal-pole-catholic-school,100285,Cardinal Pole Catholic School,Hackney,205 Morning Lane,London,E9 6LG,Secondary,Roman Catholic,138.0,499,108.0,35.294118,276,51.546787,-0.046684,Cardinal Pole Catholic School,175.0,B-,Ofsted Outstanding,http://www.cardinalpole.co.uk?utm_source=snobe-co-uk&utm_medium=school-profile&utm_campaign=organic,2026-03-19,52.9,131.1,133.0,175.0,52.9,175.0,133.0,82.0,9.0,181,,,Hackney,True
https://snobe.co.uk/schools/cardinal-pole-catholic-school,100285,Cardinal Pole Catholic School,Hackney,205 Morning Lane,London,E9 6LG,Secondary,Roman Catholic,138.0,540,108.0,35.294118,284,51.546787,-0.046684,Cardinal Pole Catholic School,175.0,B-,Ofsted Outstanding,http://www.cardinalpole.co.uk?utm_source=snobe-co-uk&utm_medium=school-profile&utm_campaign=organic,2026-03-19,52.9,131.1,133.0,175.0,52.9,175.0,133.0,82.0,9.0,190,,,Hackney,True
https://snobe.co.uk/schools/our-lady-and-st-joseph-catholic-primary-school-1,100264,Our Lady and St Joseph Catholic Primary School,Hackney,Buckingham Road,London,N1 4JB,Primary,Catholic,29.0,75,22.0,29.333333,259,51.544943,-0.08041,Our Lady and St Joseph Catholic Primary School,29.0,A-,Ofsted Good,http://www.olsj.towerhamlets.sch.uk/?utm_source=snobe-co-uk&utm_medium=school-profile&utm_campaign=organic,2026-03-19,25.5,27.55,22.0,29.0,25.5,29.0,22.0,82.0,9.0,29,,,Hackney,True
https://snobe.co.uk/schools/our-lady-and-st-joseph-catholic-primary-school-1,100264,Our Lady and St Joseph Catholic Primary School,Hackney,Buckingham Road,London,N1 4JB,Primary,Catholic,29.0,69,22.0,29.333333,230,51.544943,-0.08041,Our Lady and St Joseph Catholic Primary School,29.0,A-,Ofsted Good,http://www.olsj.towerhamlets.sch.uk/?utm_source=snobe-co-uk&utm_medium=school-profile&utm_campaign=organic,2026-03-19,25.5,27.55,22.0,29.0,25.5,29.0,22.0,82.0,9.0,30,,,Hackney,True
https://snobe.co.uk/schools/our-lady-and-st-joseph-catholic-primary-school-1,100264,Our Lady and St Joseph Catholic Primary School,Hackney,Buckingham Road,London,N1 4JB,Primary,Catholic,29.0,69,22.0,29.333333,230,51.544943,-0.08041,Our Lady and St Joseph Catholic Primary School,29.0,A-,Ofsted Good,http://www.olsj.towerhamlets.sch.uk/?utm_source=snobe-co-uk&utm_medium=school-profile&utm_campaign=organic,2026-03-19,25.5,27.55,22.0,29.0,25.5,29.0,22.0,82.0,9.0,30,,,Hackney,True
https://snobe.co.uk/schools/our-lady-and-st-joseph-catholic-primary-school-1,100264,Our Lady and St Joseph Catholic Primary School,Hackney,Buckingham Road,London,N1 4JB,Primary,Catholic,29.0,77,22.0,29.333333,257,51.544943,-0.08041,Our Lady and St Joseph Catholic Primary School,29.0,A-,Ofsted Good,http://www.olsj.towerhamlets.sch.uk/?utm_source=snobe-co-uk&utm_medium=school-profile&utm_campaign=organic,2026-03-19,25.5,27.55,22.0,29.0,25.5,29.0,22.0,82.0,9.0,30,,,Hackney,True
https://snobe.co.uk/schools/our-lady-and-st-joseph-catholic-primary-school-1,100264,Our Lady and St Joseph Catholic Primary School,Hackney,Buckingham Road,London,N1 4JB,Primary,Catholic,29.0,71,22.0,29.333333,309,51.544943,-0.08041,Our Lady and St Joseph Catholic Primary School,29.0,A-,Ofsted Good,http://www.olsj.towerhamlets.sch.uk/?utm_source=snobe-co-uk&utm_medium=school-profile&utm_campaign=organic,2026-03-19,25.5,27.55,22.0,29.0,25.5,29.0,22.0,82.0,9.0,23,,,Hackney,True
https://snobe.co.uk/schools/our-lady-and-st-joseph-catholic-primary-school-1,100264,Our Lady and St Joseph Catholic Primary School,Hackney,Buckingham Road,London,N1 4JB,Primary,Catholic,29.0,64,22.0,29.333333,213,51.544943,-0.08041,Our Lady and St Joseph Catholic Primary School,29.0,A-,Ofsted Good,http://www.olsj.towerhamlets.sch.uk/?utm_source=snobe-co-uk&utm_medium=school-profile&utm_campaign=organic,2026-03-19,25.5,27.55,22.0,29.0,25.5,29.0,22.0,82.0,9.0,30,,,Hackney,True
https://snobe.co.uk/schools/our-lady-and-st-joseph-catholic-primary-school-1,100264,Our Lady and St Joseph Catholic Primary School,Hackney,Buckingham Road,London,N1 4JB,Primary,Catholic,29.0,73,22.0,29.333333,252,51.544943,-0.08041,Our Lady and St Joseph Catholic Primary School,29.0,A-,Ofsted Good,http://www.olsj.towerhamlets.sch.uk/?utm_source=snobe-co-uk&utm_medium=school-profile&utm_campaign=organic,2026-03-19,25.5,27.55,22.0,29.0,25.5,29.0,22.0,82.0,9.0,29,,,Hackney,True
https://snobe.co.uk/schools/our-lady-and-st-joseph-catholic-primary-school-1,100264,Our Lady and St Joseph Catholic Primary School,Hackney,Buckingham Road,London,N1 4JB,Primary,Catholic,29.0,72,22.0,29.333333,240,51.544943,-0.08041,Our Lady and St Joseph Catholic Primary School,29.0,A-,Ofsted Good,http://www.olsj.towerhamlets.sch.uk/?utm_source=snobe-co-uk&utm_medium=school-profile&utm_campaign=organic,2026-03-19,25.5,27.55,22.0,29.0,25.5,29.0,22.0,82.0,9.0,30,,,Hackney,True
https://snobe.co.uk/schools/our-lady-and-st-joseph-catholic-primary-school-1,100264,Our Lady and St Joseph Catholic Primary School,Hackney,Buckingham Road,London,N1 4JB,Primary,Catholic,29.0,90,22.0,29.333333,300,51.544943,-0.08041,Our Lady and St Joseph Catholic Primary School,29.0,A-,Ofsted Good,http://www.olsj.towerhamlets.sch.uk/?utm_source=snobe-co-uk&utm_medium=school-profile&utm_campaign=organic,2026-03-19,25.5,27.55,22.0,29.0,25.5,29.0,22.0,82.0,9.0,30,,,Hackney,True
https://snobe.co.uk/schools/our-lady-and-st-joseph-catholic-primary-school-1,100264,Our Lady and St Joseph Catholic Primary School,Hackney,Buckingham Road,London,N1 4JB,Primary,Catholic,29.0,98,22.0,29.333333,350,51.544943,-0.08041,Our Lady and St Joseph Catholic Primary School,29.0,A-,Ofsted Good,http://www.olsj.towerhamlets.sch.uk/?utm_source=snobe-co-uk&utm_medium=school-profile&utm_campaign=organic,2026-03-19,25.5,27.55,22.0,29.0,25.5,29.0,22.0,82.0,9.0,28,,,Hackney,True
https://snobe.co.uk/schools/our-lady-and-st-joseph-catholic-primary-school-1,100264,Our Lady and St Joseph Catholic Primary School,Hackney,Buckingham Road,London,N1 4JB,Primary,Catholic,29.0,99,22.0,29.333333,330,51.544943,-0.08041,Our Lady and St Joseph Catholic Primary School,29.0,A-,Ofsted Good,http://www.olsj.towerhamlets.sch.uk/?utm_source=snobe-co-uk&utm_medium=school-profile&utm_campaign=organic,2026-03-19,25.5,27.55,22.0,29.0,25.5,29.0,22.0,82.0,9.0,30,,,Hackney,True
https://snobe.co.uk/schools/our-lady-and-st-joseph-catholic-primary-school-1,100264,Our Lady and St Joseph Catholic Primary School,Hackney,Buckingham Road,London,N1 4JB,Primary,Catholic,29.0,118,22.0,29.333333,393,51.544943,-0.08041,Our Lady and St Joseph Catholic Primary School,29.0,A-,Ofsted Good,http://www.olsj.towerhamlets.sch.uk/?utm_source=snobe-co-uk&utm_medium=school-profile&utm_campaign=organic,2026-03-19,25.5,27.55,22.0,29.0,25.5,29.0,22.0,82.0,9.0,30,,,Hackney,True
https://snobe.co.uk/schools/st-scholasticas-catholic-primary-school,100274,St Scholastica's Catholic Primary School,Hackney,Kenninghall Road,London,E5 8BS,Primary,Roman Catholic,16.0,28,16.0,57.142857,175,51.558536,-0.059944,St Scholastica's Catholic Primary School,16.0,A+,Ofsted Good,http://www.st-scholasticas.com?utm_source=snobe-co-uk&utm_medium=school-profile&utm_campaign=organic,2026-03-19,73.9,15.2,16.0,16.0,73.9,16.0,16.0,82.0,9.0,16,,,Hackney,True
https://snobe.co.uk/schools/st-scholasticas-catholic-primary-school,100274,St Scholastica's Catholic Primary School,Hackney,Kenninghall Road,London,E5 8BS,Primary,Roman Catholic,16.0,38,16.0,57.142857,190,51.558536,-0.059944,St Scholastica's Catholic Primary School,16.0,A+,Ofsted Good,http://www.st-scholasticas.com?utm_source=snobe-co-uk&utm_medium=school-profile&utm_campaign=organic,2026-03-19,73.9,15.2,16.0,16.0,73.9,16.0,16.0,82.0,9.0,20,,,Hackney,True
https://snobe.co.uk/schools/st-scholasticas-catholic-primary-school,100274,St Scholastica's Catholic Primary School,Hackney,Kenninghall Road,London,E5 8BS,Primary,Roman Catholic,16.0,37,16.0,57.142857,168,51.558536,-0.059944,St Scholastica's Catholic Primary School,16.0,A+,Ofsted Good,http://www.st-scholasticas.com?utm_source=snobe-co-uk&utm_medium=school-profile&utm_campaign=organic,2026-03-19,73.9,15.2,16.0,16.0,73.9,16.0,16.0,82.0,9.0,22,,,Hackney,True
https://snobe.co.uk/schools/st-scholasticas-catholic-primary-school,100274,St Scholastica's Catholic Primary School,Hackney,Kenninghall Road,London,E5 8BS,Primary,Roman Catholic,16.0,34,16.0,57.142857,155,51.558536,-0.059944,St Scholastica's Catholic Primary School,16.0,A+,Ofsted Good,http://www.st-scholasticas.com?utm_source=snobe-co-uk&utm_medium=school-profile&utm_campaign=organic,2026-03-19,73.9,15.2,16.0,16.0,73.9,16.0,16.0,82.0,9.0,22,,,Hackney,True
https://snobe.co.uk/schools/st-scholasticas-catholic-primary-school,100274,St Scholastica's Catholic Primary School,Hackney,Kenninghall Road,London,E5 8BS,Primary,Roman Catholic,16.0,34,16.0,57.142857,179,51.558536,-0.059944,St Scholastica's Catholic Primary School,16.0,A+,Ofsted Good,http://www.st-scholasticas.com?utm_source=snobe-co-uk&utm_medium=school-profile&utm_campaign=organic,2026-03-19,73.9,15.2,16.0,16.0,73.9,16.0,16.0,82.0,9.0,19,,,Hackney,True
https://snobe.co.uk/schools/st-scholasticas-catholic-primary-school,100274,St Scholastica's Catholic Primary School,Hackney,Kenninghall Road,London,E5 8BS,Primary,Roman Catholic,16.0,42,16.0,57.142857,183,51.558536,-0.059944,St Scholastica's Catholic Primary School,16.0,A+,Ofsted Good,http://www.st-scholasticas.com?utm_source=snobe-co-uk&utm_medium=school-profile&utm_campaign=organic,2026-03-19,73.9,15.2,16.0,16.0,73.9,16.0,16.0,82.0,9.0,23,,,Hackney,True
https://snobe.co.uk/schools/st-scholasticas-catholic-primary-school,100274,St Scholastica's Catholic Primary School,Hackney,Kenninghall Road,London,E5 8BS,Primary,Roman Catholic,16.0,54,16.0,57.142857,245,51.558536,-0.059944,St Scholastica's Catholic Primary School,16.0,A+,Ofsted Good,http://www.st-scholasticas.com?utm_source=snobe-co-uk&utm_medium=school-profile&utm_campaign=organic,2026-03-19,73.9,15.2,16.0,16.0,73.9,16.0,16.0,82.0,9.0,22,,,Hackney,True
https://snobe.co.uk/schools/st-scholasticas-catholic-primary-school,100274,St Scholastica's Catholic Primary School,Hackney,Kenninghall Road,London,E5 8BS,Primary,Roman Catholic,16.0,47,16.0,57.142857,214,51.558536,-0.059944,St Scholastica's Catholic Primary School,16.0,A+,Ofsted Good,http://www.st-scholasticas.com?utm_source=snobe-co-uk&utm_medium=school-profile&utm_campaign=organic,2026-03-19,73.9,15.2,16.0,16.0,73.9,16.0,16.0,82.0,9.0,22,,,Hackney,True
https://snobe.co.uk/schools/st-scholasticas-catholic-primary-school,100274,St Scholastica's Catholic Primary School,Hackney,Kenninghall Road,London,E5 8BS,Primary,Roman Catholic,16.0,57,16.0,57.142857,238,51.558536,-0.059944,St Scholastica's Catholic Primary School,16.0,A+,Ofsted Good,http://www.st-scholasticas.com?utm_source=snobe-co-uk&utm_medium=school-profile&utm_campaign=organic,2026-03-19,73.9,15.2,16.0,16.0,73.9,16.0,16.0,82.0,9.0,24,,,Hackney,True
https://snobe.co.uk/schools/st-scholasticas-catholic-primary-school,100274,St Scholastica's Catholic Primary School,Hackney,Kenninghall Road,London,E5 8BS,Primary,Roman Catholic,16.0,73,16.0,57.142857,243,51.558536,-0.059944,St Scholastica's Catholic Primary School,16.0,A+,Ofsted Good,http://www.st-scholasticas.com?utm_source=snobe-co-uk&utm_medium=school-profile&utm_campaign=organic,2026-03-19,73.9,15.2,16.0,16.0,73.9,16.0,16.0,82.0,9.0,30,,,Hackney,True
https://snobe.co.uk/schools/st-scholasticas-catholic-primary-school,100274,St Scholastica's Catholic Primary School,Hackney,Kenninghall Road,London,E5 8BS,Primary,Roman Catholic,16.0,83,16.0,57.142857,286,51.558536,-0.059944,St Scholastica's Catholic Primary School,16.0,A+,Ofsted Good,http://www.st-scholasticas.com?utm_source=snobe-co-uk&utm_medium=school-profile&utm_campaign=organic,2026-03-19,73.9,15.2,16.0,16.0,73.9,16.0,16.0,82.0,9.0,29,,,Hackney,True
https://snobe.co.uk/schools/st-scholasticas-catholic-primary-school,100274,St Scholastica's Catholic Primary School,Hackney,Kenninghall Road,London,E5 8BS,Primary,Roman Catholic,16.0,92,16.0,57.142857,307,51.558536,-0.059944,St Scholastica's Catholic Primary School,16.0,A+,Ofsted Good,http://www.st-scholasticas.com?utm_source=snobe-co-uk&utm_medium=school-profile&utm_campaign=organic,2026-03-19,73.9,15.2,16.0,16.0,73.9,16.0,16.0,82.0,9.0,30,,,Hackney,True
https://snobe.co.uk/schools/st-dominics-catholic-primary-school-0,133669,St. Dominic's Catholic Primary School,Hackney,Ballance Road,London,E9 5SR,Primary,Roman Catholic,4.0,16,4.0,25.0,400,51.545651,-0.039982,St. Dominic's Catholic Primary School,4.0,A+,Ofsted Good,http://www.stdominics.hackney.sch.uk/?utm_source=snobe-co-uk&utm_medium=school-profile&utm_campaign=organic,2026-03-19,55.8,3.8,4.0,4.0,55.8,4.0,4.0,82.0,9.0,4,,,Hackney,True
https://snobe.co.uk/schools/st-dominics-catholic-primary-school-0,133669,St. Dominic's Catholic Primary School,Hackney,Ballance Road,London,E9 5SR,Primary,Roman Catholic,4.0,36,4.0,25.0,240,51.545651,-0.039982,St. Dominic's Catholic Primary School,4.0,A+,Ofsted Good,http://www.stdominics.hackney.sch.uk/?utm_source=snobe-co-uk&utm_medium=school-profile&utm_campaign=organic,2026-03-19,55.8,3.8,4.0,4.0,55.8,4.0,4.0,82.0,9.0,15,,,Hackney,True
https://snobe.co.uk/schools/st-dominics-catholic-primary-school-0,133669,St. Dominic's Catholic Primary School,Hackney,Ballance Road,London,E9 5SR,Primary,Roman Catholic,4.0,23,4.0,25.0,288,51.545651,-0.039982,St. Dominic's Catholic Primary School,4.0,A+,Ofsted Good,http://www.stdominics.hackney.sch.uk/?utm_source=snobe-co-uk&utm_medium=school-profile&utm_campaign=organic,2026-03-19,55.8,3.8,4.0,4.0,55.8,4.0,4.0,82.0,9.0,8,,,Hackney,True
https://snobe.co.uk/schools/st-dominics-catholic-primary-school-0,133669,St. Dominic's Catholic Primary School,Hackney,Ballance Road,London,E9 5SR,Primary,Roman Catholic,4.0,33,4.0,25.0,206,51.545651,-0.039982,St. Dominic's Catholic Primary School,4.0,A+,Ofsted Good,http://www.stdominics.hackney.sch.uk/?utm_source=snobe-co-uk&utm_medium=school-profile&utm_campaign=organic,2026-03-19,55.8,3.8,4.0,4.0,55.8,4.0,4.0,82.0,9.0,16,,,Hackney,True
https://snobe.co.uk/schools/st-dominics-catholic-primary-school-0,133669,St. Dominic's Catholic Primary School,Hackney,Ballance Road,London,E9 5SR,Primary,Roman Catholic,4.0,40,4.0,25.0,211,51.545651,-0.039982,St. Dominic's Catholic Primary School,4.0,A+,Ofsted Good,http://www.stdominics.hackney.sch.uk/?utm_source=snobe-co-uk&utm_medium=school-profile&utm_campaign=organic,2026-03-19,55.8,3.8,4.0,4.0,55.8,4.0,4.0,82.0,9.0,19,,,Hackney,True
https://snobe.co.uk/schools/st-dominics-catholic-primary-school-0,133669,St. Dominic's Catholic Primary School,Hackney,Ballance Road,London,E9 5SR,Primary,Roman Catholic,4.0,50,4.0,25.0,161,51.545651,-0.039982,St. Dominic's Catholic Primary School,4.0,A+,Ofsted Good,http://www.stdominics.hackney.sch.uk/?utm_source=snobe-co-uk&utm_medium=school-profile&utm_campaign=organic,2026-03-19,55.8,3.8,4.0,4.0,55.8,4.0,4.0,82.0,9.0,31,,,Hackney,True
https://snobe.co.uk/schools/st-dominics-catholic-primary-school-0,133669,St. Dominic's Catholic Primary School,Hackney,Ballance Road,London,E9 5SR,Primary,Roman Catholic,4.0,58,4.0,25.0,242,51.545651,-0.039982,St. Dominic's Catholic Primary School,4.0,A+,Ofsted Good,http://www.stdominics.hackney.sch.uk/?utm_source=snobe-co-uk&utm_medium=school-profile&utm_campaign=organic,2026-03-19,55.8,3.8,4.0,4.0,55.8,4.0,4.0,82.0,9.0,24,,,Hackney,True
https://snobe.co.uk/schools/st-dominics-catholic-primary-school-0,133669,St. Dominic's Catholic Primary School,Hackney,Ballance Road,London,E9 5SR,Primary,Roman Catholic,4.0,73,4.0,25.0,187,51.545651,-0.039982,St. Dominic's Catholic Primary School,4.0,A+,Ofsted Good,http://www.stdominics.hackney.sch.uk/?utm_source=snobe-co-uk&utm_medium=school-profile&utm_campaign=organic,2026-03-19,55.8,3.8,4.0,4.0,55.8,4.0,4.0,82.0,9.0,39,,,Hackney,True
https://snobe.co.uk/schools/st-dominics-catholic-primary-school-0,133669,St. Dominic's Catholic Primary School,Hackney,Ballance Road,London,E9 5SR,Primary,Roman Catholic,4.0,72,4.0,25.0,167,51.545651,-0.039982,St. Dominic's Catholic Primary School,4.0,A+,Ofsted Good,http://www.stdominics.hackney.sch.uk/?utm_source=snobe-co-uk&utm_medium=school-profile&utm_campaign=organic,2026-03-19,55.8,3.8,4.0,4.0,55.8,4.0,4.0,82.0,9.0,43,,,Hackney,True
https://snobe.co.uk/schools/st-dominics-catholic-primary-school-0,133669,St. Dominic's Catholic Primary School,Hackney,Ballance Road,London,E9 5SR,Primary,Roman Catholic,4.0,99,4.0,25.0,198,51.545651,-0.039982,St. Dominic's Catholic Primary School,4.0,A+,Ofsted Good,http://www.stdominics.hackney.sch.uk/?utm_source=snobe-co-uk&utm_medium=school-profile&utm_campaign=organic,2026-03-19,55.8,3.8,4.0,4.0,55.8,4.0,4.0,82.0,9.0,50,,,Hackney,True
https://snobe.co.uk/schools/st-dominics-catholic-primary-school-0,133669,St. Dominic's Catholic Primary School,Hackney,Ballance Road,London,E9 5SR,Primary,Roman Catholic,4.0,95,4.0,25.0,221,51.545651,-0.039982,St. Dominic's Catholic Primary School,4.0,A+,Ofsted Good,http://www.stdominics.hackney.sch.uk/?utm_source=snobe-co-uk&utm_medium=school-profile&utm_campaign=organic,2026-03-19,55.8,3.8,4.0,4.0,55.8,4.0,4.0,82.0,9.0,43,,,Hackney,True
https://snobe.co.uk/schools/st-dominics-catholic-primary-school-0,133669,St. Dominic's Catholic Primary School,Hackney,Ballance Road,London,E9 5SR,Primary,Roman Catholic,4.0,151,4.0,25.0,256,51.545651,-0.039982,St. Dominic's Catholic Primary School,4.0,A+,Ofsted Good,http://www.stdominics.hackney.sch.uk/?utm_source=snobe-co-uk&utm_medium=school-profile&utm_campaign=organic,2026-03-19,55.8,3.8,4.0,4.0,55.8,4.0,4.0,82.0,9.0,59,,,Hackney,True
https://snobe.co.uk/schools/good-shepherd-rc-primary-school,100354,Good Shepherd RC Primary School,Hammersmith and Fulham,35 Gayford Road,London,W12 9BY,Primary,Roman Catholic,30.0,128,27.0,21.09375,427,51.502829,-0.245622,Good Shepherd RC Primary School,30.0,A+,Ofsted Outstanding,http://www.goodshepherdrc.lbhf.sch.uk/?utm_source=snobe-co-uk&utm_medium=school-profile&utm_campaign=organic,2026-03-19,12.7,28.5,27.0,30.0,12.7,30.0,27.0,68.0,7.0,30,,,Hammersmith and Fulham,True
https://snobe.co.uk/schools/good-shepherd-rc-primary-school,100354,Good Shepherd RC Primary School,Hammersmith and Fulham,35 Gayford Road,London,W12 9BY,Primary,Roman Catholic,30.0,112,27.0,21.09375,373,51.502829,-0.245622,Good Shepherd RC Primary School,30.0,A+,Ofsted Outstanding,http://www.goodshepherdrc.lbhf.sch.uk/?utm_source=snobe-co-uk&utm_medium=school-profile&utm_campaign=organic,2026-03-19,12.7,28.5,27.0,30.0,12.7,30.0,27.0,68.0,7.0,30,,,Hammersmith and Fulham,True
https://snobe.co.uk/schools/good-shepherd-rc-primary-school,100354,Good Shepherd RC Primary School,Hammersmith and Fulham,35 Gayford Road,London,W12 9BY,Primary,Roman Catholic,30.0,89,27.0,21.09375,307,51.502829,-0.245622,Good Shepherd RC Primary School,30.0,A+,Ofsted Outstanding,http://www.goodshepherdrc.lbhf.sch.uk/?utm_source=snobe-co-uk&utm_medium=school-profile&utm_campaign=organic,2026-03-19,12.7,28.5,27.0,30.0,12.7,30.0,27.0,68.0,7.0,29,,,Hammersmith and Fulham,True
https://snobe.co.uk/schools/good-shepherd-rc-primary-school,100354,Good Shepherd RC Primary School,Hammersmith and Fulham,35 Gayford Road,London,W12 9BY,Primary,Roman Catholic,30.0,117,27.0,21.09375,390,51.502829,-0.245622,Good Shepherd RC Primary School,30.0,A+,Ofsted Outstanding,http://www.goodshepherdrc.lbhf.sch.uk/?utm_source=snobe-co-uk&utm_medium=school-profile&utm_campaign=organic,2026-03-19,12.7,28.5,27.0,30.0,12.7,30.0,27.0,68.0,7.0,30,,,Hammersmith and Fulham,True
https://snobe.co.uk/schools/good-shepherd-rc-primary-school,100354,Good Shepherd RC Primary School,Hammersmith and Fulham,35 Gayford Road,London,W12 9BY,Primary,Roman Catholic,30.0,103,27.0,21.09375,343,51.502829,-0.245622,Good Shepherd RC Primary School,30.0,A+,Ofsted Outstanding,http://www.goodshepherdrc.lbhf.sch.uk/?utm_source=snobe-co-uk&utm_medium=school-profile&utm_campaign=organic,2026-03-19,12.7,28.5,27.0,30.0,12.7,30.0,27.0,68.0,7.0,30,,,Hammersmith and Fulham,True
https://snobe.co.uk/schools/good-shepherd-rc-primary-school,100354,Good Shepherd RC Primary School,Hammersmith and Fulham,35 Gayford Road,London,W12 9BY,Primary,Roman Catholic,30.0,99,27.0,21.09375,330,51.502829,-0.245622,Good Shepherd RC Primary School,30.0,A+,Ofsted Outstanding,http://www.goodshepherdrc.lbhf.sch.uk/?utm_source=snobe-co-uk&utm_medium=school-profile&utm_campaign=organic,2026-03-19,12.7,28.5,27.0,30.0,12.7,30.0,27.0,68.0,7.0,30,,,Hammersmith and Fulham,True
https://snobe.co.uk/schools/good-shepherd-rc-primary-school,100354,Good Shepherd RC Primary School,Hammersmith and Fulham,35 Gayford Road,London,W12 9BY,Primary,Roman Catholic,30.0,122,27.0,21.09375,407,51.502829,-0.245622,Good Shepherd RC Primary School,30.0,A+,Ofsted Outstanding,http://www.goodshepherdrc.lbhf.sch.uk/?utm_source=snobe-co-uk&utm_medium=school-profile&utm_campaign=organic,2026-03-19,12.7,28.5,27.0,30.0,12.7,30.0,27.0,68.0,7.0,30,,,Hammersmith and Fulham,True
https://snobe.co.uk/schools/good-shepherd-rc-primary-school,100354,Good Shepherd RC Primary School,Hammersmith and Fulham,35 Gayford Road,London,W12 9BY,Primary,Roman Catholic,30.0,127,27.0,21.09375,423,51.502829,-0.245622,Good Shepherd RC Primary School,30.0,A+,Ofsted Outstanding,http://www.goodshepherdrc.lbhf.sch.uk/?utm_source=snobe-co-uk&utm_medium=school-profile&utm_campaign=organic,2026-03-19,12.7,28.5,27.0,30.0,12.7,30.0,27.0,68.0,7.0,30,,,Hammersmith and Fulham,True
https://snobe.co.uk/schools/good-shepherd-rc-primary-school,100354,Good Shepherd RC Primary School,Hammersmith and Fulham,35 Gayford Road,London,W12 9BY,Primary,Roman Catholic,30.0,136,27.0,21.09375,453,51.502829,-0.245622,Good Shepherd RC Primary School,30.0,A+,Ofsted Outstanding,http://www.goodshepherdrc.lbhf.sch.uk/?utm_source=snobe-co-uk&utm_medium=school-profile&utm_campaign=organic,2026-03-19,12.7,28.5,27.0,30.0,12.7,30.0,27.0,68.0,7.0,30,,,Hammersmith and Fulham,True
https://snobe.co.uk/schools/good-shepherd-rc-primary-school,100354,Good Shepherd RC Primary School,Hammersmith and Fulham,35 Gayford Road,London,W12 9BY,Primary,Roman Catholic,30.0,134,27.0,21.09375,447,51.502829,-0.245622,Good Shepherd RC Primary School,30.0,A+,Ofsted Outstanding,http://www.goodshepherdrc.lbhf.sch.uk/?utm_source=snobe-co-uk&utm_medium=school-profile&utm_campaign=organic,2026-03-19,12.7,28.5,27.0,30.0,12.7,30.0,27.0,68.0,7.0,30,,,Hammersmith and Fulham,True
https://snobe.co.uk/schools/good-shepherd-rc-primary-school,100354,Good Shepherd RC Primary School,Hammersmith and Fulham,35 Gayford Road,London,W12 9BY,Primary,Roman Catholic,30.0,125,27.0,21.09375,417,51.502829,-0.245622,Good Shepherd RC Primary School,30.0,A+,Ofsted Outstanding,http://www.goodshepherdrc.lbhf.sch.uk/?utm_source=snobe-co-uk&utm_medium=school-profile&utm_campaign=organic,2026-03-19,12.7,28.5,27.0,30.0,12.7,30.0,27.0,68.0,7.0,30,,,Hammersmith and Fulham,True
https://snobe.co.uk/schools/good-shepherd-rc-primary-school,100354,Good Shepherd RC Primary School,Hammersmith and Fulham,35 Gayford Road,London,W12 9BY,Primary,Roman Catholic,30.0,125,27.0,21.09375,417,51.502829,-0.245622,Good Shepherd RC Primary School,30.0,A+,Ofsted Outstanding,http://www.goodshepherdrc.lbhf.sch.uk/?utm_source=snobe-co-uk&utm_medium=school-profile&utm_campaign=organic,2026-03-19,12.7,28.5,27.0,30.0,12.7,30.0,27.0,68.0,7.0,30,,,Hammersmith and Fulham,True
https://snobe.co.uk/schools/holy-cross-rc-school,100345,Holy Cross RC School,Hammersmith and Fulham,Basuto Road,London,SW6 4BL,Primary,Roman Catholic,58.0,209,45.0,21.5311,360,51.475948,-0.197476,Holy Cross RC School,58.0,A,Ofsted Good,http://www.holycrossfulham.org.uk/?utm_source=snobe-co-uk&utm_medium=school-profile&utm_campaign=organic,2026-03-19,13.0,55.1,45.0,58.0,13.0,58.0,45.0,68.0,7.0,58,,,Hammersmith and Fulham,True
https://snobe.co.uk/schools/holy-cross-rc-school,100345,Holy Cross RC School,Hammersmith and Fulham,Basuto Road,London,SW6 4BL,Primary,Roman Catholic,58.0,163,45.0,21.5311,276,51.475948,-0.197476,Holy Cross RC School,58.0,A,Ofsted Good,http://www.holycrossfulham.org.uk/?utm_source=snobe-co-uk&utm_medium=school-profile&utm_campaign=organic,2026-03-19,13.0,55.1,45.0,58.0,13.0,58.0,45.0,68.0,7.0,59,,,Hammersmith and Fulham,True
https://snobe.co.uk/schools/holy-cross-rc-school,100345,Holy Cross RC School,Hammersmith and Fulham,Basuto Road,London,SW6 4BL,Primary,Roman Catholic,58.0,107,45.0,21.5311,382,51.475948,-0.197476,Holy Cross RC School,58.0,A,Ofsted Good,http://www.holycrossfulham.org.uk/?utm_source=snobe-co-uk&utm_medium=school-profile&utm_campaign=organic,2026-03-19,13.0,55.1,45.0,58.0,13.0,58.0,45.0,68.0,7.0,28,,,Hammersmith and Fulham,True
https://snobe.co.uk/schools/holy-cross-rc-school,100345,Holy Cross RC School,Hammersmith and Fulham,Basuto Road,London,SW6 4BL,Primary,Roman Catholic,58.0,165,45.0,21.5311,284,51.475948,-0.197476,Holy Cross RC School,58.0,A,Ofsted Good,http://www.holycrossfulham.org.uk/?utm_source=snobe-co-uk&utm_medium=school-profile&utm_campaign=organic,2026-03-19,13.0,55.1,45.0,58.0,13.0,58.0,45.0,68.0,7.0,58,,,Hammersmith and Fulham,True
https://snobe.co.uk/schools/holy-cross-rc-school,100345,Holy Cross RC School,Hammersmith and Fulham,Basuto Road,London,SW6 4BL,Primary,Roman Catholic,58.0,116,45.0,21.5311,414,51.475948,-0.197476,Holy Cross RC School,58.0,A,Ofsted Good,http://www.holycrossfulham.org.uk/?utm_source=snobe-co-uk&utm_medium=school-profile&utm_campaign=organic,2026-03-19,13.0,55.1,45.0,58.0,13.0,58.0,45.0,68.0,7.0,28,,,Hammersmith and Fulham,True
https://snobe.co.uk/schools/holy-cross-rc-school,100345,Holy Cross RC School,Hammersmith and Fulham,Basuto Road,London,SW6 4BL,Primary,Roman Catholic,58.0,153,45.0,21.5311,255,51.475948,-0.197476,Holy Cross RC School,58.0,A,Ofsted Good,http://www.holycrossfulham.org.uk/?utm_source=snobe-co-uk&utm_medium=school-profile&utm_campaign=organic,2026-03-19,13.0,55.1,45.0,58.0,13.0,58.0,45.0,68.0,7.0,60,,,Hammersmith and Fulham,True
https://snobe.co.uk/schools/holy-cross-rc-school,100345,Holy Cross RC School,Hammersmith and Fulham,Basuto Road,London,SW6 4BL,Primary,Roman Catholic,58.0,124,45.0,21.5311,443,51.475948,-0.197476,Holy Cross RC School,58.0,A,Ofsted Good,http://www.holycrossfulham.org.uk/?utm_source=snobe-co-uk&utm_medium=school-profile&utm_campaign=organic,2026-03-19,13.0,55.1,45.0,58.0,13.0,58.0,45.0,68.0,7.0,28,,,Hammersmith and Fulham,True
https://snobe.co.uk/schools/holy-cross-rc-school,100345,Holy Cross RC School,Hammersmith and Fulham,Basuto Road,London,SW6 4BL,Primary,Roman Catholic,58.0,177,45.0,21.5311,300,51.475948,-0.197476,Holy Cross RC School,58.0,A,Ofsted Good,http://www.holycrossfulham.org.uk/?utm_source=snobe-co-uk&utm_medium=school-profile&utm_campaign=organic,2026-03-19,13.0,55.1,45.0,58.0,13.0,58.0,45.0,68.0,7.0,59,,,Hammersmith and Fulham,True
https://snobe.co.uk/schools/holy-cross-rc-school,100345,Holy Cross RC School,Hammersmith and Fulham,Basuto Road,London,SW6 4BL,Primary,Roman Catholic,58.0,126,45.0,21.5311,450,51.475948,-0.197476,Holy Cross RC School,58.0,A,Ofsted Good,http://www.holycrossfulham.org.uk/?utm_source=snobe-co-uk&utm_medium=school-profile&utm_campaign=organic,2026-03-19,13.0,55.1,45.0,58.0,13.0,58.0,45.0,68.0,7.0,28,,,Hammersmith and Fulham,True
https://snobe.co.uk/schools/holy-cross-rc-school,100345,Holy Cross RC School,Hammersmith and Fulham,Basuto Road,London,SW6 4BL,Primary,Roman Catholic,58.0,201,45.0,21.5311,335,51.475948,-0.197476,Holy Cross RC School,58.0,A,Ofsted Good,http://www.holycrossfulham.org.uk/?utm_source=snobe-co-uk&utm_medium=school-profile&utm_campaign=organic,2026-03-19,13.0,55.1,45.0,58.0,13.0,58.0,45.0,68.0,7.0,60,,,Hammersmith and Fulham,True
https://snobe.co.uk/schools/holy-cross-rc-school,100345,Holy Cross RC School,Hammersmith and Fulham,Basuto Road,London,SW6 4BL,Primary,Roman Catholic,58.0,127,45.0,21.5311,454,51.475948,-0.197476,Holy Cross RC School,58.0,A,Ofsted Good,http://www.holycrossfulham.org.uk/?utm_source=snobe-co-uk&utm_medium=school-profile&utm_campaign=organic,2026-03-19,13.0,55.1,45.0,58.0,13.0,58.0,45.0,68.0,7.0,28,,,Hammersmith and Fulham,True
https://snobe.co.uk/schools/holy-cross-rc-school,100345,Holy Cross RC School,Hammersmith and Fulham,Basuto Road,London,SW6 4BL,Primary,Roman Catholic,58.0,188,45.0,21.5311,313,51.475948,-0.197476,Holy Cross RC School,58.0,A,Ofsted Good,http://www.holycrossfulham.org.uk/?utm_source=snobe-co-uk&utm_medium=school-profile&utm_campaign=organic,2026-03-19,13.0,55.1,45.0,58.0,13.0,58.0,45.0,68.0,7.0,60,,,Hammersmith and Fulham,True
https://snobe.co.uk/schools/holy-cross-rc-school,100345,Holy Cross RC School,Hammersmith and Fulham,Basuto Road,London,SW6 4BL,Primary,Roman Catholic,58.0,124,45.0,21.5311,443,51.475948,-0.197476,Holy Cross RC School,58.0,A,Ofsted Good,http://www.holycrossfulham.org.uk/?utm_source=snobe-co-uk&utm_medium=school-profile&utm_campaign=organic,2026-03-19,13.0,55.1,45.0,58.0,13.0,58.0,45.0,68.0,7.0,28,,,Hammersmith and Fulham,True
https://snobe.co.uk/schools/holy-cross-rc-school,100345,Holy Cross RC School,Hammersmith and Fulham,Basuto Road,London,SW6 4BL,Primary,Roman Catholic,58.0,161,45.0,21.5311,268,51.475948,-0.197476,Holy Cross RC School,58.0,A,Ofsted Good,http://www.holycrossfulham.org.uk/?utm_source=snobe-co-uk&utm_medium=school-profile&utm_campaign=organic,2026-03-19,13.0,55.1,45.0,58.0,13.0,58.0,45.0,68.0,7.0,60,,,Hammersmith and Fulham,True
https://snobe.co.uk/schools/holy-cross-rc-school,100345,Holy Cross RC School,Hammersmith and Fulham,Basuto Road,London,SW6 4BL,Primary,Roman Catholic,58.0,142,45.0,21.5311,507,51.475948,-0.197476,Holy Cross RC School,58.0,A,Ofsted Good,http://www.holycrossfulham.org.uk/?utm_source=snobe-co-uk&utm_medium=school-profile&utm_campaign=organic,2026-03-19,13.0,55.1,45.0,58.0,13.0,58.0,45.0,68.0,7.0,28,,,Hammersmith and Fulham,True
https://snobe.co.uk/schools/holy-cross-rc-school,100345,Holy Cross RC School,Hammersmith and Fulham,Basuto Road,London,SW6 4BL,Primary,Roman Catholic,58.0,317,45.0,21.5311,364,51.475948,-0.197476,Holy Cross RC School,58.0,A,Ofsted Good,http://www.holycrossfulham.org.uk/?utm_source=snobe-co-uk&utm_medium=school-profile&utm_campaign=organic,2026-03-19,13.0,55.1,45.0,58.0,13.0,58.0,45.0,68.0,7.0,87,,,Hammersmith and Fulham,True
https://snobe.co.uk/schools/holy-cross-rc-school,100345,Holy Cross RC School,Hammersmith and Fulham,Basuto Road,London,SW6 4BL,Primary,Roman Catholic,58.0,180,45.0,21.5311,300,51.475948,-0.197476,Holy Cross RC School,58.0,A,Ofsted Good,http://www.holycrossfulham.org.uk/?utm_source=snobe-co-uk&utm_medium=school-profile&utm_campaign=organic,2026-03-19,13.0,55.1,45.0,58.0,13.0,58.0,45.0,68.0,7.0,60,,,Hammersmith and Fulham,True
https://snobe.co.uk/schools/holy-cross-rc-school,100345,Holy Cross RC School,Hammersmith and Fulham,Basuto Road,London,SW6 4BL,Primary,Roman Catholic,58.0,149,45.0,21.5311,532,51.475948,-0.197476,Holy Cross RC School,58.0,A,Ofsted Good,http://www.holycrossfulham.org.uk/?utm_source=snobe-co-uk&utm_medium=school-profile&utm_campaign=organic,2026-03-19,13.0,55.1,45.0,58.0,13.0,58.0,45.0,68.0,7.0,28,,,Hammersmith and Fulham,True
https://snobe.co.uk/schools/holy-cross-rc-school,100345,Holy Cross RC School,Hammersmith and Fulham,Basuto Road,London,SW6 4BL,Primary,Roman Catholic,58.0,163,45.0,21.5311,272,51.475948,-0.197476,Holy Cross RC School,58.0,A,Ofsted Good,http://www.holycrossfulham.org.uk/?utm_source=snobe-co-uk&utm_medium=school-profile&utm_campaign=organic,2026-03-19,13.0,55.1,45.0,58.0,13.0,58.0,45.0,68.0,7.0,60,,,Hammersmith and Fulham,True
https://snobe.co.uk/schools/holy-cross-rc-school,100345,Holy Cross RC School,Hammersmith and Fulham,Basuto Road,London,SW6 4BL,Primary,Roman Catholic,58.0,118,45.0,21.5311,421,51.475948,-0.197476,Holy Cross RC School,58.0,A,Ofsted Good,http://www.holycrossfulham.org.uk/?utm_source=snobe-co-uk&utm_medium=school-profile&utm_campaign=organic,2026-03-19,13.0,55.1,45.0,58.0,13.0,58.0,45.0,68.0,7.0,28,,,Hammersmith and Fulham,True
https://snobe.co.uk/schools/holy-cross-rc-school,100345,Holy Cross RC School,Hammersmith and Fulham,Basuto Road,London,SW6 4BL,Primary,Roman Catholic,58.0,158,45.0,21.5311,259,51.475948,-0.197476,Holy Cross RC School,58.0,A,Ofsted Good,http://www.holycrossfulham.org.uk/?utm_source=snobe-co-uk&utm_medium=school-profile&utm_campaign=organic,2026-03-19,13.0,55.1,45.0,58.0,13.0,58.0,45.0,68.0,7.0,61,,,Hammersmith and Fulham,True
https://snobe.co.uk/schools/holy-cross-rc-school,100345,Holy Cross RC School,Hammersmith and Fulham,Basuto Road,London,SW6 4BL,Primary,Roman Catholic,58.0,127,45.0,21.5311,508,51.475948,-0.197476,Holy Cross RC School,58.0,A,Ofsted Good,http://www.holycrossfulham.org.uk/?utm_source=snobe-co-uk&utm_medium=school-profile&utm_campaign=organic,2026-03-19,13.0,55.1,45.0,58.0,13.0,58.0,45.0,68.0,7.0,25,,,Hammersmith and Fulham,True
https://snobe.co.uk/schools/larmenier-sacred-heart-catholic-primary-school,134009,Larmenier & Sacred Heart Catholic Primary School,Hammersmith and Fulham,41a Brook Green,London,W6 7BL,Primary,Roman Catholic,59.0,166,54.0,32.53012,281,51.495292,-0.218121,Larmenier & Sacred Heart Catholic Primary School,59.0,A+,Ofsted Outstanding,http://www.larshrc.lbhf.sch.uk?utm_source=snobe-co-uk&utm_medium=school-profile&utm_campaign=organic,2026-03-19,14.4,56.05,54.0,59.0,14.4,59.0,54.0,68.0,7.0,59,,,Hammersmith and Fulham,True
https://snobe.co.uk/schools/larmenier-sacred-heart-catholic-primary-school,134009,Larmenier & Sacred Heart Catholic Primary School,Hammersmith and Fulham,41a Brook Green,London,W6 7BL,Primary,Roman Catholic,59.0,163,54.0,32.53012,267,51.495292,-0.218121,Larmenier & Sacred Heart Catholic Primary School,59.0,A+,Ofsted Outstanding,http://www.larshrc.lbhf.sch.uk?utm_source=snobe-co-uk&utm_medium=school-profile&utm_campaign=organic,2026-03-19,14.4,56.05,54.0,59.0,14.4,59.0,54.0,68.0,7.0,61,,,Hammersmith and Fulham,True
https://snobe.co.uk/schools/larmenier-sacred-heart-catholic-primary-school,134009,Larmenier & Sacred Heart Catholic Primary School,Hammersmith and Fulham,41a Brook Green,London,W6 7BL,Primary,Roman Catholic,59.0,145,54.0,32.53012,242,51.495292,-0.218121,Larmenier & Sacred Heart Catholic Primary School,59.0,A+,Ofsted Outstanding,http://www.larshrc.lbhf.sch.uk?utm_source=snobe-co-uk&utm_medium=school-profile&utm_campaign=organic,2026-03-19,14.4,56.05,54.0,59.0,14.4,59.0,54.0,68.0,7.0,60,,,Hammersmith and Fulham,True
https://snobe.co.uk/schools/larmenier-sacred-heart-catholic-primary-school,134009,Larmenier & Sacred Heart Catholic Primary School,Hammersmith and Fulham,41a Brook Green,London,W6 7BL,Primary,Roman Catholic,59.0,156,54.0,32.53012,260,51.495292,-0.218121,Larmenier & Sacred Heart Catholic Primary School,59.0,A+,Ofsted Outstanding,http://www.larshrc.lbhf.sch.uk?utm_source=snobe-co-uk&utm_medium=school-profile&utm_campaign=organic,2026-03-19,14.4,56.05,54.0,59.0,14.4,59.0,54.0,68.0,7.0,60,,,Hammersmith and Fulham,True
https://snobe.co.uk/schools/larmenier-sacred-heart-catholic-primary-school,134009,Larmenier & Sacred Heart Catholic Primary School,Hammersmith and Fulham,41a Brook Green,London,W6 7BL,Primary,Roman Catholic,59.0,150,54.0,32.53012,254,51.495292,-0.218121,Larmenier & Sacred Heart Catholic Primary School,59.0,A+,Ofsted Outstanding,http://www.larshrc.lbhf.sch.uk?utm_source=snobe-co-uk&utm_medium=school-profile&utm_campaign=organic,2026-03-19,14.4,56.05,54.0,59.0,14.4,59.0,54.0,68.0,7.0,59,,,Hammersmith and Fulham,True
https://snobe.co.uk/schools/larmenier-sacred-heart-catholic-primary-school,134009,Larmenier & Sacred Heart Catholic Primary School,Hammersmith and Fulham,41a Brook Green,London,W6 7BL,Primary,Roman Catholic,59.0,178,54.0,32.53012,302,51.495292,-0.218121,Larmenier & Sacred Heart Catholic Primary School,59.0,A+,Ofsted Outstanding,http://www.larshrc.lbhf.sch.uk?utm_source=snobe-co-uk&utm_medium=school-profile&utm_campaign=organic,2026-03-19,14.4,56.05,54.0,59.0,14.4,59.0,54.0,68.0,7.0,59,,,Hammersmith and Fulham,True
https://snobe.co.uk/schools/larmenier-sacred-heart-catholic-primary-school,134009,Larmenier & Sacred Heart Catholic Primary School,Hammersmith and Fulham,41a Brook Green,London,W6 7BL,Primary,Roman Catholic,59.0,168,54.0,32.53012,290,51.495292,-0.218121,Larmenier & Sacred Heart Catholic Primary School,59.0,A+,Ofsted Outstanding,http://www.larshrc.lbhf.sch.uk?utm_source=snobe-co-uk&utm_medium=school-profile&utm_campaign=organic,2026-03-19,14.4,56.05,54.0,59.0,14.4,59.0,54.0,68.0,7.0,58,,,Hammersmith and Fulham,True
https://snobe.co.uk/schools/larmenier-sacred-heart-catholic-primary-school,134009,Larmenier & Sacred Heart Catholic Primary School,Hammersmith and Fulham,41a Brook Green,London,W6 7BL,Primary,Roman Catholic,59.0,174,54.0,32.53012,295,51.495292,-0.218121,Larmenier & Sacred Heart Catholic Primary School,59.0,A+,Ofsted Outstanding,http://www.larshrc.lbhf.sch.uk?utm_source=snobe-co-uk&utm_medium=school-profile&utm_campaign=organic,2026-03-19,14.4,56.05,54.0,59.0,14.4,59.0,54.0,68.0,7.0,59,,,Hammersmith and Fulham,True
https://snobe.co.uk/schools/larmenier-sacred-heart-catholic-primary-school,134009,Larmenier & Sacred Heart Catholic Primary School,Hammersmith and Fulham,41a Brook Green,London,W6 7BL,Primary,Roman Catholic,59.0,176,54.0,32.53012,293,51.495292,-0.218121,Larmenier & Sacred Heart Catholic Primary School,59.0,A+,Ofsted Outstanding,http://www.larshrc.lbhf.sch.uk?utm_source=snobe-co-uk&utm_medium=school-profile&utm_campaign=organic,2026-03-19,14.4,56.05,54.0,59.0,14.4,59.0,54.0,68.0,7.0,60,,,Hammersmith and Fulham,True
https://snobe.co.uk/schools/larmenier-sacred-heart-catholic-primary-school,134009,Larmenier & Sacred Heart Catholic Primary School,Hammersmith and Fulham,41a Brook Green,London,W6 7BL,Primary,Roman Catholic,59.0,226,54.0,32.53012,383,51.495292,-0.218121,Larmenier & Sacred Heart Catholic Primary School,59.0,A+,Ofsted Outstanding,http://www.larshrc.lbhf.sch.uk?utm_source=snobe-co-uk&utm_medium=school-profile&utm_campaign=organic,2026-03-19,14.4,56.05,54.0,59.0,14.4,59.0,54.0,68.0,7.0,59,,,Hammersmith and Fulham,True
https://snobe.co.uk/schools/larmenier-sacred-heart-catholic-primary-school,134009,Larmenier & Sacred Heart Catholic Primary School,Hammersmith and Fulham,41a Brook Green,London,W6 7BL,Primary,Roman Catholic,59.0,184,54.0,32.53012,312,51.495292,-0.218121,Larmenier & Sacred Heart Catholic Primary School,59.0,A+,Ofsted Outstanding,http://www.larshrc.lbhf.sch.uk?utm_source=snobe-co-uk&utm_medium=school-profile&utm_campaign=organic,2026-03-19,14.4,56.05,54.0,59.0,14.4,59.0,54.0,68.0,7.0,59,,,Hammersmith and Fulham,True
https://snobe.co.uk/schools/larmenier-sacred-heart-catholic-primary-school,134009,Larmenier & Sacred Heart Catholic Primary School,Hammersmith and Fulham,41a Brook Green,London,W6 7BL,Primary,Roman Catholic,59.0,194,54.0,32.53012,323,51.495292,-0.218121,Larmenier & Sacred Heart Catholic Primary School,59.0,A+,Ofsted Outstanding,http://www.larshrc.lbhf.sch.uk?utm_source=snobe-co-uk&utm_medium=school-profile&utm_campaign=organic,2026-03-19,14.4,56.05,54.0,59.0,14.4,59.0,54.0,68.0,7.0,60,,,Hammersmith and Fulham,True
https://snobe.co.uk/schools/sacred-heart-high-school,100363,Sacred Heart High School,Hammersmith and Fulham,212 Hammersmith Road,London,W6 7DG,Secondary,Roman Catholic,195.0,646,138.0,21.362229,64600,51.493572,-0.223331,Sacred Heart High School,210.0,A,Ofsted Outstanding,http://www.sacredhearthigh.org.uk?utm_source=snobe-co-uk&utm_medium=school-profile&utm_campaign=organic,2026-03-19,25.0,185.25,0.0,,,,,68.0,7.0,0,,,,True
https://snobe.co.uk/schools/st-augustines-rc-primary-school,100347,St Augustine's RC Primary School,Hammersmith and Fulham,Disbrowe Road,London,W6 8QE,Primary,Roman Catholic,30.0,69,15.0,18.518519,265,51.484281,-0.209592,St Augustine's RC Primary School,26.0,A+,Ofsted Outstanding,https://www.staugustinesrc.lbhf.sch.uk?utm_source=snobe-co-uk&utm_medium=school-profile&utm_campaign=organic,2026-03-19,21.2,28.5,24.0,26.0,21.2,26.0,24.0,68.0,7.0,26,,,Hammersmith and Fulham,True
https://snobe.co.uk/schools/st-augustines-rc-primary-school,100347,St Augustine's RC Primary School,Hammersmith and Fulham,Disbrowe Road,London,W6 8QE,Primary,Roman Catholic,30.0,87,15.0,18.518519,290,51.484281,-0.209592,St Augustine's RC Primary School,26.0,A+,Ofsted Outstanding,https://www.staugustinesrc.lbhf.sch.uk?utm_source=snobe-co-uk&utm_medium=school-profile&utm_campaign=organic,2026-03-19,21.2,28.5,24.0,26.0,21.2,26.0,24.0,68.0,7.0,30,,,Hammersmith and Fulham,True
https://snobe.co.uk/schools/st-augustines-rc-primary-school,100347,St Augustine's RC Primary School,Hammersmith and Fulham,Disbrowe Road,London,W6 8QE,Primary,Roman Catholic,30.0,102,15.0,18.518519,352,51.484281,-0.209592,St Augustine's RC Primary School,26.0,A+,Ofsted Outstanding,https://www.staugustinesrc.lbhf.sch.uk?utm_source=snobe-co-uk&utm_medium=school-profile&utm_campaign=organic,2026-03-19,21.2,28.5,24.0,26.0,21.2,26.0,24.0,68.0,7.0,29,,,Hammersmith and Fulham,True
https://snobe.co.uk/schools/st-augustines-rc-primary-school,100347,St Augustine's RC Primary School,Hammersmith and Fulham,Disbrowe Road,London,W6 8QE,Primary,Roman Catholic,30.0,112,15.0,18.518519,386,51.484281,-0.209592,St Augustine's RC Primary School,26.0,A+,Ofsted Outstanding,https://www.staugustinesrc.lbhf.sch.uk?utm_source=snobe-co-uk&utm_medium=school-profile&utm_campaign=organic,2026-03-19,21.2,28.5,24.0,26.0,21.2,26.0,24.0,68.0,7.0,29,,,Hammersmith and Fulham,True
https://snobe.co.uk/schools/st-augustines-rc-primary-school,100347,St Augustine's RC Primary School,Hammersmith and Fulham,Disbrowe Road,London,W6 8QE,Primary,Roman Catholic,30.0,149,15.0,18.518519,497,51.484281,-0.209592,St Augustine's RC Primary School,26.0,A+,Ofsted Outstanding,https://www.staugustinesrc.lbhf.sch.uk?utm_source=snobe-co-uk&utm_medium=school-profile&utm_campaign=organic,2026-03-19,21.2,28.5,24.0,26.0,21.2,26.0,24.0,68.0,7.0,30,,,Hammersmith and Fulham,True
https://snobe.co.uk/schools/st-augustines-rc-primary-school,100347,St Augustine's RC Primary School,Hammersmith and Fulham,Disbrowe Road,London,W6 8QE,Primary,Roman Catholic,30.0,140,15.0,18.518519,467,51.484281,-0.209592,St Augustine's RC Primary School,26.0,A+,Ofsted Outstanding,https://www.staugustinesrc.lbhf.sch.uk?utm_source=snobe-co-uk&utm_medium=school-profile&utm_campaign=organic,2026-03-19,21.2,28.5,24.0,26.0,21.2,26.0,24.0,68.0,7.0,30,,,Hammersmith and Fulham,True
https://snobe.co.uk/schools/st-augustines-rc-primary-school,100347,St Augustine's RC Primary School,Hammersmith and Fulham,Disbrowe Road,London,W6 8QE,Primary,Roman Catholic,30.0,131,15.0,18.518519,437,51.484281,-0.209592,St Augustine's RC Primary School,26.0,A+,Ofsted Outstanding,https://www.staugustinesrc.lbhf.sch.uk?utm_source=snobe-co-uk&utm_medium=school-profile&utm_campaign=organic,2026-03-19,21.2,28.5,24.0,26.0,21.2,26.0,24.0,68.0,7.0,30,,,Hammersmith and Fulham,True
https://snobe.co.uk/schools/st-augustines-rc-primary-school,100347,St Augustine's RC Primary School,Hammersmith and Fulham,Disbrowe Road,London,W6 8QE,Primary,Roman Catholic,30.0,161,15.0,18.518519,537,51.484281,-0.209592,St Augustine's RC Primary School,26.0,A+,Ofsted Outstanding,https://www.staugustinesrc.lbhf.sch.uk?utm_source=snobe-co-uk&utm_medium=school-profile&utm_campaign=organic,2026-03-19,21.2,28.5,24.0,26.0,21.2,26.0,24.0,68.0,7.0,30,,,Hammersmith and Fulham,True
https://snobe.co.uk/schools/st-augustines-rc-primary-school,100347,St Augustine's RC Primary School,Hammersmith and Fulham,Disbrowe Road,London,W6 8QE,Primary,Roman Catholic,30.0,195,15.0,18.518519,650,51.484281,-0.209592,St Augustine's RC Primary School,26.0,A+,Ofsted Outstanding,https://www.staugustinesrc.lbhf.sch.uk?utm_source=snobe-co-uk&utm_medium=school-profile&utm_campaign=organic,2026-03-19,21.2,28.5,24.0,26.0,21.2,26.0,24.0,68.0,7.0,30,,,Hammersmith and Fulham,True
https://snobe.co.uk/schools/st-augustines-rc-primary-school,100347,St Augustine's RC Primary School,Hammersmith and Fulham,Disbrowe Road,London,W6 8QE,Primary,Roman Catholic,30.0,142,15.0,18.518519,473,51.484281,-0.209592,St Augustine's RC Primary School,26.0,A+,Ofsted Outstanding,https://www.staugustinesrc.lbhf.sch.uk?utm_source=snobe-co-uk&utm_medium=school-profile&utm_campaign=organic,2026-03-19,21.2,28.5,24.0,26.0,21.2,26.0,24.0,68.0,7.0,30,,,Hammersmith and Fulham,True
https://snobe.co.uk/schools/st-augustines-rc-primary-school,100347,St Augustine's RC Primary School,Hammersmith and Fulham,Disbrowe Road,London,W6 8QE,Primary,Roman Catholic,30.0,165,15.0,18.518519,550,51.484281,-0.209592,St Augustine's RC Primary School,26.0,A+,Ofsted Outstanding,https://www.staugustinesrc.lbhf.sch.uk?utm_source=snobe-co-uk&utm_medium=school-profile&utm_campaign=organic,2026-03-19,21.2,28.5,24.0,26.0,21.2,26.0,24.0,68.0,7.0,30,,,Hammersmith and Fulham,True
https://snobe.co.uk/schools/st-john-xxiii-catholic-primary-school,100355,St John XXIII Catholic Primary School,Hammersmith and Fulham,1 India Way,London,W12 7QT,Primary,Roman Catholic,30.0,66,24.0,37.5,165,51.511498,-0.233673,St John XXIII Catholic Primary School,40.0,A+,Ofsted Outstanding,http://www.stjohnxxiii.lbhf.sch.uk?utm_source=snobe-co-uk&utm_medium=school-profile&utm_campaign=organic,2026-03-19,32.0,28.5,36.0,40.0,32.0,40.0,36.0,68.0,7.0,40,,,Hammersmith and Fulham,True
https://snobe.co.uk/schools/st-john-xxiii-catholic-primary-school,100355,St John XXIII Catholic Primary School,Hammersmith and Fulham,1 India Way,London,W12 7QT,Primary,Roman Catholic,30.0,85,24.0,37.5,160,51.511498,-0.233673,St John XXIII Catholic Primary School,40.0,A+,Ofsted Outstanding,http://www.stjohnxxiii.lbhf.sch.uk?utm_source=snobe-co-uk&utm_medium=school-profile&utm_campaign=organic,2026-03-19,32.0,28.5,36.0,40.0,32.0,40.0,36.0,68.0,7.0,53,,,Hammersmith and Fulham,True
https://snobe.co.uk/schools/st-john-xxiii-catholic-primary-school,100355,St John XXIII Catholic Primary School,Hammersmith and Fulham,1 India Way,London,W12 7QT,Primary,Roman Catholic,30.0,85,24.0,37.5,236,51.511498,-0.233673,St John XXIII Catholic Primary School,40.0,A+,Ofsted Outstanding,http://www.stjohnxxiii.lbhf.sch.uk?utm_source=snobe-co-uk&utm_medium=school-profile&utm_campaign=organic,2026-03-19,32.0,28.5,36.0,40.0,32.0,40.0,36.0,68.0,7.0,36,,,Hammersmith and Fulham,True
https://snobe.co.uk/schools/st-john-xxiii-catholic-primary-school,100355,St John XXIII Catholic Primary School,Hammersmith and Fulham,1 India Way,London,W12 7QT,Primary,Roman Catholic,30.0,102,24.0,37.5,179,51.511498,-0.233673,St John XXIII Catholic Primary School,40.0,A+,Ofsted Outstanding,http://www.stjohnxxiii.lbhf.sch.uk?utm_source=snobe-co-uk&utm_medium=school-profile&utm_campaign=organic,2026-03-19,32.0,28.5,36.0,40.0,32.0,40.0,36.0,68.0,7.0,57,,,Hammersmith and Fulham,True
https://snobe.co.uk/schools/st-john-xxiii-catholic-primary-school,100355,St John XXIII Catholic Primary School,Hammersmith and Fulham,1 India Way,London,W12 7QT,Primary,Roman Catholic,30.0,81,24.0,37.5,165,51.511498,-0.233673,St John XXIII Catholic Primary School,40.0,A+,Ofsted Outstanding,http://www.stjohnxxiii.lbhf.sch.uk?utm_source=snobe-co-uk&utm_medium=school-profile&utm_campaign=organic,2026-03-19,32.0,28.5,36.0,40.0,32.0,40.0,36.0,68.0,7.0,49,,,Hammersmith and Fulham,True
https://snobe.co.uk/schools/st-john-xxiii-catholic-primary-school,100355,St John XXIII Catholic Primary School,Hammersmith and Fulham,1 India Way,London,W12 7QT,Primary,Roman Catholic,30.0,85,24.0,37.5,173,51.511498,-0.233673,St John XXIII Catholic Primary School,40.0,A+,Ofsted Outstanding,http://www.stjohnxxiii.lbhf.sch.uk?utm_source=snobe-co-uk&utm_medium=school-profile&utm_campaign=organic,2026-03-19,32.0,28.5,36.0,40.0,32.0,40.0,36.0,68.0,7.0,49,,,Hammersmith and Fulham,True
https://snobe.co.uk/schools/st-john-xxiii-catholic-primary-school,100355,St John XXIII Catholic Primary School,Hammersmith and Fulham,1 India Way,London,W12 7QT,Primary,Roman Catholic,30.0,115,24.0,37.5,202,51.511498,-0.233673,St John XXIII Catholic Primary School,40.0,A+,Ofsted Outstanding,http://www.stjohnxxiii.lbhf.sch.uk?utm_source=snobe-co-uk&utm_medium=school-profile&utm_campaign=organic,2026-03-19,32.0,28.5,36.0,40.0,32.0,40.0,36.0,68.0,7.0,57,,,Hammersmith and Fulham,True
https://snobe.co.uk/schools/st-john-xxiii-catholic-primary-school,100355,St John XXIII Catholic Primary School,Hammersmith and Fulham,1 India Way,London,W12 7QT,Primary,Roman Catholic,30.0,93,24.0,37.5,190,51.511498,-0.233673,St John XXIII Catholic Primary School,40.0,A+,Ofsted Outstanding,http://www.stjohnxxiii.lbhf.sch.uk?utm_source=snobe-co-uk&utm_medium=school-profile&utm_campaign=organic,2026-03-19,32.0,28.5,36.0,40.0,32.0,40.0,36.0,68.0,7.0,49,,,Hammersmith and Fulham,True
https://snobe.co.uk/schools/st-john-xxiii-catholic-primary-school,100355,St John XXIII Catholic Primary School,Hammersmith and Fulham,1 India Way,London,W12 7QT,Primary,Roman Catholic,30.0,89,24.0,37.5,297,51.511498,-0.233673,St John XXIII Catholic Primary School,40.0,A+,Ofsted Outstanding,http://www.stjohnxxiii.lbhf.sch.uk?utm_source=snobe-co-uk&utm_medium=school-profile&utm_campaign=organic,2026-03-19,32.0,28.5,36.0,40.0,32.0,40.0,36.0,68.0,7.0,30,,,Hammersmith and Fulham,True
https://snobe.co.uk/schools/st-john-xxiii-catholic-primary-school,100355,St John XXIII Catholic Primary School,Hammersmith and Fulham,1 India Way,London,W12 7QT,Primary,Roman Catholic,30.0,93,24.0,37.5,310,51.511498,-0.233673,St John XXIII Catholic Primary School,40.0,A+,Ofsted Outstanding,http://www.stjohnxxiii.lbhf.sch.uk?utm_source=snobe-co-uk&utm_medium=school-profile&utm_campaign=organic,2026-03-19,32.0,28.5,36.0,40.0,32.0,40.0,36.0,68.0,7.0,30,,,Hammersmith and Fulham,True
https://snobe.co.uk/schools/st-thomas-canterbury-catholic-primary-school-4,100357,St Thomas of Canterbury Catholic Primary School,Hammersmith and Fulham,Estcourt Road,London,SW6 7HB,Primary,Catholic,26.0,39,4.0,10.25641,150,51.481789,-0.206579,St Thomas of Canterbury Catholic Primary School,26.0,A+,Ofsted Good,http://www.st-thomascanterbury.merton.sch.uk/?utm_source=snobe-co-uk&utm_medium=school-profile&utm_campaign=organic,2026-03-19,35.5,24.7,4.0,6.0,35.5,26.0,4.0,68.0,7.0,26,,,Hammersmith and Fulham,True
https://snobe.co.uk/schools/st-thomas-canterbury-catholic-primary-school-4,100357,St Thomas of Canterbury Catholic Primary School,Hammersmith and Fulham,Estcourt Road,London,SW6 7HB,Primary,Catholic,26.0,45,4.0,10.25641,281,51.481789,-0.206579,St Thomas of Canterbury Catholic Primary School,26.0,A+,Ofsted Good,http://www.st-thomascanterbury.merton.sch.uk/?utm_source=snobe-co-uk&utm_medium=school-profile&utm_campaign=organic,2026-03-19,35.5,24.7,4.0,6.0,35.5,26.0,4.0,68.0,7.0,16,,,Hammersmith and Fulham,True
https://snobe.co.uk/schools/st-thomas-canterbury-catholic-primary-school-4,100357,St Thomas of Canterbury Catholic Primary School,Hammersmith and Fulham,Estcourt Road,London,SW6 7HB,Primary,Catholic,26.0,49,4.0,10.25641,445,51.481789,-0.206579,St Thomas of Canterbury Catholic Primary School,26.0,A+,Ofsted Good,http://www.st-thomascanterbury.merton.sch.uk/?utm_source=snobe-co-uk&utm_medium=school-profile&utm_campaign=organic,2026-03-19,35.5,24.7,4.0,6.0,35.5,26.0,4.0,68.0,7.0,11,,,Hammersmith and Fulham,True
https://snobe.co.uk/schools/st-thomas-canterbury-catholic-primary-school-4,100357,St Thomas of Canterbury Catholic Primary School,Hammersmith and Fulham,Estcourt Road,London,SW6 7HB,Primary,Catholic,26.0,45,4.0,10.25641,409,51.481789,-0.206579,St Thomas of Canterbury Catholic Primary School,26.0,A+,Ofsted Good,http://www.st-thomascanterbury.merton.sch.uk/?utm_source=snobe-co-uk&utm_medium=school-profile&utm_campaign=organic,2026-03-19,35.5,24.7,4.0,6.0,35.5,26.0,4.0,68.0,7.0,11,,,Hammersmith and Fulham,True
https://snobe.co.uk/schools/st-thomas-canterbury-catholic-primary-school-4,100357,St Thomas of Canterbury Catholic Primary School,Hammersmith and Fulham,Estcourt Road,London,SW6 7HB,Primary,Catholic,26.0,61,4.0,10.25641,254,51.481789,-0.206579,St Thomas of Canterbury Catholic Primary School,26.0,A+,Ofsted Good,http://www.st-thomascanterbury.merton.sch.uk/?utm_source=snobe-co-uk&utm_medium=school-profile&utm_campaign=organic,2026-03-19,35.5,24.7,4.0,6.0,35.5,26.0,4.0,68.0,7.0,24,,,Hammersmith and Fulham,True
https://snobe.co.uk/schools/st-thomas-canterbury-catholic-primary-school-4,100357,St Thomas of Canterbury Catholic Primary School,Hammersmith and Fulham,Estcourt Road,London,SW6 7HB,Primary,Catholic,26.0,75,4.0,10.25641,242,51.481789,-0.206579,St Thomas of Canterbury Catholic Primary School,26.0,A+,Ofsted Good,http://www.st-thomascanterbury.merton.sch.uk/?utm_source=snobe-co-uk&utm_medium=school-profile&utm_campaign=organic,2026-03-19,35.5,24.7,4.0,6.0,35.5,26.0,4.0,68.0,7.0,31,,,Hammersmith and Fulham,True
https://snobe.co.uk/schools/st-thomas-canterbury-catholic-primary-school-4,100357,St Thomas of Canterbury Catholic Primary School,Hammersmith and Fulham,Estcourt Road,London,SW6 7HB,Primary,Catholic,26.0,70,4.0,10.25641,233,51.481789,-0.206579,St Thomas of Canterbury Catholic Primary School,26.0,A+,Ofsted Good,http://www.st-thomascanterbury.merton.sch.uk/?utm_source=snobe-co-uk&utm_medium=school-profile&utm_campaign=organic,2026-03-19,35.5,24.7,4.0,6.0,35.5,26.0,4.0,68.0,7.0,30,,,Hammersmith and Fulham,True
https://snobe.co.uk/schools/st-thomas-canterbury-catholic-primary-school-4,100357,St Thomas of Canterbury Catholic Primary School,Hammersmith and Fulham,Estcourt Road,London,SW6 7HB,Primary,Catholic,26.0,82,4.0,10.25641,273,51.481789,-0.206579,St Thomas of Canterbury Catholic Primary School,26.0,A+,Ofsted Good,http://www.st-thomascanterbury.merton.sch.uk/?utm_source=snobe-co-uk&utm_medium=school-profile&utm_campaign=organic,2026-03-19,35.5,24.7,4.0,6.0,35.5,26.0,4.0,68.0,7.0,30,,,Hammersmith and Fulham,True
https://snobe.co.uk/schools/st-thomas-canterbury-catholic-primary-school-4,100357,St Thomas of Canterbury Catholic Primary School,Hammersmith and Fulham,Estcourt Road,London,SW6 7HB,Primary,Catholic,26.0,101,4.0,10.25641,348,51.481789,-0.206579,St Thomas of Canterbury Catholic Primary School,26.0,A+,Ofsted Good,http://www.st-thomascanterbury.merton.sch.uk/?utm_source=snobe-co-uk&utm_medium=school-profile&utm_campaign=organic,2026-03-19,35.5,24.7,4.0,6.0,35.5,26.0,4.0,68.0,7.0,29,,,Hammersmith and Fulham,True
https://snobe.co.uk/schools/st-thomas-canterbury-catholic-primary-school-4,100357,St Thomas of Canterbury Catholic Primary School,Hammersmith and Fulham,Estcourt Road,London,SW6 7HB,Primary,Catholic,26.0,119,4.0,10.25641,198,51.481789,-0.206579,St Thomas of Canterbury Catholic Primary School,26.0,A+,Ofsted Good,http://www.st-thomascanterbury.merton.sch.uk/?utm_source=snobe-co-uk&utm_medium=school-profile&utm_campaign=organic,2026-03-19,35.5,24.7,4.0,6.0,35.5,26.0,4.0,68.0,7.0,60,,,Hammersmith and Fulham,True
https://snobe.co.uk/schools/st-thomas-canterbury-catholic-primary-school-4,100357,St Thomas of Canterbury Catholic Primary School,Hammersmith and Fulham,Estcourt Road,London,SW6 7HB,Primary,Catholic,26.0,99,4.0,10.25641,177,51.481789,-0.206579,St Thomas of Canterbury Catholic Primary School,26.0,A+,Ofsted Good,http://www.st-thomascanterbury.merton.sch.uk/?utm_source=snobe-co-uk&utm_medium=school-profile&utm_campaign=organic,2026-03-19,35.5,24.7,4.0,6.0,35.5,26.0,4.0,68.0,7.0,56,,,Hammersmith and Fulham,True
https://snobe.co.uk/schools/st-thomas-canterbury-catholic-primary-school-4,100357,St Thomas of Canterbury Catholic Primary School,Hammersmith and Fulham,Estcourt Road,London,SW6 7HB,Primary,Catholic,26.0,129,4.0,10.25641,239,51.481789,-0.206579,St Thomas of Canterbury Catholic Primary School,26.0,A+,Ofsted Good,http://www.st-thomascanterbury.merton.sch.uk/?utm_source=snobe-co-uk&utm_medium=school-profile&utm_campaign=organic,2026-03-19,35.5,24.7,4.0,6.0,35.5,26.0,4.0,68.0,7.0,54,,,Hammersmith and Fulham,True
https://snobe.co.uk/schools/london-oratory-school,100365,The London Oratory School,Hammersmith and Fulham,Seagrave Road,London,SW6 1RX,Middle deemed secondary,Roman Catholic,152.0,734,116.0,15.803815,73400,51.486225,-0.196193,The London Oratory School,210.0,A,Ofsted Outstanding,http://www.london-oratory.org?utm_source=snobe-co-uk&utm_medium=school-profile&utm_campaign=organic,2026-03-19,25.0,144.4,0.0,,,,,68.0,7.0,0,,,,True
https://snobe.co.uk/schools/our-lady-muswell-catholic-primary-school,102142,Our Lady of Muswell Catholic Primary School,Haringey,Pages Lane,London,N10 1PS,Primary,Roman Catholic,60.0,195,44.0,22.564103,325,51.594426,-0.149591,Our Lady of Muswell Catholic Primary School,60.0,A+,Ofsted Outstanding,http://www.ourladymuswell.haringey.sch.uk?utm_source=snobe-co-uk&utm_medium=school-profile&utm_campaign=organic,2026-03-19,17.3,57.0,44.0,60.0,17.3,60.0,44.0,60.0,9.0,60,,,Haringey,True
https://snobe.co.uk/schools/our-lady-muswell-catholic-primary-school,102142,Our Lady of Muswell Catholic Primary School,Haringey,Pages Lane,London,N10 1PS,Primary,Roman Catholic,60.0,151,44.0,22.564103,308,51.594426,-0.149591,Our Lady of Muswell Catholic Primary School,60.0,A+,Ofsted Outstanding,http://www.ourladymuswell.haringey.sch.uk?utm_source=snobe-co-uk&utm_medium=school-profile&utm_campaign=organic,2026-03-19,17.3,57.0,44.0,60.0,17.3,60.0,44.0,60.0,9.0,49,,,Haringey,True
https://snobe.co.uk/schools/our-lady-muswell-catholic-primary-school,102142,Our Lady of Muswell Catholic Primary School,Haringey,Pages Lane,London,N10 1PS,Primary,Roman Catholic,60.0,169,44.0,22.564103,313,51.594426,-0.149591,Our Lady of Muswell Catholic Primary School,60.0,A+,Ofsted Outstanding,http://www.ourladymuswell.haringey.sch.uk?utm_source=snobe-co-uk&utm_medium=school-profile&utm_campaign=organic,2026-03-19,17.3,57.0,44.0,60.0,17.3,60.0,44.0,60.0,9.0,54,,,Haringey,True
https://snobe.co.uk/schools/our-lady-muswell-catholic-primary-school,102142,Our Lady of Muswell Catholic Primary School,Haringey,Pages Lane,London,N10 1PS,Primary,Roman Catholic,60.0,170,44.0,22.564103,304,51.594426,-0.149591,Our Lady of Muswell Catholic Primary School,60.0,A+,Ofsted Outstanding,http://www.ourladymuswell.haringey.sch.uk?utm_source=snobe-co-uk&utm_medium=school-profile&utm_campaign=organic,2026-03-19,17.3,57.0,44.0,60.0,17.3,60.0,44.0,60.0,9.0,56,,,Haringey,True
https://snobe.co.uk/schools/our-lady-muswell-catholic-primary-school,102142,Our Lady of Muswell Catholic Primary School,Haringey,Pages Lane,London,N10 1PS,Primary,Roman Catholic,60.0,142,44.0,22.564103,284,51.594426,-0.149591,Our Lady of Muswell Catholic Primary School,60.0,A+,Ofsted Outstanding,http://www.ourladymuswell.haringey.sch.uk?utm_source=snobe-co-uk&utm_medium=school-profile&utm_campaign=organic,2026-03-19,17.3,57.0,44.0,60.0,17.3,60.0,44.0,60.0,9.0,50,,,Haringey,True
https://snobe.co.uk/schools/our-lady-muswell-catholic-primary-school,102142,Our Lady of Muswell Catholic Primary School,Haringey,Pages Lane,London,N10 1PS,Primary,Roman Catholic,60.0,198,44.0,22.564103,336,51.594426,-0.149591,Our Lady of Muswell Catholic Primary School,60.0,A+,Ofsted Outstanding,http://www.ourladymuswell.haringey.sch.uk?utm_source=snobe-co-uk&utm_medium=school-profile&utm_campaign=organic,2026-03-19,17.3,57.0,44.0,60.0,17.3,60.0,44.0,60.0,9.0,59,,,Haringey,True
https://snobe.co.uk/schools/our-lady-muswell-catholic-primary-school,102142,Our Lady of Muswell Catholic Primary School,Haringey,Pages Lane,London,N10 1PS,Primary,Roman Catholic,60.0,235,44.0,22.564103,392,51.594426,-0.149591,Our Lady of Muswell Catholic Primary School,60.0,A+,Ofsted Outstanding,http://www.ourladymuswell.haringey.sch.uk?utm_source=snobe-co-uk&utm_medium=school-profile&utm_campaign=organic,2026-03-19,17.3,57.0,44.0,60.0,17.3,60.0,44.0,60.0,9.0,60,,,Haringey,True
https://snobe.co.uk/schools/our-lady-muswell-catholic-primary-school,102142,Our Lady of Muswell Catholic Primary School,Haringey,Pages Lane,London,N10 1PS,Primary,Roman Catholic,60.0,155,44.0,22.564103,316,51.594426,-0.149591,Our Lady of Muswell Catholic Primary School,60.0,A+,Ofsted Outstanding,http://www.ourladymuswell.haringey.sch.uk?utm_source=snobe-co-uk&utm_medium=school-profile&utm_campaign=organic,2026-03-19,17.3,57.0,44.0,60.0,17.3,60.0,44.0,60.0,9.0,49,,,Haringey,True
https://snobe.co.uk/schools/our-lady-muswell-catholic-primary-school,102142,Our Lady of Muswell Catholic Primary School,Haringey,Pages Lane,London,N10 1PS,Primary,Roman Catholic,60.0,167,44.0,22.564103,388,51.594426,-0.149591,Our Lady of Muswell Catholic Primary School,60.0,A+,Ofsted Outstanding,http://www.ourladymuswell.haringey.sch.uk?utm_source=snobe-co-uk&utm_medium=school-profile&utm_campaign=organic,2026-03-19,17.3,57.0,44.0,60.0,17.3,60.0,44.0,60.0,9.0,43,,,Haringey,True
https://snobe.co.uk/schools/our-lady-muswell-catholic-primary-school,102142,Our Lady of Muswell Catholic Primary School,Haringey,Pages Lane,London,N10 1PS,Primary,Roman Catholic,60.0,156,44.0,22.564103,264,51.594426,-0.149591,Our Lady of Muswell Catholic Primary School,60.0,A+,Ofsted Outstanding,http://www.ourladymuswell.haringey.sch.uk?utm_source=snobe-co-uk&utm_medium=school-profile&utm_campaign=organic,2026-03-19,17.3,57.0,44.0,60.0,17.3,60.0,44.0,60.0,9.0,59,,,Haringey,True
https://snobe.co.uk/schools/our-lady-muswell-catholic-primary-school,102142,Our Lady of Muswell Catholic Primary School,Haringey,Pages Lane,London,N10 1PS,Primary,Roman Catholic,60.0,154,44.0,22.564103,266,51.594426,-0.149591,Our Lady of Muswell Catholic Primary School,60.0,A+,Ofsted Outstanding,http://www.ourladymuswell.haringey.sch.uk?utm_source=snobe-co-uk&utm_medium=school-profile&utm_campaign=organic,2026-03-19,17.3,57.0,44.0,60.0,17.3,60.0,44.0,60.0,9.0,58,,,Haringey,True
https://snobe.co.uk/schools/our-lady-muswell-catholic-primary-school,102142,Our Lady of Muswell Catholic Primary School,Haringey,Pages Lane,London,N10 1PS,Primary,Roman Catholic,60.0,164,44.0,22.564103,278,51.594426,-0.149591,Our Lady of Muswell Catholic Primary School,60.0,A+,Ofsted Outstanding,http://www.ourladymuswell.haringey.sch.uk?utm_source=snobe-co-uk&utm_medium=school-profile&utm_campaign=organic,2026-03-19,17.3,57.0,44.0,60.0,17.3,60.0,44.0,60.0,9.0,59,,,Haringey,True
https://snobe.co.uk/schools/st-francis-de-sales-rc-infant-school,102149,St Francis de Sales RC Infant School,Haringey,Church Road,London,N17 8AZ,Primary,Roman Catholic,53.0,95,52.0,54.736842,179,51.602964,-0.068969,St Francis de Sales RC Infant School,53.0,C+,Ofsted Good,http://www.sfds.haringey.sch.uk/?utm_source=snobe-co-uk&utm_medium=school-profile&utm_campaign=organic,2026-03-19,29.0,50.35,52.0,52.0,29.0,53.0,52.0,60.0,9.0,53,,,Haringey,True
https://snobe.co.uk/schools/st-francis-de-sales-rc-infant-school,102149,St Francis de Sales RC Infant School,Haringey,Church Road,London,N17 8AZ,Primary,Roman Catholic,53.0,100,52.0,54.736842,182,51.602964,-0.068969,St Francis de Sales RC Infant School,53.0,C+,Ofsted Good,http://www.sfds.haringey.sch.uk/?utm_source=snobe-co-uk&utm_medium=school-profile&utm_campaign=organic,2026-03-19,29.0,50.35,52.0,52.0,29.0,53.0,52.0,60.0,9.0,55,,,Haringey,True
https://snobe.co.uk/schools/st-francis-de-sales-rc-infant-school,102149,St Francis de Sales RC Infant School,Haringey,Church Road,London,N17 8AZ,Primary,Roman Catholic,53.0,94,52.0,54.736842,224,51.602964,-0.068969,St Francis de Sales RC Infant School,53.0,C+,Ofsted Good,http://www.sfds.haringey.sch.uk/?utm_source=snobe-co-uk&utm_medium=school-profile&utm_campaign=organic,2026-03-19,29.0,50.35,52.0,52.0,29.0,53.0,52.0,60.0,9.0,42,,,Haringey,True
https://snobe.co.uk/schools/st-francis-de-sales-rc-infant-school,102149,St Francis de Sales RC Infant School,Haringey,Church Road,London,N17 8AZ,Primary,Roman Catholic,53.0,102,52.0,54.736842,200,51.602964,-0.068969,St Francis de Sales RC Infant School,53.0,C+,Ofsted Good,http://www.sfds.haringey.sch.uk/?utm_source=snobe-co-uk&utm_medium=school-profile&utm_campaign=organic,2026-03-19,29.0,50.35,52.0,52.0,29.0,53.0,52.0,60.0,9.0,51,,,Haringey,True
https://snobe.co.uk/schools/st-francis-de-sales-rc-infant-school,102149,St Francis de Sales RC Infant School,Haringey,Church Road,London,N17 8AZ,Primary,Roman Catholic,53.0,104,52.0,54.736842,173,51.602964,-0.068969,St Francis de Sales RC Infant School,53.0,C+,Ofsted Good,http://www.sfds.haringey.sch.uk/?utm_source=snobe-co-uk&utm_medium=school-profile&utm_campaign=organic,2026-03-19,29.0,50.35,52.0,52.0,29.0,53.0,52.0,60.0,9.0,60,,,Haringey,True
https://snobe.co.uk/schools/st-francis-de-sales-rc-infant-school,102149,St Francis de Sales RC Infant School,Haringey,Church Road,London,N17 8AZ,Primary,Roman Catholic,53.0,143,52.0,54.736842,199,51.602964,-0.068969,St Francis de Sales RC Infant School,53.0,C+,Ofsted Good,http://www.sfds.haringey.sch.uk/?utm_source=snobe-co-uk&utm_medium=school-profile&utm_campaign=organic,2026-03-19,29.0,50.35,52.0,52.0,29.0,53.0,52.0,60.0,9.0,72,,,Haringey,True
https://snobe.co.uk/schools/st-francis-de-sales-rc-infant-school,102149,St Francis de Sales RC Infant School,Haringey,Church Road,London,N17 8AZ,Primary,Roman Catholic,53.0,167,52.0,54.736842,186,51.602964,-0.068969,St Francis de Sales RC Infant School,53.0,C+,Ofsted Good,http://www.sfds.haringey.sch.uk/?utm_source=snobe-co-uk&utm_medium=school-profile&utm_campaign=organic,2026-03-19,29.0,50.35,52.0,52.0,29.0,53.0,52.0,60.0,9.0,90,,,Haringey,True
https://snobe.co.uk/schools/st-francis-de-sales-rc-infant-school,102149,St Francis de Sales RC Infant School,Haringey,Church Road,London,N17 8AZ,Primary,Roman Catholic,53.0,174,52.0,54.736842,193,51.602964,-0.068969,St Francis de Sales RC Infant School,53.0,C+,Ofsted Good,http://www.sfds.haringey.sch.uk/?utm_source=snobe-co-uk&utm_medium=school-profile&utm_campaign=organic,2026-03-19,29.0,50.35,52.0,52.0,29.0,53.0,52.0,60.0,9.0,90,,,Haringey,True
https://snobe.co.uk/schools/st-francis-de-sales-rc-infant-school,102149,St Francis de Sales RC Infant School,Haringey,Church Road,London,N17 8AZ,Primary,Roman Catholic,53.0,187,52.0,54.736842,223,51.602964,-0.068969,St Francis de Sales RC Infant School,53.0,C+,Ofsted Good,http://www.sfds.haringey.sch.uk/?utm_source=snobe-co-uk&utm_medium=school-profile&utm_campaign=organic,2026-03-19,29.0,50.35,52.0,52.0,29.0,53.0,52.0,60.0,9.0,84,,,Haringey,True
https://snobe.co.uk/schools/st-francis-de-sales-rc-infant-school,102149,St Francis de Sales RC Infant School,Haringey,Church Road,London,N17 8AZ,Primary,Roman Catholic,53.0,182,52.0,54.736842,202,51.602964,-0.068969,St Francis de Sales RC Infant School,53.0,C+,Ofsted Good,http://www.sfds.haringey.sch.uk/?utm_source=snobe-co-uk&utm_medium=school-profile&utm_campaign=organic,2026-03-19,29.0,50.35,52.0,52.0,29.0,53.0,52.0,60.0,9.0,90,,,Haringey,True
https://snobe.co.uk/schools/st-francis-de-sales-rc-infant-school,102149,St Francis de Sales RC Infant School,Haringey,Church Road,London,N17 8AZ,Primary,Roman Catholic,53.0,191,52.0,54.736842,225,51.602964,-0.068969,St Francis de Sales RC Infant School,53.0,C+,Ofsted Good,http://www.sfds.haringey.sch.uk/?utm_source=snobe-co-uk&utm_medium=school-profile&utm_campaign=organic,2026-03-19,29.0,50.35,52.0,52.0,29.0,53.0,52.0,60.0,9.0,85,,,Haringey,True
https://snobe.co.uk/schools/st-francis-de-sales-rc-infant-school,102149,St Francis de Sales RC Infant School,Haringey,Church Road,London,N17 8AZ,Primary,Roman Catholic,53.0,207,52.0,54.736842,230,51.602964,-0.068969,St Francis de Sales RC Infant School,53.0,C+,Ofsted Good,http://www.sfds.haringey.sch.uk/?utm_source=snobe-co-uk&utm_medium=school-profile&utm_campaign=organic,2026-03-19,29.0,50.35,52.0,52.0,29.0,53.0,52.0,60.0,9.0,90,,,Haringey,True
https://snobe.co.uk/schools/st-francis-de-sales-rc-junior-school,102143,St Francis de Sales RC Junior School,Haringey,Church Road,London,N17 8AZ,Primary,Roman Catholic,53.0,95,52.0,54.736842,9500,51.602964,-0.068969,St Francis de Sales RC Junior School,210.0,A+,Ofsted Good,http://www.sfds.haringey.sch.uk?utm_source=snobe-co-uk&utm_medium=school-profile&utm_campaign=organic,2026-03-19,25.0,50.35,0.0,,,,,60.0,9.0,0,,,,True
https://snobe.co.uk/schools/st-gildas-catholic-junior-school,102151,St Gildas' Catholic Junior School,Haringey,Oakington Way,London,N8 9EP,Primary,Roman Catholic,0.0,0,0.0,84.92333901,0,51.575744,-0.120952,St Gildas' Catholic Junior School,210.0,C+,Ofsted Good,http://www.stpetersandstgildas.co.uk?utm_source=snobe-co-uk&utm_medium=school-profile&utm_campaign=organic,2026-03-19,25.0,0.0,0.0,,,,,60.0,9.0,0,,,,False
https://snobe.co.uk/schools/st-ignatius-rc-primary-school,102144,St Ignatius RC Primary School,Haringey,St Ann's Road,London,N15 6ND,Primary,Roman Catholic,15.0,32,11.0,34.375,213,51.576387,-0.07304,St Ignatius RC Primary School,15.0,A+,Ofsted Good,http://www.stignatiuscatholicprimary.co.uk/?utm_source=snobe-co-uk&utm_medium=school-profile&utm_campaign=organic,2026-03-19,24.2,14.25,11.0,14.0,24.2,15.0,11.0,60.0,9.0,15,,,Haringey,True
https://snobe.co.uk/schools/st-ignatius-rc-primary-school,102144,St Ignatius RC Primary School,Haringey,St Ann's Road,London,N15 6ND,Primary,Roman Catholic,15.0,47,11.0,34.375,214,51.576387,-0.07304,St Ignatius RC Primary School,15.0,A+,Ofsted Good,http://www.stignatiuscatholicprimary.co.uk/?utm_source=snobe-co-uk&utm_medium=school-profile&utm_campaign=organic,2026-03-19,24.2,14.25,11.0,14.0,24.2,15.0,11.0,60.0,9.0,22,,,Haringey,True
https://snobe.co.uk/schools/st-ignatius-rc-primary-school,102144,St Ignatius RC Primary School,Haringey,St Ann's Road,London,N15 6ND,Primary,Roman Catholic,15.0,53,11.0,34.375,212,51.576387,-0.07304,St Ignatius RC Primary School,15.0,A+,Ofsted Good,http://www.stignatiuscatholicprimary.co.uk/?utm_source=snobe-co-uk&utm_medium=school-profile&utm_campaign=organic,2026-03-19,24.2,14.25,11.0,14.0,24.2,15.0,11.0,60.0,9.0,25,,,Haringey,True
https://snobe.co.uk/schools/st-ignatius-rc-primary-school,102144,St Ignatius RC Primary School,Haringey,St Ann's Road,London,N15 6ND,Primary,Roman Catholic,15.0,63,11.0,34.375,185,51.576387,-0.07304,St Ignatius RC Primary School,15.0,A+,Ofsted Good,http://www.stignatiuscatholicprimary.co.uk/?utm_source=snobe-co-uk&utm_medium=school-profile&utm_campaign=organic,2026-03-19,24.2,14.25,11.0,14.0,24.2,15.0,11.0,60.0,9.0,34,,,Haringey,True
https://snobe.co.uk/schools/st-ignatius-rc-primary-school,102144,St Ignatius RC Primary School,Haringey,St Ann's Road,London,N15 6ND,Primary,Roman Catholic,15.0,48,11.0,34.375,185,51.576387,-0.07304,St Ignatius RC Primary School,15.0,A+,Ofsted Good,http://www.stignatiuscatholicprimary.co.uk/?utm_source=snobe-co-uk&utm_medium=school-profile&utm_campaign=organic,2026-03-19,24.2,14.25,11.0,14.0,24.2,15.0,11.0,60.0,9.0,26,,,Haringey,True
https://snobe.co.uk/schools/st-ignatius-rc-primary-school,102144,St Ignatius RC Primary School,Haringey,St Ann's Road,London,N15 6ND,Primary,Roman Catholic,15.0,98,11.0,34.375,188,51.576387,-0.07304,St Ignatius RC Primary School,15.0,A+,Ofsted Good,http://www.stignatiuscatholicprimary.co.uk/?utm_source=snobe-co-uk&utm_medium=school-profile&utm_campaign=organic,2026-03-19,24.2,14.25,11.0,14.0,24.2,15.0,11.0,60.0,9.0,52,,,Haringey,True
https://snobe.co.uk/schools/st-ignatius-rc-primary-school,102144,St Ignatius RC Primary School,Haringey,St Ann's Road,London,N15 6ND,Primary,Roman Catholic,15.0,84,11.0,34.375,300,51.576387,-0.07304,St Ignatius RC Primary School,15.0,A+,Ofsted Good,http://www.stignatiuscatholicprimary.co.uk/?utm_source=snobe-co-uk&utm_medium=school-profile&utm_campaign=organic,2026-03-19,24.2,14.25,11.0,14.0,24.2,15.0,11.0,60.0,9.0,28,,,Haringey,True
https://snobe.co.uk/schools/st-ignatius-rc-primary-school,102144,St Ignatius RC Primary School,Haringey,St Ann's Road,London,N15 6ND,Primary,Roman Catholic,15.0,112,11.0,34.375,249,51.576387,-0.07304,St Ignatius RC Primary School,15.0,A+,Ofsted Good,http://www.stignatiuscatholicprimary.co.uk/?utm_source=snobe-co-uk&utm_medium=school-profile&utm_campaign=organic,2026-03-19,24.2,14.25,11.0,14.0,24.2,15.0,11.0,60.0,9.0,45,,,Haringey,True
https://snobe.co.uk/schools/st-ignatius-rc-primary-school,102144,St Ignatius RC Primary School,Haringey,St Ann's Road,London,N15 6ND,Primary,Roman Catholic,15.0,130,11.0,34.375,295,51.576387,-0.07304,St Ignatius RC Primary School,15.0,A+,Ofsted Good,http://www.stignatiuscatholicprimary.co.uk/?utm_source=snobe-co-uk&utm_medium=school-profile&utm_campaign=organic,2026-03-19,24.2,14.25,11.0,14.0,24.2,15.0,11.0,60.0,9.0,44,,,Haringey,True
https://snobe.co.uk/schools/st-ignatius-rc-primary-school,102144,St Ignatius RC Primary School,Haringey,St Ann's Road,London,N15 6ND,Primary,Roman Catholic,15.0,134,11.0,34.375,291,51.576387,-0.07304,St Ignatius RC Primary School,15.0,A+,Ofsted Good,http://www.stignatiuscatholicprimary.co.uk/?utm_source=snobe-co-uk&utm_medium=school-profile&utm_campaign=organic,2026-03-19,24.2,14.25,11.0,14.0,24.2,15.0,11.0,60.0,9.0,46,,,Haringey,True
https://snobe.co.uk/schools/st-ignatius-rc-primary-school,102144,St Ignatius RC Primary School,Haringey,St Ann's Road,London,N15 6ND,Primary,Roman Catholic,15.0,121,11.0,34.375,295,51.576387,-0.07304,St Ignatius RC Primary School,15.0,A+,Ofsted Good,http://www.stignatiuscatholicprimary.co.uk/?utm_source=snobe-co-uk&utm_medium=school-profile&utm_campaign=organic,2026-03-19,24.2,14.25,11.0,14.0,24.2,15.0,11.0,60.0,9.0,41,,,Haringey,True
https://snobe.co.uk/schools/st-ignatius-rc-primary-school,102144,St Ignatius RC Primary School,Haringey,St Ann's Road,London,N15 6ND,Primary,Roman Catholic,15.0,122,11.0,34.375,214,51.576387,-0.07304,St Ignatius RC Primary School,15.0,A+,Ofsted Good,http://www.stignatiuscatholicprimary.co.uk/?utm_source=snobe-co-uk&utm_medium=school-profile&utm_campaign=organic,2026-03-19,24.2,14.25,11.0,14.0,24.2,15.0,11.0,60.0,9.0,57,,,Haringey,True
https://snobe.co.uk/schools/st-john-vianney-rc-primary-school,102152,St John Vianney RC Primary School,Haringey,Stanley Road,London,N15 3HD,Primary,Roman Catholic,30.0,82,30.0,36.585366,273,51.585672,-0.096999,St John Vianney RC Primary School,30.0,A+,Ofsted Outstanding,http://www.st-johnvianney.haringey.sch.uk?utm_source=snobe-co-uk&utm_medium=school-profile&utm_campaign=organic,2026-03-19,24.6,28.5,30.0,30.0,24.6,30.0,30.0,60.0,9.0,30,,,Haringey,True
https://snobe.co.uk/schools/st-john-vianney-rc-primary-school,102152,St John Vianney RC Primary School,Haringey,Stanley Road,London,N15 3HD,Primary,Roman Catholic,30.0,53,30.0,36.585366,183,51.585672,-0.096999,St John Vianney RC Primary School,30.0,A+,Ofsted Outstanding,http://www.st-johnvianney.haringey.sch.uk?utm_source=snobe-co-uk&utm_medium=school-profile&utm_campaign=organic,2026-03-19,24.6,28.5,30.0,30.0,24.6,30.0,30.0,60.0,9.0,29,,,Haringey,True
https://snobe.co.uk/schools/st-john-vianney-rc-primary-school,102152,St John Vianney RC Primary School,Haringey,Stanley Road,London,N15 3HD,Primary,Roman Catholic,30.0,79,30.0,36.585366,263,51.585672,-0.096999,St John Vianney RC Primary School,30.0,A+,Ofsted Outstanding,http://www.st-johnvianney.haringey.sch.uk?utm_source=snobe-co-uk&utm_medium=school-profile&utm_campaign=organic,2026-03-19,24.6,28.5,30.0,30.0,24.6,30.0,30.0,60.0,9.0,30,,,Haringey,True
https://snobe.co.uk/schools/st-john-vianney-rc-primary-school,102152,St John Vianney RC Primary School,Haringey,Stanley Road,London,N15 3HD,Primary,Roman Catholic,30.0,57,30.0,36.585366,228,51.585672,-0.096999,St John Vianney RC Primary School,30.0,A+,Ofsted Outstanding,http://www.st-johnvianney.haringey.sch.uk?utm_source=snobe-co-uk&utm_medium=school-profile&utm_campaign=organic,2026-03-19,24.6,28.5,30.0,30.0,24.6,30.0,30.0,60.0,9.0,25,,,Haringey,True
https://snobe.co.uk/schools/st-john-vianney-rc-primary-school,102152,St John Vianney RC Primary School,Haringey,Stanley Road,London,N15 3HD,Primary,Roman Catholic,30.0,62,30.0,36.585366,221,51.585672,-0.096999,St John Vianney RC Primary School,30.0,A+,Ofsted Outstanding,http://www.st-johnvianney.haringey.sch.uk?utm_source=snobe-co-uk&utm_medium=school-profile&utm_campaign=organic,2026-03-19,24.6,28.5,30.0,30.0,24.6,30.0,30.0,60.0,9.0,28,,,Haringey,True
https://snobe.co.uk/schools/st-john-vianney-rc-primary-school,102152,St John Vianney RC Primary School,Haringey,Stanley Road,London,N15 3HD,Primary,Roman Catholic,30.0,79,30.0,36.585366,263,51.585672,-0.096999,St John Vianney RC Primary School,30.0,A+,Ofsted Outstanding,http://www.st-johnvianney.haringey.sch.uk?utm_source=snobe-co-uk&utm_medium=school-profile&utm_campaign=organic,2026-03-19,24.6,28.5,30.0,30.0,24.6,30.0,30.0,60.0,9.0,30,,,Haringey,True
https://snobe.co.uk/schools/st-john-vianney-rc-primary-school,102152,St John Vianney RC Primary School,Haringey,Stanley Road,London,N15 3HD,Primary,Roman Catholic,30.0,78,30.0,36.585366,260,51.585672,-0.096999,St John Vianney RC Primary School,30.0,A+,Ofsted Outstanding,http://www.st-johnvianney.haringey.sch.uk?utm_source=snobe-co-uk&utm_medium=school-profile&utm_campaign=organic,2026-03-19,24.6,28.5,30.0,30.0,24.6,30.0,30.0,60.0,9.0,30,,,Haringey,True
https://snobe.co.uk/schools/st-john-vianney-rc-primary-school,102152,St John Vianney RC Primary School,Haringey,Stanley Road,London,N15 3HD,Primary,Roman Catholic,30.0,71,30.0,36.585366,237,51.585672,-0.096999,St John Vianney RC Primary School,30.0,A+,Ofsted Outstanding,http://www.st-johnvianney.haringey.sch.uk?utm_source=snobe-co-uk&utm_medium=school-profile&utm_campaign=organic,2026-03-19,24.6,28.5,30.0,30.0,24.6,30.0,30.0,60.0,9.0,30,,,Haringey,True
https://snobe.co.uk/schools/st-john-vianney-rc-primary-school,102152,St John Vianney RC Primary School,Haringey,Stanley Road,London,N15 3HD,Primary,Roman Catholic,30.0,79,30.0,36.585366,263,51.585672,-0.096999,St John Vianney RC Primary School,30.0,A+,Ofsted Outstanding,http://www.st-johnvianney.haringey.sch.uk?utm_source=snobe-co-uk&utm_medium=school-profile&utm_campaign=organic,2026-03-19,24.6,28.5,30.0,30.0,24.6,30.0,30.0,60.0,9.0,30,,,Haringey,True
https://snobe.co.uk/schools/st-john-vianney-rc-primary-school,102152,St John Vianney RC Primary School,Haringey,Stanley Road,London,N15 3HD,Primary,Roman Catholic,30.0,110,30.0,36.585366,367,51.585672,-0.096999,St John Vianney RC Primary School,30.0,A+,Ofsted Outstanding,http://www.st-johnvianney.haringey.sch.uk?utm_source=snobe-co-uk&utm_medium=school-profile&utm_campaign=organic,2026-03-19,24.6,28.5,30.0,30.0,24.6,30.0,30.0,60.0,9.0,30,,,Haringey,True
https://snobe.co.uk/schools/st-john-vianney-rc-primary-school,102152,St John Vianney RC Primary School,Haringey,Stanley Road,London,N15 3HD,Primary,Roman Catholic,30.0,114,30.0,36.585366,380,51.585672,-0.096999,St John Vianney RC Primary School,30.0,A+,Ofsted Outstanding,http://www.st-johnvianney.haringey.sch.uk?utm_source=snobe-co-uk&utm_medium=school-profile&utm_campaign=organic,2026-03-19,24.6,28.5,30.0,30.0,24.6,30.0,30.0,60.0,9.0,30,,,Haringey,True
https://snobe.co.uk/schools/st-john-vianney-rc-primary-school,102152,St John Vianney RC Primary School,Haringey,Stanley Road,London,N15 3HD,Primary,Roman Catholic,30.0,129,30.0,36.585366,430,51.585672,-0.096999,St John Vianney RC Primary School,30.0,A+,Ofsted Outstanding,http://www.st-johnvianney.haringey.sch.uk?utm_source=snobe-co-uk&utm_medium=school-profile&utm_campaign=organic,2026-03-19,24.6,28.5,30.0,30.0,24.6,30.0,30.0,60.0,9.0,30,,,Haringey,True
https://snobe.co.uk/schools/st-marys-priory-rc-infant-school,102147,St Mary's Priory RC Infant School,Haringey,Hermitage Road,London,N15 5RE,Primary,Roman Catholic,29.0,51,25.0,49.019608,176,51.580487,-0.085654,St Mary's Priory RC Infant School,29.0,C+,Ofsted Good,https://www.stmaryspriory.co.uk/?utm_source=snobe-co-uk&utm_medium=school-profile&utm_campaign=organic,2026-03-19,25.7,27.55,25.0,27.0,25.7,29.0,25.0,60.0,9.0,29,,,Haringey,True
https://snobe.co.uk/schools/st-marys-priory-rc-infant-school,102147,St Mary's Priory RC Infant School,Haringey,Hermitage Road,London,N15 5RE,Primary,Roman Catholic,29.0,55,25.0,49.019608,196,51.580487,-0.085654,St Mary's Priory RC Infant School,29.0,C+,Ofsted Good,https://www.stmaryspriory.co.uk/?utm_source=snobe-co-uk&utm_medium=school-profile&utm_campaign=organic,2026-03-19,25.7,27.55,25.0,27.0,25.7,29.0,25.0,60.0,9.0,28,,,Haringey,True
https://snobe.co.uk/schools/st-marys-priory-rc-infant-school,102147,St Mary's Priory RC Infant School,Haringey,Hermitage Road,London,N15 5RE,Primary,Roman Catholic,29.0,59,25.0,49.019608,164,51.580487,-0.085654,St Mary's Priory RC Infant School,29.0,C+,Ofsted Good,https://www.stmaryspriory.co.uk/?utm_source=snobe-co-uk&utm_medium=school-profile&utm_campaign=organic,2026-03-19,25.7,27.55,25.0,27.0,25.7,29.0,25.0,60.0,9.0,36,,,Haringey,True
https://snobe.co.uk/schools/st-marys-priory-rc-infant-school,102147,St Mary's Priory RC Infant School,Haringey,Hermitage Road,London,N15 5RE,Primary,Roman Catholic,29.0,70,25.0,49.019608,226,51.580487,-0.085654,St Mary's Priory RC Infant School,29.0,C+,Ofsted Good,https://www.stmaryspriory.co.uk/?utm_source=snobe-co-uk&utm_medium=school-profile&utm_campaign=organic,2026-03-19,25.7,27.55,25.0,27.0,25.7,29.0,25.0,60.0,9.0,31,,,Haringey,True
https://snobe.co.uk/schools/st-marys-priory-rc-infant-school,102147,St Mary's Priory RC Infant School,Haringey,Hermitage Road,London,N15 5RE,Primary,Roman Catholic,29.0,91,25.0,49.019608,212,51.580487,-0.085654,St Mary's Priory RC Infant School,29.0,C+,Ofsted Good,https://www.stmaryspriory.co.uk/?utm_source=snobe-co-uk&utm_medium=school-profile&utm_campaign=organic,2026-03-19,25.7,27.55,25.0,27.0,25.7,29.0,25.0,60.0,9.0,43,,,Haringey,True
https://snobe.co.uk/schools/st-marys-priory-rc-infant-school,102147,St Mary's Priory RC Infant School,Haringey,Hermitage Road,London,N15 5RE,Primary,Roman Catholic,29.0,118,25.0,49.019608,197,51.580487,-0.085654,St Mary's Priory RC Infant School,29.0,C+,Ofsted Good,https://www.stmaryspriory.co.uk/?utm_source=snobe-co-uk&utm_medium=school-profile&utm_campaign=organic,2026-03-19,25.7,27.55,25.0,27.0,25.7,29.0,25.0,60.0,9.0,60,,,Haringey,True
https://snobe.co.uk/schools/st-marys-priory-rc-infant-school,102147,St Mary's Priory RC Infant School,Haringey,Hermitage Road,London,N15 5RE,Primary,Roman Catholic,29.0,94,25.0,49.019608,188,51.580487,-0.085654,St Mary's Priory RC Infant School,29.0,C+,Ofsted Good,https://www.stmaryspriory.co.uk/?utm_source=snobe-co-uk&utm_medium=school-profile&utm_campaign=organic,2026-03-19,25.7,27.55,25.0,27.0,25.7,29.0,25.0,60.0,9.0,50,,,Haringey,True
https://snobe.co.uk/schools/st-marys-priory-rc-infant-school,102147,St Mary's Priory RC Infant School,Haringey,Hermitage Road,London,N15 5RE,Primary,Roman Catholic,29.0,116,25.0,49.019608,258,51.580487,-0.085654,St Mary's Priory RC Infant School,29.0,C+,Ofsted Good,https://www.stmaryspriory.co.uk/?utm_source=snobe-co-uk&utm_medium=school-profile&utm_campaign=organic,2026-03-19,25.7,27.55,25.0,27.0,25.7,29.0,25.0,60.0,9.0,45,,,Haringey,True
https://snobe.co.uk/schools/st-marys-priory-rc-infant-school,102147,St Mary's Priory RC Infant School,Haringey,Hermitage Road,London,N15 5RE,Primary,Roman Catholic,29.0,145,25.0,49.019608,242,51.580487,-0.085654,St Mary's Priory RC Infant School,29.0,C+,Ofsted Good,https://www.stmaryspriory.co.uk/?utm_source=snobe-co-uk&utm_medium=school-profile&utm_campaign=organic,2026-03-19,25.7,27.55,25.0,27.0,25.7,29.0,25.0,60.0,9.0,60,,,Haringey,True
https://snobe.co.uk/schools/st-marys-priory-rc-infant-school,102147,St Mary's Priory RC Infant School,Haringey,Hermitage Road,London,N15 5RE,Primary,Roman Catholic,29.0,126,25.0,49.019608,242,51.580487,-0.085654,St Mary's Priory RC Infant School,29.0,C+,Ofsted Good,https://www.stmaryspriory.co.uk/?utm_source=snobe-co-uk&utm_medium=school-profile&utm_campaign=organic,2026-03-19,25.7,27.55,25.0,27.0,25.7,29.0,25.0,60.0,9.0,52,,,Haringey,True
https://snobe.co.uk/schools/st-marys-priory-rc-infant-school,102147,St Mary's Priory RC Infant School,Haringey,Hermitage Road,London,N15 5RE,Primary,Roman Catholic,29.0,155,25.0,49.019608,258,51.580487,-0.085654,St Mary's Priory RC Infant School,29.0,C+,Ofsted Good,https://www.stmaryspriory.co.uk/?utm_source=snobe-co-uk&utm_medium=school-profile&utm_campaign=organic,2026-03-19,25.7,27.55,25.0,27.0,25.7,29.0,25.0,60.0,9.0,60,,,Haringey,True
https://snobe.co.uk/schools/st-marys-priory-rc-infant-school,102147,St Mary's Priory RC Infant School,Haringey,Hermitage Road,London,N15 5RE,Primary,Roman Catholic,29.0,155,25.0,49.019608,258,51.580487,-0.085654,St Mary's Priory RC Infant School,29.0,C+,Ofsted Good,https://www.stmaryspriory.co.uk/?utm_source=snobe-co-uk&utm_medium=school-profile&utm_campaign=organic,2026-03-19,25.7,27.55,25.0,27.0,25.7,29.0,25.0,60.0,9.0,60,,,Haringey,True
https://snobe.co.uk/schools/st-marys-priory-rc-junior-school,102145,St Mary's Priory RC Junior School,Haringey,Hermitage Road,LONDON,N15 5RE,Primary,Roman Catholic,29.0,51,25.0,49.019608,5100,51.580487,-0.085654,St Mary's Priory RC Junior School,210.0,A+,Ofsted Good,http://www.stmarysrcpriory.haringey.sch.uk/?utm_source=snobe-co-uk&utm_medium=school-profile&utm_campaign=organic,2026-03-19,25.0,27.55,0.0,,,,,60.0,9.0,0,,,,True
https://snobe.co.uk/schools/st-peter-chains-rc-infant-school,102148,St Peter-in-Chains RC Infant School,Haringey,Oakington Way,London,N8 9EP,Primary,Roman Catholic,1.0,11,0.0,0.0,1100,51.575744,-0.120952,St Peter-in-Chains RC Infant School,1.0,D-,Ofsted Good,http://stpetersandstgildas.co.uk?utm_source=snobe-co-uk&utm_medium=school-profile&utm_campaign=organic,2026-03-19,25.6,0.95,0.0,1.0,25.6,1.0,0.0,60.0,9.0,1,,,Haringey,True
https://snobe.co.uk/schools/st-peter-chains-rc-infant-school,102148,St Peter-in-Chains RC Infant School,Haringey,Oakington Way,London,N8 9EP,Primary,Roman Catholic,1.0,38,0.0,0.0,253,51.575744,-0.120952,St Peter-in-Chains RC Infant School,1.0,D-,Ofsted Good,http://stpetersandstgildas.co.uk?utm_source=snobe-co-uk&utm_medium=school-profile&utm_campaign=organic,2026-03-19,25.6,0.95,0.0,1.0,25.6,1.0,0.0,60.0,9.0,15,,,Haringey,True
https://snobe.co.uk/schools/st-peter-chains-rc-infant-school,102148,St Peter-in-Chains RC Infant School,Haringey,Oakington Way,London,N8 9EP,Primary,Roman Catholic,1.0,55,0.0,0.0,550,51.575744,-0.120952,St Peter-in-Chains RC Infant School,1.0,D-,Ofsted Good,http://stpetersandstgildas.co.uk?utm_source=snobe-co-uk&utm_medium=school-profile&utm_campaign=organic,2026-03-19,25.6,0.95,0.0,1.0,25.6,1.0,0.0,60.0,9.0,10,,,Haringey,True
https://snobe.co.uk/schools/st-peter-chains-rc-infant-school,102148,St Peter-in-Chains RC Infant School,Haringey,Oakington Way,London,N8 9EP,Primary,Roman Catholic,1.0,76,0.0,0.0,292,51.575744,-0.120952,St Peter-in-Chains RC Infant School,1.0,D-,Ofsted Good,http://stpetersandstgildas.co.uk?utm_source=snobe-co-uk&utm_medium=school-profile&utm_campaign=organic,2026-03-19,25.6,0.95,0.0,1.0,25.6,1.0,0.0,60.0,9.0,26,,,Haringey,True
https://snobe.co.uk/schools/st-peter-chains-rc-infant-school,102148,St Peter-in-Chains RC Infant School,Haringey,Oakington Way,London,N8 9EP,Primary,Roman Catholic,1.0,74,0.0,0.0,322,51.575744,-0.120952,St Peter-in-Chains RC Infant School,1.0,D-,Ofsted Good,http://stpetersandstgildas.co.uk?utm_source=snobe-co-uk&utm_medium=school-profile&utm_campaign=organic,2026-03-19,25.6,0.95,0.0,1.0,25.6,1.0,0.0,60.0,9.0,23,,,Haringey,True
https://snobe.co.uk/schools/st-peter-chains-rc-infant-school,102148,St Peter-in-Chains RC Infant School,Haringey,Oakington Way,London,N8 9EP,Primary,Roman Catholic,1.0,96,0.0,0.0,320,51.575744,-0.120952,St Peter-in-Chains RC Infant School,1.0,D-,Ofsted Good,http://stpetersandstgildas.co.uk?utm_source=snobe-co-uk&utm_medium=school-profile&utm_campaign=organic,2026-03-19,25.6,0.95,0.0,1.0,25.6,1.0,0.0,60.0,9.0,30,,,Haringey,True
https://snobe.co.uk/schools/st-peter-chains-rc-infant-school,102148,St Peter-in-Chains RC Infant School,Haringey,Oakington Way,London,N8 9EP,Primary,Roman Catholic,1.0,80,0.0,0.0,229,51.575744,-0.120952,St Peter-in-Chains RC Infant School,1.0,D-,Ofsted Good,http://stpetersandstgildas.co.uk?utm_source=snobe-co-uk&utm_medium=school-profile&utm_campaign=organic,2026-03-19,25.6,0.95,0.0,1.0,25.6,1.0,0.0,60.0,9.0,35,,,Haringey,True
https://snobe.co.uk/schools/st-peter-chains-rc-infant-school,102148,St Peter-in-Chains RC Infant School,Haringey,Oakington Way,London,N8 9EP,Primary,Roman Catholic,1.0,105,0.0,0.0,318,51.575744,-0.120952,St Peter-in-Chains RC Infant School,1.0,D-,Ofsted Good,http://stpetersandstgildas.co.uk?utm_source=snobe-co-uk&utm_medium=school-profile&utm_campaign=organic,2026-03-19,25.6,0.95,0.0,1.0,25.6,1.0,0.0,60.0,9.0,33,,,Haringey,True
https://snobe.co.uk/schools/st-peter-chains-rc-infant-school,102148,St Peter-in-Chains RC Infant School,Haringey,Oakington Way,London,N8 9EP,Primary,Roman Catholic,1.0,122,0.0,0.0,244,51.575744,-0.120952,St Peter-in-Chains RC Infant School,1.0,D-,Ofsted Good,http://stpetersandstgildas.co.uk?utm_source=snobe-co-uk&utm_medium=school-profile&utm_campaign=organic,2026-03-19,25.6,0.95,0.0,1.0,25.6,1.0,0.0,60.0,9.0,50,,,Haringey,True
https://snobe.co.uk/schools/st-peter-chains-rc-infant-school,102148,St Peter-in-Chains RC Infant School,Haringey,Oakington Way,London,N8 9EP,Primary,Roman Catholic,1.0,123,0.0,0.0,251,51.575744,-0.120952,St Peter-in-Chains RC Infant School,1.0,D-,Ofsted Good,http://stpetersandstgildas.co.uk?utm_source=snobe-co-uk&utm_medium=school-profile&utm_campaign=organic,2026-03-19,25.6,0.95,0.0,1.0,25.6,1.0,0.0,60.0,9.0,49,,,Haringey,True
https://snobe.co.uk/schools/st-peter-chains-rc-infant-school,102148,St Peter-in-Chains RC Infant School,Haringey,Oakington Way,London,N8 9EP,Primary,Roman Catholic,1.0,160,0.0,0.0,267,51.575744,-0.120952,St Peter-in-Chains RC Infant School,1.0,D-,Ofsted Good,http://stpetersandstgildas.co.uk?utm_source=snobe-co-uk&utm_medium=school-profile&utm_campaign=organic,2026-03-19,25.6,0.95,0.0,1.0,25.6,1.0,0.0,60.0,9.0,60,,,Haringey,True
https://snobe.co.uk/schools/st-peter-chains-rc-infant-school,102148,St Peter-in-Chains RC Infant School,Haringey,Oakington Way,London,N8 9EP,Primary,Roman Catholic,1.0,156,0.0,0.0,260,51.575744,-0.120952,St Peter-in-Chains RC Infant School,1.0,D-,Ofsted Good,http://stpetersandstgildas.co.uk?utm_source=snobe-co-uk&utm_medium=school-profile&utm_campaign=organic,2026-03-19,25.6,0.95,0.0,1.0,25.6,1.0,0.0,60.0,9.0,60,,,Haringey,True
https://snobe.co.uk/schools/st-thomas-more-catholic-school-1,102161,St Thomas More Catholic School,Haringey,Glendale Avenue,London,N22 5HN,Secondary,Roman Catholic,215.0,593,200.0,33.726813,59300,51.604294,-0.107499,St Thomas More Catholic School,210.0,A,Ofsted Outstanding,http://www.stthomasmoreschool.org.uk?utm_source=snobe-co-uk&utm_medium=school-profile&utm_campaign=organic,2026-03-19,25.0,204.25,0.0,,,,,60.0,9.0,0,,,,True
https://snobe.co.uk/schools/salvatorian-roman-catholic-college,102244,Salvatorian Roman Catholic College,Harrow,High Road,Harrow,HA3 5DY,Secondary,Roman Catholic,146.0,301,88.0,29.23588,30100,51.599968,-0.339144,Salvatorian Roman Catholic College,210.0,B-,Ofsted Good,http://www.salvatoriancollege.com/?utm_source=snobe-co-uk&utm_medium=school-profile&utm_campaign=organic,2026-03-19,25.0,138.7,0.0,,,,,50.0,5.0,0,,,,True
https://snobe.co.uk/schools/st-bernadettes-catholic-primary-school-8,102229,St Bernadette's Catholic Primary School,Harrow,Clifton Road,Harrow,HA3 9NS,Primary,Roman Catholic,60.0,162,60.0,36.585366,270,51.587774,-0.289064,St Bernadette's Catholic Primary School,60.0,B,Ofsted Outstanding,http://www.st-bernadettes.co.uk/?utm_source=snobe-co-uk&utm_medium=school-profile&utm_campaign=organic,2026-03-19,7.1,57.0,52.0,60.0,7.1,60.0,52.0,50.0,5.0,60,,,Harrow,True
https://snobe.co.uk/schools/st-bernadettes-catholic-primary-school-8,102229,St Bernadette's Catholic Primary School,Harrow,Clifton Road,Harrow,HA3 9NS,Primary,Roman Catholic,60.0,204,60.0,36.585366,346,51.587774,-0.289064,St Bernadette's Catholic Primary School,60.0,B,Ofsted Outstanding,http://www.st-bernadettes.co.uk/?utm_source=snobe-co-uk&utm_medium=school-profile&utm_campaign=organic,2026-03-19,7.1,57.0,52.0,60.0,7.1,60.0,52.0,50.0,5.0,59,,,Harrow,True
https://snobe.co.uk/schools/st-georges-primary-catholic-voluntary-academy,146176,St George's Primary Catholic Voluntary Academy,Harrow,Sudbury Hill,Harrow,HA1 3SB,Primary,Roman Catholic,56.0,140,52.0,37.142857,250,51.562081,-0.331379,St George's Primary Catholic Voluntary Academy,56.0,A,Ofsted Outstanding,http://www.stgeorgesprimary.org?utm_source=snobe-co-uk&utm_medium=school-profile&utm_campaign=organic,2026-03-19,5.6,53.2,52.0,56.0,5.6,56.0,52.0,50.0,5.0,56,,,Harrow,True
https://snobe.co.uk/schools/st-georges-primary-catholic-voluntary-academy,146176,St George's Primary Catholic Voluntary Academy,Harrow,Sudbury Hill,Harrow,HA1 3SB,Primary,Roman Catholic,56.0,175,52.0,37.142857,297,51.562081,-0.331379,St George's Primary Catholic Voluntary Academy,56.0,A,Ofsted Outstanding,http://www.stgeorgesprimary.org?utm_source=snobe-co-uk&utm_medium=school-profile&utm_campaign=organic,2026-03-19,5.6,53.2,52.0,56.0,5.6,56.0,52.0,50.0,5.0,59,,,Harrow,True
https://snobe.co.uk/schools/st-georges-primary-catholic-voluntary-academy,146176,St George's Primary Catholic Voluntary Academy,Harrow,Sudbury Hill,Harrow,HA1 3SB,Primary,Roman Catholic,56.0,156,52.0,37.142857,264,51.562081,-0.331379,St George's Primary Catholic Voluntary Academy,56.0,A,Ofsted Outstanding,http://www.stgeorgesprimary.org?utm_source=snobe-co-uk&utm_medium=school-profile&utm_campaign=organic,2026-03-19,5.6,53.2,52.0,56.0,5.6,56.0,52.0,50.0,5.0,59,,,Harrow,True
https://snobe.co.uk/schools/st-georges-primary-catholic-voluntary-academy,146176,St George's Primary Catholic Voluntary Academy,Harrow,Sudbury Hill,Harrow,HA1 3SB,Primary,Roman Catholic,56.0,159,52.0,37.142857,265,51.562081,-0.331379,St George's Primary Catholic Voluntary Academy,56.0,A,Ofsted Outstanding,http://www.stgeorgesprimary.org?utm_source=snobe-co-uk&utm_medium=school-profile&utm_campaign=organic,2026-03-19,5.6,53.2,52.0,56.0,5.6,56.0,52.0,50.0,5.0,60,,,Harrow,True
https://snobe.co.uk/schools/st-georges-primary-catholic-voluntary-academy,146176,St George's Primary Catholic Voluntary Academy,Harrow,Sudbury Hill,Harrow,HA1 3SB,Primary,Roman Catholic,56.0,171,52.0,37.142857,285,51.562081,-0.331379,St George's Primary Catholic Voluntary Academy,56.0,A,Ofsted Outstanding,http://www.stgeorgesprimary.org?utm_source=snobe-co-uk&utm_medium=school-profile&utm_campaign=organic,2026-03-19,5.6,53.2,52.0,56.0,5.6,56.0,52.0,50.0,5.0,60,,,Harrow,True
https://snobe.co.uk/schools/st-georges-primary-catholic-voluntary-academy,146176,St George's Primary Catholic Voluntary Academy,Harrow,Sudbury Hill,Harrow,HA1 3SB,Primary,Roman Catholic,56.0,170,52.0,37.142857,283,51.562081,-0.331379,St George's Primary Catholic Voluntary Academy,56.0,A,Ofsted Outstanding,http://www.stgeorgesprimary.org?utm_source=snobe-co-uk&utm_medium=school-profile&utm_campaign=organic,2026-03-19,5.6,53.2,52.0,56.0,5.6,56.0,52.0,50.0,5.0,60,,,Harrow,True
https://snobe.co.uk/schools/st-teresas-catholic-primary-school-and-nursery,102231,St Teresa's Catholic Primary School and Nursery,Harrow,Long Elmes,Harrow,HA3 6LE,Primary,Roman Catholic,47.0,121,46.0,38.016529,257,51.604217,-0.355408,St Teresa's Catholic Primary School and Nursery,47.0,A,Ofsted Good,http://www.stteresas-harrow.co.uk/?utm_source=snobe-co-uk&utm_medium=school-profile&utm_campaign=organic,2026-03-19,16.9,44.65,46.0,47.0,16.9,47.0,46.0,50.0,5.0,47,,,Harrow,True
https://snobe.co.uk/schools/st-teresas-catholic-primary-school-and-nursery,102231,St Teresa's Catholic Primary School and Nursery,Harrow,Long Elmes,Harrow,HA3 6LE,Primary,Roman Catholic,47.0,143,46.0,38.016529,238,51.604217,-0.355408,St Teresa's Catholic Primary School and Nursery,47.0,A,Ofsted Good,http://www.stteresas-harrow.co.uk/?utm_source=snobe-co-uk&utm_medium=school-profile&utm_campaign=organic,2026-03-19,16.9,44.65,46.0,47.0,16.9,47.0,46.0,50.0,5.0,60,,,Harrow,True
https://snobe.co.uk/schools/st-teresas-catholic-primary-school-and-nursery,102231,St Teresa's Catholic Primary School and Nursery,Harrow,Long Elmes,Harrow,HA3 6LE,Primary,Roman Catholic,47.0,146,46.0,38.016529,247,51.604217,-0.355408,St Teresa's Catholic Primary School and Nursery,47.0,A,Ofsted Good,http://www.stteresas-harrow.co.uk/?utm_source=snobe-co-uk&utm_medium=school-profile&utm_campaign=organic,2026-03-19,16.9,44.65,46.0,47.0,16.9,47.0,46.0,50.0,5.0,59,,,Harrow,True
https://snobe.co.uk/schools/st-teresas-catholic-primary-school-and-nursery,102231,St Teresa's Catholic Primary School and Nursery,Harrow,Long Elmes,Harrow,HA3 6LE,Primary,Roman Catholic,47.0,142,46.0,38.016529,237,51.604217,-0.355408,St Teresa's Catholic Primary School and Nursery,47.0,A,Ofsted Good,http://www.stteresas-harrow.co.uk/?utm_source=snobe-co-uk&utm_medium=school-profile&utm_campaign=organic,2026-03-19,16.9,44.65,46.0,47.0,16.9,47.0,46.0,50.0,5.0,60,,,Harrow,True
https://snobe.co.uk/schools/st-teresas-catholic-primary-school-and-nursery,102231,St Teresa's Catholic Primary School and Nursery,Harrow,Long Elmes,Harrow,HA3 6LE,Primary,Roman Catholic,47.0,148,46.0,38.016529,247,51.604217,-0.355408,St Teresa's Catholic Primary School and Nursery,47.0,A,Ofsted Good,http://www.stteresas-harrow.co.uk/?utm_source=snobe-co-uk&utm_medium=school-profile&utm_campaign=organic,2026-03-19,16.9,44.65,46.0,47.0,16.9,47.0,46.0,50.0,5.0,60,,,Harrow,True
https://snobe.co.uk/schools/st-teresas-catholic-primary-school-and-nursery,102231,St Teresa's Catholic Primary School and Nursery,Harrow,Long Elmes,Harrow,HA3 6LE,Primary,Roman Catholic,47.0,148,46.0,38.016529,247,51.604217,-0.355408,St Teresa's Catholic Primary School and Nursery,47.0,A,Ofsted Good,http://www.stteresas-harrow.co.uk/?utm_source=snobe-co-uk&utm_medium=school-profile&utm_campaign=organic,2026-03-19,16.9,44.65,46.0,47.0,16.9,47.0,46.0,50.0,5.0,60,,,Harrow,True
https://snobe.co.uk/schools/st-teresas-catholic-primary-school-and-nursery,102231,St Teresa's Catholic Primary School and Nursery,Harrow,Long Elmes,Harrow,HA3 6LE,Primary,Roman Catholic,47.0,145,46.0,38.016529,242,51.604217,-0.355408,St Teresa's Catholic Primary School and Nursery,47.0,A,Ofsted Good,http://www.stteresas-harrow.co.uk/?utm_source=snobe-co-uk&utm_medium=school-profile&utm_campaign=organic,2026-03-19,16.9,44.65,46.0,47.0,16.9,47.0,46.0,50.0,5.0,60,,,Harrow,True
https://snobe.co.uk/schools/st-teresas-catholic-primary-school-and-nursery,102231,St Teresa's Catholic Primary School and Nursery,Harrow,Long Elmes,Harrow,HA3 6LE,Primary,Roman Catholic,47.0,157,46.0,38.016529,285,51.604217,-0.355408,St Teresa's Catholic Primary School and Nursery,47.0,A,Ofsted Good,http://www.stteresas-harrow.co.uk/?utm_source=snobe-co-uk&utm_medium=school-profile&utm_campaign=organic,2026-03-19,16.9,44.65,46.0,47.0,16.9,47.0,46.0,50.0,5.0,55,,,Harrow,True
https://snobe.co.uk/schools/st-teresas-catholic-primary-school-and-nursery,102231,St Teresa's Catholic Primary School and Nursery,Harrow,Long Elmes,Harrow,HA3 6LE,Primary,Roman Catholic,47.0,140,46.0,38.016529,237,51.604217,-0.355408,St Teresa's Catholic Primary School and Nursery,47.0,A,Ofsted Good,http://www.stteresas-harrow.co.uk/?utm_source=snobe-co-uk&utm_medium=school-profile&utm_campaign=organic,2026-03-19,16.9,44.65,46.0,47.0,16.9,47.0,46.0,50.0,5.0,59,,,Harrow,True
https://snobe.co.uk/schools/st-teresas-catholic-primary-school-and-nursery,102231,St Teresa's Catholic Primary School and Nursery,Harrow,Long Elmes,Harrow,HA3 6LE,Primary,Roman Catholic,47.0,170,46.0,38.016529,288,51.604217,-0.355408,St Teresa's Catholic Primary School and Nursery,47.0,A,Ofsted Good,http://www.stteresas-harrow.co.uk/?utm_source=snobe-co-uk&utm_medium=school-profile&utm_campaign=organic,2026-03-19,16.9,44.65,46.0,47.0,16.9,47.0,46.0,50.0,5.0,59,,,Harrow,True
https://snobe.co.uk/schools/st-teresas-catholic-primary-school-and-nursery,102231,St Teresa's Catholic Primary School and Nursery,Harrow,Long Elmes,Harrow,HA3 6LE,Primary,Roman Catholic,47.0,167,46.0,38.016529,283,51.604217,-0.355408,St Teresa's Catholic Primary School and Nursery,47.0,A,Ofsted Good,http://www.stteresas-harrow.co.uk/?utm_source=snobe-co-uk&utm_medium=school-profile&utm_campaign=organic,2026-03-19,16.9,44.65,46.0,47.0,16.9,47.0,46.0,50.0,5.0,59,,,Harrow,True
https://snobe.co.uk/schools/st-teresas-catholic-primary-school-and-nursery,102231,St Teresa's Catholic Primary School and Nursery,Harrow,Long Elmes,Harrow,HA3 6LE,Primary,Roman Catholic,47.0,194,46.0,38.016529,323,51.604217,-0.355408,St Teresa's Catholic Primary School and Nursery,47.0,A,Ofsted Good,http://www.stteresas-harrow.co.uk/?utm_source=snobe-co-uk&utm_medium=school-profile&utm_campaign=organic,2026-03-19,16.9,44.65,46.0,47.0,16.9,47.0,46.0,50.0,5.0,60,,,Harrow,True
https://snobe.co.uk/schools/sacred-heart-language-college,102243,The Sacred Heart Language College,Harrow,High Street,Harrow,HA3 7AY,Secondary,Roman Catholic,148.0,379,93.0,31.525424,212,51.599503,-0.336201,The Sacred Heart Language College,179.0,D-,Ofsted Outstanding,http://www.tshlc.harrow.sch.uk/?utm_source=snobe-co-uk&utm_medium=school-profile&utm_campaign=organic,2026-03-19,7.5,140.6,119.0,179.0,7.5,179.0,119.0,50.0,5.0,179,,,Harrow,True
https://snobe.co.uk/schools/sacred-heart-language-college,102243,The Sacred Heart Language College,Harrow,High Street,Harrow,HA3 7AY,Secondary,Roman Catholic,148.0,400,93.0,31.525424,223,51.599503,-0.336201,The Sacred Heart Language College,179.0,D-,Ofsted Outstanding,http://www.tshlc.harrow.sch.uk/?utm_source=snobe-co-uk&utm_medium=school-profile&utm_campaign=organic,2026-03-19,7.5,140.6,119.0,179.0,7.5,179.0,119.0,50.0,5.0,179,,,Harrow,True
https://snobe.co.uk/schools/sacred-heart-language-college,102243,The Sacred Heart Language College,Harrow,High Street,Harrow,HA3 7AY,Secondary,Roman Catholic,148.0,380,93.0,31.525424,211,51.599503,-0.336201,The Sacred Heart Language College,179.0,D-,Ofsted Outstanding,http://www.tshlc.harrow.sch.uk/?utm_source=snobe-co-uk&utm_medium=school-profile&utm_campaign=organic,2026-03-19,7.5,140.6,119.0,179.0,7.5,179.0,119.0,50.0,5.0,180,,,Harrow,True
https://snobe.co.uk/schools/sacred-heart-language-college,102243,The Sacred Heart Language College,Harrow,High Street,Harrow,HA3 7AY,Secondary,Roman Catholic,148.0,418,93.0,31.525424,286,51.599503,-0.336201,The Sacred Heart Language College,179.0,D-,Ofsted Outstanding,http://www.tshlc.harrow.sch.uk/?utm_source=snobe-co-uk&utm_medium=school-profile&utm_campaign=organic,2026-03-19,7.5,140.6,119.0,179.0,7.5,179.0,119.0,50.0,5.0,146,,,Harrow,True
https://snobe.co.uk/schools/sacred-heart-language-college,102243,The Sacred Heart Language College,Harrow,High Street,Harrow,HA3 7AY,Secondary,Roman Catholic,148.0,414,93.0,31.525424,278,51.599503,-0.336201,The Sacred Heart Language College,179.0,D-,Ofsted Outstanding,http://www.tshlc.harrow.sch.uk/?utm_source=snobe-co-uk&utm_medium=school-profile&utm_campaign=organic,2026-03-19,7.5,140.6,119.0,179.0,7.5,179.0,119.0,50.0,5.0,149,,,Harrow,True
https://snobe.co.uk/schools/sacred-heart-language-college,102243,The Sacred Heart Language College,Harrow,High Street,Harrow,HA3 7AY,Secondary,Roman Catholic,148.0,400,93.0,31.525424,268,51.599503,-0.336201,The Sacred Heart Language College,179.0,D-,Ofsted Outstanding,http://www.tshlc.harrow.sch.uk/?utm_source=snobe-co-uk&utm_medium=school-profile&utm_campaign=organic,2026-03-19,7.5,140.6,119.0,179.0,7.5,179.0,119.0,50.0,5.0,149,,,Harrow,True
https://snobe.co.uk/schools/la-salette-catholic-primary-school,102330,La Salette Catholic Primary School,Havering,Dunedin Road,Rainham,RM13 8SP,Primary,Roman Catholic,30.0,97,29.0,29.896907,323,51.523084,0.190953,La Salette Catholic Primary School,30.0,A-,Ofsted Good,http://www.lasalette.havering.sch.uk/?utm_source=snobe-co-uk&utm_medium=school-profile&utm_campaign=organic,2026-03-19,17.1,28.5,29.0,30.0,17.1,30.0,29.0,52.0,4.0,30,,,Havering,True
https://snobe.co.uk/schools/la-salette-catholic-primary-school,102330,La Salette Catholic Primary School,Havering,Dunedin Road,Rainham,RM13 8SP,Primary,Roman Catholic,30.0,81,29.0,29.896907,270,51.523084,0.190953,La Salette Catholic Primary School,30.0,A-,Ofsted Good,http://www.lasalette.havering.sch.uk/?utm_source=snobe-co-uk&utm_medium=school-profile&utm_campaign=organic,2026-03-19,17.1,28.5,29.0,30.0,17.1,30.0,29.0,52.0,4.0,30,,,Havering,True
https://snobe.co.uk/schools/la-salette-catholic-primary-school,102330,La Salette Catholic Primary School,Havering,Dunedin Road,Rainham,RM13 8SP,Primary,Roman Catholic,30.0,74,29.0,29.896907,247,51.523084,0.190953,La Salette Catholic Primary School,30.0,A-,Ofsted Good,http://www.lasalette.havering.sch.uk/?utm_source=snobe-co-uk&utm_medium=school-profile&utm_campaign=organic,2026-03-19,17.1,28.5,29.0,30.0,17.1,30.0,29.0,52.0,4.0,30,,,Havering,True
https://snobe.co.uk/schools/la-salette-catholic-primary-school,102330,La Salette Catholic Primary School,Havering,Dunedin Road,Rainham,RM13 8SP,Primary,Roman Catholic,30.0,53,29.0,29.896907,265,51.523084,0.190953,La Salette Catholic Primary School,30.0,A-,Ofsted Good,http://www.lasalette.havering.sch.uk/?utm_source=snobe-co-uk&utm_medium=school-profile&utm_campaign=organic,2026-03-19,17.1,28.5,29.0,30.0,17.1,30.0,29.0,52.0,4.0,20,,,Havering,True
https://snobe.co.uk/schools/la-salette-catholic-primary-school,102330,La Salette Catholic Primary School,Havering,Dunedin Road,Rainham,RM13 8SP,Primary,Roman Catholic,30.0,57,29.0,29.896907,211,51.523084,0.190953,La Salette Catholic Primary School,30.0,A-,Ofsted Good,http://www.lasalette.havering.sch.uk/?utm_source=snobe-co-uk&utm_medium=school-profile&utm_campaign=organic,2026-03-19,17.1,28.5,29.0,30.0,17.1,30.0,29.0,52.0,4.0,27,,,Havering,True
https://snobe.co.uk/schools/la-salette-catholic-primary-school,102330,La Salette Catholic Primary School,Havering,Dunedin Road,Rainham,RM13 8SP,Primary,Roman Catholic,30.0,69,29.0,29.896907,246,51.523084,0.190953,La Salette Catholic Primary School,30.0,A-,Ofsted Good,http://www.lasalette.havering.sch.uk/?utm_source=snobe-co-uk&utm_medium=school-profile&utm_campaign=organic,2026-03-19,17.1,28.5,29.0,30.0,17.1,30.0,29.0,52.0,4.0,28,,,Havering,True
https://snobe.co.uk/schools/la-salette-catholic-primary-school,102330,La Salette Catholic Primary School,Havering,Dunedin Road,Rainham,RM13 8SP,Primary,Roman Catholic,30.0,91,29.0,29.896907,314,51.523084,0.190953,La Salette Catholic Primary School,30.0,A-,Ofsted Good,http://www.lasalette.havering.sch.uk/?utm_source=snobe-co-uk&utm_medium=school-profile&utm_campaign=organic,2026-03-19,17.1,28.5,29.0,30.0,17.1,30.0,29.0,52.0,4.0,29,,,Havering,True
https://snobe.co.uk/schools/la-salette-catholic-primary-school,102330,La Salette Catholic Primary School,Havering,Dunedin Road,Rainham,RM13 8SP,Primary,Roman Catholic,30.0,58,29.0,29.896907,223,51.523084,0.190953,La Salette Catholic Primary School,30.0,A-,Ofsted Good,http://www.lasalette.havering.sch.uk/?utm_source=snobe-co-uk&utm_medium=school-profile&utm_campaign=organic,2026-03-19,17.1,28.5,29.0,30.0,17.1,30.0,29.0,52.0,4.0,26,,,Havering,True
https://snobe.co.uk/schools/la-salette-catholic-primary-school,102330,La Salette Catholic Primary School,Havering,Dunedin Road,Rainham,RM13 8SP,Primary,Roman Catholic,30.0,105,29.0,29.896907,350,51.523084,0.190953,La Salette Catholic Primary School,30.0,A-,Ofsted Good,http://www.lasalette.havering.sch.uk/?utm_source=snobe-co-uk&utm_medium=school-profile&utm_campaign=organic,2026-03-19,17.1,28.5,29.0,30.0,17.1,30.0,29.0,52.0,4.0,30,,,Havering,True
https://snobe.co.uk/schools/la-salette-catholic-primary-school,102330,La Salette Catholic Primary School,Havering,Dunedin Road,Rainham,RM13 8SP,Primary,Roman Catholic,30.0,93,29.0,29.896907,332,51.523084,0.190953,La Salette Catholic Primary School,30.0,A-,Ofsted Good,http://www.lasalette.havering.sch.uk/?utm_source=snobe-co-uk&utm_medium=school-profile&utm_campaign=organic,2026-03-19,17.1,28.5,29.0,30.0,17.1,30.0,29.0,52.0,4.0,28,,,Havering,True
https://snobe.co.uk/schools/la-salette-catholic-primary-school,102330,La Salette Catholic Primary School,Havering,Dunedin Road,Rainham,RM13 8SP,Primary,Roman Catholic,30.0,98,29.0,29.896907,327,51.523084,0.190953,La Salette Catholic Primary School,30.0,A-,Ofsted Good,http://www.lasalette.havering.sch.uk/?utm_source=snobe-co-uk&utm_medium=school-profile&utm_campaign=organic,2026-03-19,17.1,28.5,29.0,30.0,17.1,30.0,29.0,52.0,4.0,30,,,Havering,True
https://snobe.co.uk/schools/la-salette-catholic-primary-school,102330,La Salette Catholic Primary School,Havering,Dunedin Road,Rainham,RM13 8SP,Primary,Roman Catholic,30.0,86,29.0,29.896907,287,51.523084,0.190953,La Salette Catholic Primary School,30.0,A-,Ofsted Good,http://www.lasalette.havering.sch.uk/?utm_source=snobe-co-uk&utm_medium=school-profile&utm_campaign=organic,2026-03-19,17.1,28.5,29.0,30.0,17.1,30.0,29.0,52.0,4.0,30,,,Havering,True
https://snobe.co.uk/schools/sacred-heart-mary-girls-school,102354,Sacred Heart of Mary Girls' School,Havering,St Mary's Lane,Upminster,RM14 2QR,Secondary,Roman Catholic,119.0,399,113.0,28.320802,39900,51.556835,0.24373,Sacred Heart of Mary Girls' School,210.0,A,Ofsted Outstanding,http://www.sacredheartofmary.net/?utm_source=snobe-co-uk&utm_medium=school-profile&utm_campaign=organic,2026-03-19,25.0,113.05,0.0,,,,,52.0,4.0,0,,,,True
https://snobe.co.uk/schools/st-albans-catholic-primary-school,102336,St Alban's Catholic Primary School,Havering,Heron Flight Avenue,Hornchurch,RM12 5LN,Primary,Roman Catholic,29.0,97,25.0,25.773196,334,51.537665,0.197998,St Alban's Catholic Primary School,29.0,B,Ofsted Good,http://www.stalbansschool.net?utm_source=snobe-co-uk&utm_medium=school-profile&utm_campaign=organic,2026-03-19,13.3,27.55,25.0,29.0,13.3,29.0,25.0,52.0,4.0,29,,,Havering,True
https://snobe.co.uk/schools/st-albans-catholic-primary-school,102336,St Alban's Catholic Primary School,Havering,Heron Flight Avenue,Hornchurch,RM12 5LN,Primary,Roman Catholic,29.0,75,25.0,25.773196,395,51.537665,0.197998,St Alban's Catholic Primary School,29.0,B,Ofsted Good,http://www.stalbansschool.net?utm_source=snobe-co-uk&utm_medium=school-profile&utm_campaign=organic,2026-03-19,13.3,27.55,25.0,29.0,13.3,29.0,25.0,52.0,4.0,19,,,Havering,True
https://snobe.co.uk/schools/st-albans-catholic-primary-school,102336,St Alban's Catholic Primary School,Havering,Heron Flight Avenue,Hornchurch,RM12 5LN,Primary,Roman Catholic,29.0,53,25.0,25.773196,331,51.537665,0.197998,St Alban's Catholic Primary School,29.0,B,Ofsted Good,http://www.stalbansschool.net?utm_source=snobe-co-uk&utm_medium=school-profile&utm_campaign=organic,2026-03-19,13.3,27.55,25.0,29.0,13.3,29.0,25.0,52.0,4.0,16,,,Havering,True
https://snobe.co.uk/schools/st-albans-catholic-primary-school,102336,St Alban's Catholic Primary School,Havering,Heron Flight Avenue,Hornchurch,RM12 5LN,Primary,Roman Catholic,29.0,80,25.0,25.773196,267,51.537665,0.197998,St Alban's Catholic Primary School,29.0,B,Ofsted Good,http://www.stalbansschool.net?utm_source=snobe-co-uk&utm_medium=school-profile&utm_campaign=organic,2026-03-19,13.3,27.55,25.0,29.0,13.3,29.0,25.0,52.0,4.0,30,,,Havering,True
https://snobe.co.uk/schools/st-albans-catholic-primary-school,102336,St Alban's Catholic Primary School,Havering,Heron Flight Avenue,Hornchurch,RM12 5LN,Primary,Roman Catholic,29.0,79,25.0,25.773196,304,51.537665,0.197998,St Alban's Catholic Primary School,29.0,B,Ofsted Good,http://www.stalbansschool.net?utm_source=snobe-co-uk&utm_medium=school-profile&utm_campaign=organic,2026-03-19,13.3,27.55,25.0,29.0,13.3,29.0,25.0,52.0,4.0,26,,,Havering,True
https://snobe.co.uk/schools/st-albans-catholic-primary-school,102336,St Alban's Catholic Primary School,Havering,Heron Flight Avenue,Hornchurch,RM12 5LN,Primary,Roman Catholic,29.0,77,25.0,25.773196,296,51.537665,0.197998,St Alban's Catholic Primary School,29.0,B,Ofsted Good,http://www.stalbansschool.net?utm_source=snobe-co-uk&utm_medium=school-profile&utm_campaign=organic,2026-03-19,13.3,27.55,25.0,29.0,13.3,29.0,25.0,52.0,4.0,26,,,Havering,True
https://snobe.co.uk/schools/st-albans-catholic-primary-school,102336,St Alban's Catholic Primary School,Havering,Heron Flight Avenue,Hornchurch,RM12 5LN,Primary,Roman Catholic,29.0,75,25.0,25.773196,250,51.537665,0.197998,St Alban's Catholic Primary School,29.0,B,Ofsted Good,http://www.stalbansschool.net?utm_source=snobe-co-uk&utm_medium=school-profile&utm_campaign=organic,2026-03-19,13.3,27.55,25.0,29.0,13.3,29.0,25.0,52.0,4.0,30,,,Havering,True
https://snobe.co.uk/schools/st-albans-catholic-primary-school,102336,St Alban's Catholic Primary School,Havering,Heron Flight Avenue,Hornchurch,RM12 5LN,Primary,Roman Catholic,29.0,90,25.0,25.773196,300,51.537665,0.197998,St Alban's Catholic Primary School,29.0,B,Ofsted Good,http://www.stalbansschool.net?utm_source=snobe-co-uk&utm_medium=school-profile&utm_campaign=organic,2026-03-19,13.3,27.55,25.0,29.0,13.3,29.0,25.0,52.0,4.0,30,,,Havering,True
https://snobe.co.uk/schools/st-albans-catholic-primary-school,102336,St Alban's Catholic Primary School,Havering,Heron Flight Avenue,Hornchurch,RM12 5LN,Primary,Roman Catholic,29.0,110,25.0,25.773196,367,51.537665,0.197998,St Alban's Catholic Primary School,29.0,B,Ofsted Good,http://www.stalbansschool.net?utm_source=snobe-co-uk&utm_medium=school-profile&utm_campaign=organic,2026-03-19,13.3,27.55,25.0,29.0,13.3,29.0,25.0,52.0,4.0,30,,,Havering,True
https://snobe.co.uk/schools/st-albans-catholic-primary-school,102336,St Alban's Catholic Primary School,Havering,Heron Flight Avenue,Hornchurch,RM12 5LN,Primary,Roman Catholic,29.0,92,25.0,25.773196,341,51.537665,0.197998,St Alban's Catholic Primary School,29.0,B,Ofsted Good,http://www.stalbansschool.net?utm_source=snobe-co-uk&utm_medium=school-profile&utm_campaign=organic,2026-03-19,13.3,27.55,25.0,29.0,13.3,29.0,25.0,52.0,4.0,27,,,Havering,True
https://snobe.co.uk/schools/st-albans-catholic-primary-school,102336,St Alban's Catholic Primary School,Havering,Heron Flight Avenue,Hornchurch,RM12 5LN,Primary,Roman Catholic,29.0,90,25.0,25.773196,300,51.537665,0.197998,St Alban's Catholic Primary School,29.0,B,Ofsted Good,http://www.stalbansschool.net?utm_source=snobe-co-uk&utm_medium=school-profile&utm_campaign=organic,2026-03-19,13.3,27.55,25.0,29.0,13.3,29.0,25.0,52.0,4.0,30,,,Havering,True
https://snobe.co.uk/schools/st-albans-catholic-primary-school,102336,St Alban's Catholic Primary School,Havering,Heron Flight Avenue,Hornchurch,RM12 5LN,Primary,Roman Catholic,29.0,78,25.0,25.773196,260,51.537665,0.197998,St Alban's Catholic Primary School,29.0,B,Ofsted Good,http://www.stalbansschool.net?utm_source=snobe-co-uk&utm_medium=school-profile&utm_campaign=organic,2026-03-19,13.3,27.55,25.0,29.0,13.3,29.0,25.0,52.0,4.0,30,,,Havering,True
https://snobe.co.uk/schools/st-ursulas-catholic-primary-school,102332,St Ursula's Catholic Primary School,Havering,Straight Road,Romford,RM3 7JS,Primary,Roman Catholic,59.0,112,57.0,50.892857,190,51.604176,0.209063,St Ursula's Catholic Primary School,59.0,A,Ofsted Good,http://www.stursulascatholicprimary.co.uk?utm_source=snobe-co-uk&utm_medium=school-profile&utm_campaign=organic,2026-03-19,14.5,56.05,57.0,59.0,14.5,59.0,57.0,52.0,4.0,59,,,Havering,True
https://snobe.co.uk/schools/st-ursulas-catholic-primary-school,102332,St Ursula's Catholic Primary School,Havering,Straight Road,Romford,RM3 7JS,Primary,Roman Catholic,59.0,145,57.0,50.892857,246,51.604176,0.209063,St Ursula's Catholic Primary School,59.0,A,Ofsted Good,http://www.stursulascatholicprimary.co.uk?utm_source=snobe-co-uk&utm_medium=school-profile&utm_campaign=organic,2026-03-19,14.5,56.05,57.0,59.0,14.5,59.0,57.0,52.0,4.0,59,,,Havering,True
https://snobe.co.uk/schools/st-ursulas-catholic-primary-school,102332,St Ursula's Catholic Primary School,Havering,Straight Road,Romford,RM3 7JS,Primary,Roman Catholic,59.0,147,57.0,50.892857,249,51.604176,0.209063,St Ursula's Catholic Primary School,59.0,A,Ofsted Good,http://www.stursulascatholicprimary.co.uk?utm_source=snobe-co-uk&utm_medium=school-profile&utm_campaign=organic,2026-03-19,14.5,56.05,57.0,59.0,14.5,59.0,57.0,52.0,4.0,59,,,Havering,True
https://snobe.co.uk/schools/st-ursulas-catholic-primary-school,102332,St Ursula's Catholic Primary School,Havering,Straight Road,Romford,RM3 7JS,Primary,Roman Catholic,59.0,142,57.0,50.892857,237,51.604176,0.209063,St Ursula's Catholic Primary School,59.0,A,Ofsted Good,http://www.stursulascatholicprimary.co.uk?utm_source=snobe-co-uk&utm_medium=school-profile&utm_campaign=organic,2026-03-19,14.5,56.05,57.0,59.0,14.5,59.0,57.0,52.0,4.0,60,,,Havering,True
https://snobe.co.uk/schools/st-ursulas-catholic-primary-school,102332,St Ursula's Catholic Primary School,Havering,Straight Road,Romford,RM3 7JS,Primary,Roman Catholic,59.0,145,57.0,50.892857,246,51.604176,0.209063,St Ursula's Catholic Primary School,59.0,A,Ofsted Good,http://www.stursulascatholicprimary.co.uk?utm_source=snobe-co-uk&utm_medium=school-profile&utm_campaign=organic,2026-03-19,14.5,56.05,57.0,59.0,14.5,59.0,57.0,52.0,4.0,59,,,Havering,True
https://snobe.co.uk/schools/campion-school,102350,The Campion School,Havering,Wingletye Lane,Hornchurch,RM11 3BX,Secondary,Roman Catholic,150.0,392,128.0,32.653061,39200,51.579945,0.233464,The Campion School,210.0,B-,Ofsted Good,http://www.thecampionschool.org.uk?utm_source=snobe-co-uk&utm_medium=school-profile&utm_campaign=organic,2026-03-19,25.0,142.5,0.0,,,,,52.0,4.0,0,,,,True
https://snobe.co.uk/schools/botwell-house-catholic-primary-school,102422,Botwell House Catholic Primary School,Hillingdon,Botwell Lane,Hayes,UB3 2AB,Primary,Roman Catholic,90.0,223,86.0,38.565022,248,51.507422,-0.419491,Botwell House Catholic Primary School,90.0,A,Ofsted Good,http://www.botwellhouseschool.co.uk?utm_source=snobe-co-uk&utm_medium=school-profile&utm_campaign=organic,2026-03-19,26.3,85.5,86.0,90.0,26.3,90.0,86.0,60.0,5.0,90,,,Hillingdon,True
https://snobe.co.uk/schools/botwell-house-catholic-primary-school,102422,Botwell House Catholic Primary School,Hillingdon,Botwell Lane,Hayes,UB3 2AB,Primary,Roman Catholic,90.0,226,86.0,38.565022,251,51.507422,-0.419491,Botwell House Catholic Primary School,90.0,A,Ofsted Good,http://www.botwellhouseschool.co.uk?utm_source=snobe-co-uk&utm_medium=school-profile&utm_campaign=organic,2026-03-19,26.3,85.5,86.0,90.0,26.3,90.0,86.0,60.0,5.0,90,,,Hillingdon,True
https://snobe.co.uk/schools/botwell-house-catholic-primary-school,102422,Botwell House Catholic Primary School,Hillingdon,Botwell Lane,Hayes,UB3 2AB,Primary,Roman Catholic,90.0,220,86.0,38.565022,244,51.507422,-0.419491,Botwell House Catholic Primary School,90.0,A,Ofsted Good,http://www.botwellhouseschool.co.uk?utm_source=snobe-co-uk&utm_medium=school-profile&utm_campaign=organic,2026-03-19,26.3,85.5,86.0,90.0,26.3,90.0,86.0,60.0,5.0,90,,,Hillingdon,True
https://snobe.co.uk/schools/botwell-house-catholic-primary-school,102422,Botwell House Catholic Primary School,Hillingdon,Botwell Lane,Hayes,UB3 2AB,Primary,Roman Catholic,90.0,235,86.0,38.565022,261,51.507422,-0.419491,Botwell House Catholic Primary School,90.0,A,Ofsted Good,http://www.botwellhouseschool.co.uk?utm_source=snobe-co-uk&utm_medium=school-profile&utm_campaign=organic,2026-03-19,26.3,85.5,86.0,90.0,26.3,90.0,86.0,60.0,5.0,90,,,Hillingdon,True
https://snobe.co.uk/schools/botwell-house-catholic-primary-school,102422,Botwell House Catholic Primary School,Hillingdon,Botwell Lane,Hayes,UB3 2AB,Primary,Roman Catholic,90.0,219,86.0,38.565022,243,51.507422,-0.419491,Botwell House Catholic Primary School,90.0,A,Ofsted Good,http://www.botwellhouseschool.co.uk?utm_source=snobe-co-uk&utm_medium=school-profile&utm_campaign=organic,2026-03-19,26.3,85.5,86.0,90.0,26.3,90.0,86.0,60.0,5.0,90,,,Hillingdon,True
https://snobe.co.uk/schools/botwell-house-catholic-primary-school,102422,Botwell House Catholic Primary School,Hillingdon,Botwell Lane,Hayes,UB3 2AB,Primary,Roman Catholic,90.0,260,86.0,38.565022,289,51.507422,-0.419491,Botwell House Catholic Primary School,90.0,A,Ofsted Good,http://www.botwellhouseschool.co.uk?utm_source=snobe-co-uk&utm_medium=school-profile&utm_campaign=organic,2026-03-19,26.3,85.5,86.0,90.0,26.3,90.0,86.0,60.0,5.0,90,,,Hillingdon,True
https://snobe.co.uk/schools/botwell-house-catholic-primary-school,102422,Botwell House Catholic Primary School,Hillingdon,Botwell Lane,Hayes,UB3 2AB,Primary,Roman Catholic,90.0,221,86.0,38.565022,246,51.507422,-0.419491,Botwell House Catholic Primary School,90.0,A,Ofsted Good,http://www.botwellhouseschool.co.uk?utm_source=snobe-co-uk&utm_medium=school-profile&utm_campaign=organic,2026-03-19,26.3,85.5,86.0,90.0,26.3,90.0,86.0,60.0,5.0,90,,,Hillingdon,True
https://snobe.co.uk/schools/botwell-house-catholic-primary-school,102422,Botwell House Catholic Primary School,Hillingdon,Botwell Lane,Hayes,UB3 2AB,Primary,Roman Catholic,90.0,279,86.0,38.565022,321,51.507422,-0.419491,Botwell House Catholic Primary School,90.0,A,Ofsted Good,http://www.botwellhouseschool.co.uk?utm_source=snobe-co-uk&utm_medium=school-profile&utm_campaign=organic,2026-03-19,26.3,85.5,86.0,90.0,26.3,90.0,86.0,60.0,5.0,87,,,Hillingdon,True
https://snobe.co.uk/schools/botwell-house-catholic-primary-school,102422,Botwell House Catholic Primary School,Hillingdon,Botwell Lane,Hayes,UB3 2AB,Primary,Roman Catholic,90.0,310,86.0,38.565022,344,51.507422,-0.419491,Botwell House Catholic Primary School,90.0,A,Ofsted Good,http://www.botwellhouseschool.co.uk?utm_source=snobe-co-uk&utm_medium=school-profile&utm_campaign=organic,2026-03-19,26.3,85.5,86.0,90.0,26.3,90.0,86.0,60.0,5.0,90,,,Hillingdon,True
https://snobe.co.uk/schools/botwell-house-catholic-primary-school,102422,Botwell House Catholic Primary School,Hillingdon,Botwell Lane,Hayes,UB3 2AB,Primary,Roman Catholic,90.0,352,86.0,38.565022,391,51.507422,-0.419491,Botwell House Catholic Primary School,90.0,A,Ofsted Good,http://www.botwellhouseschool.co.uk?utm_source=snobe-co-uk&utm_medium=school-profile&utm_campaign=organic,2026-03-19,26.3,85.5,86.0,90.0,26.3,90.0,86.0,60.0,5.0,90,,,Hillingdon,True
https://snobe.co.uk/schools/botwell-house-catholic-primary-school,102422,Botwell House Catholic Primary School,Hillingdon,Botwell Lane,Hayes,UB3 2AB,Primary,Roman Catholic,90.0,319,86.0,38.565022,343,51.507422,-0.419491,Botwell House Catholic Primary School,90.0,A,Ofsted Good,http://www.botwellhouseschool.co.uk?utm_source=snobe-co-uk&utm_medium=school-profile&utm_campaign=organic,2026-03-19,26.3,85.5,86.0,90.0,26.3,90.0,86.0,60.0,5.0,93,,,Hillingdon,True
https://snobe.co.uk/schools/botwell-house-catholic-primary-school,102422,Botwell House Catholic Primary School,Hillingdon,Botwell Lane,Hayes,UB3 2AB,Primary,Roman Catholic,90.0,345,86.0,38.565022,379,51.507422,-0.419491,Botwell House Catholic Primary School,90.0,A,Ofsted Good,http://www.botwellhouseschool.co.uk?utm_source=snobe-co-uk&utm_medium=school-profile&utm_campaign=organic,2026-03-19,26.3,85.5,86.0,90.0,26.3,90.0,86.0,60.0,5.0,91,,,Hillingdon,True
https://snobe.co.uk/schools/pield-heath-house-rc-school,102464,Pield Heath House RC School,Hillingdon,Pield Heath Road,Uxbridge,UB8 3NW,Not applicable,Roman Catholic,,0,,,0,51.528025,-0.466351,Pield Heath House RC School,210.0,D,Ofsted Good,http://www.pieldheathschool.org.uk?utm_source=snobe-co-uk&utm_medium=school-profile&utm_campaign=organic,2026-03-19,25.0,95.0,0.0,,,,,60.0,5.0,0,,,,False
https://snobe.co.uk/schools/st-bernadette-catholic-primary-school,102423,St Bernadette Catholic Primary School,Hillingdon,160 Long Lane,Uxbridge,UB10 0EH,Primary,Roman Catholic,56.0,129,45.0,34.883721,230,51.539642,-0.451209,St Bernadette Catholic Primary School,56.0,C+,Ofsted Good,http://www.stbernadetteschool.co.uk?utm_source=snobe-co-uk&utm_medium=school-profile&utm_campaign=organic,2026-03-19,10.1,53.2,45.0,56.0,10.1,56.0,45.0,60.0,5.0,56,,,Hillingdon,True
https://snobe.co.uk/schools/st-bernadette-catholic-primary-school,102423,St Bernadette Catholic Primary School,Hillingdon,160 Long Lane,Uxbridge,UB10 0EH,Primary,Roman Catholic,56.0,127,45.0,34.883721,231,51.539642,-0.451209,St Bernadette Catholic Primary School,56.0,C+,Ofsted Good,http://www.stbernadetteschool.co.uk?utm_source=snobe-co-uk&utm_medium=school-profile&utm_campaign=organic,2026-03-19,10.1,53.2,45.0,56.0,10.1,56.0,45.0,60.0,5.0,55,,,Hillingdon,True
https://snobe.co.uk/schools/st-bernadette-catholic-primary-school,102423,St Bernadette Catholic Primary School,Hillingdon,160 Long Lane,Uxbridge,UB10 0EH,Primary,Roman Catholic,56.0,138,45.0,34.883721,265,51.539642,-0.451209,St Bernadette Catholic Primary School,56.0,C+,Ofsted Good,http://www.stbernadetteschool.co.uk?utm_source=snobe-co-uk&utm_medium=school-profile&utm_campaign=organic,2026-03-19,10.1,53.2,45.0,56.0,10.1,56.0,45.0,60.0,5.0,52,,,Hillingdon,True
https://snobe.co.uk/schools/st-bernadette-catholic-primary-school,102423,St Bernadette Catholic Primary School,Hillingdon,160 Long Lane,Uxbridge,UB10 0EH,Primary,Roman Catholic,56.0,155,45.0,34.883721,258,51.539642,-0.451209,St Bernadette Catholic Primary School,56.0,C+,Ofsted Good,http://www.stbernadetteschool.co.uk?utm_source=snobe-co-uk&utm_medium=school-profile&utm_campaign=organic,2026-03-19,10.1,53.2,45.0,56.0,10.1,56.0,45.0,60.0,5.0,60,,,Hillingdon,True
https://snobe.co.uk/schools/st-bernadette-catholic-primary-school,102423,St Bernadette Catholic Primary School,Hillingdon,160 Long Lane,Uxbridge,UB10 0EH,Primary,Roman Catholic,56.0,151,45.0,34.883721,343,51.539642,-0.451209,St Bernadette Catholic Primary School,56.0,C+,Ofsted Good,http://www.stbernadetteschool.co.uk?utm_source=snobe-co-uk&utm_medium=school-profile&utm_campaign=organic,2026-03-19,10.1,53.2,45.0,56.0,10.1,56.0,45.0,60.0,5.0,44,,,Hillingdon,True
https://snobe.co.uk/schools/st-bernadette-catholic-primary-school,102423,St Bernadette Catholic Primary School,Hillingdon,160 Long Lane,Uxbridge,UB10 0EH,Primary,Roman Catholic,56.0,157,45.0,34.883721,314,51.539642,-0.451209,St Bernadette Catholic Primary School,56.0,C+,Ofsted Good,http://www.stbernadetteschool.co.uk?utm_source=snobe-co-uk&utm_medium=school-profile&utm_campaign=organic,2026-03-19,10.1,53.2,45.0,56.0,10.1,56.0,45.0,60.0,5.0,50,,,Hillingdon,True
https://snobe.co.uk/schools/st-bernadette-catholic-primary-school,102423,St Bernadette Catholic Primary School,Hillingdon,160 Long Lane,Uxbridge,UB10 0EH,Primary,Roman Catholic,56.0,143,45.0,34.883721,238,51.539642,-0.451209,St Bernadette Catholic Primary School,56.0,C+,Ofsted Good,http://www.stbernadetteschool.co.uk?utm_source=snobe-co-uk&utm_medium=school-profile&utm_campaign=organic,2026-03-19,10.1,53.2,45.0,56.0,10.1,56.0,45.0,60.0,5.0,60,,,Hillingdon,True
https://snobe.co.uk/schools/st-bernadette-catholic-primary-school,102423,St Bernadette Catholic Primary School,Hillingdon,160 Long Lane,Uxbridge,UB10 0EH,Primary,Roman Catholic,56.0,180,45.0,34.883721,316,51.539642,-0.451209,St Bernadette Catholic Primary School,56.0,C+,Ofsted Good,http://www.stbernadetteschool.co.uk?utm_source=snobe-co-uk&utm_medium=school-profile&utm_campaign=organic,2026-03-19,10.1,53.2,45.0,56.0,10.1,56.0,45.0,60.0,5.0,57,,,Hillingdon,True
https://snobe.co.uk/schools/st-bernadette-catholic-primary-school,102423,St Bernadette Catholic Primary School,Hillingdon,160 Long Lane,Uxbridge,UB10 0EH,Primary,Roman Catholic,56.0,181,45.0,34.883721,302,51.539642,-0.451209,St Bernadette Catholic Primary School,56.0,C+,Ofsted Good,http://www.stbernadetteschool.co.uk?utm_source=snobe-co-uk&utm_medium=school-profile&utm_campaign=organic,2026-03-19,10.1,53.2,45.0,56.0,10.1,56.0,45.0,60.0,5.0,60,,,Hillingdon,True
https://snobe.co.uk/schools/st-bernadette-catholic-primary-school,102423,St Bernadette Catholic Primary School,Hillingdon,160 Long Lane,Uxbridge,UB10 0EH,Primary,Roman Catholic,56.0,202,45.0,34.883721,337,51.539642,-0.451209,St Bernadette Catholic Primary School,56.0,C+,Ofsted Good,http://www.stbernadetteschool.co.uk?utm_source=snobe-co-uk&utm_medium=school-profile&utm_campaign=organic,2026-03-19,10.1,53.2,45.0,56.0,10.1,56.0,45.0,60.0,5.0,60,,,Hillingdon,True
https://snobe.co.uk/schools/st-bernadette-catholic-primary-school,102423,St Bernadette Catholic Primary School,Hillingdon,160 Long Lane,Uxbridge,UB10 0EH,Primary,Roman Catholic,56.0,219,45.0,34.883721,359,51.539642,-0.451209,St Bernadette Catholic Primary School,56.0,C+,Ofsted Good,http://www.stbernadetteschool.co.uk?utm_source=snobe-co-uk&utm_medium=school-profile&utm_campaign=organic,2026-03-19,10.1,53.2,45.0,56.0,10.1,56.0,45.0,60.0,5.0,61,,,Hillingdon,True
https://snobe.co.uk/schools/st-bernadette-catholic-primary-school,102423,St Bernadette Catholic Primary School,Hillingdon,160 Long Lane,Uxbridge,UB10 0EH,Primary,Roman Catholic,56.0,216,45.0,34.883721,360,51.539642,-0.451209,St Bernadette Catholic Primary School,56.0,C+,Ofsted Good,http://www.stbernadetteschool.co.uk?utm_source=snobe-co-uk&utm_medium=school-profile&utm_campaign=organic,2026-03-19,10.1,53.2,45.0,56.0,10.1,56.0,45.0,60.0,5.0,60,,,Hillingdon,True
https://snobe.co.uk/schools/st-catherine-catholic-primary-school,102424,St Catherine Catholic Primary School,Hillingdon,Money Lane,West Drayton,UB7 7NX,Primary,Roman Catholic,30.0,87,27.0,31.034483,290,51.503882,-0.478832,St Catherine Catholic Primary School,30.0,A,Ofsted Good,https://files.ofsted.gov.uk/v1/file/50238555,2026-03-19,22.4,28.5,27.0,30.0,22.4,30.0,27.0,60.0,5.0,30,,,Hillingdon,True
https://snobe.co.uk/schools/st-catherine-catholic-primary-school,102424,St Catherine Catholic Primary School,Hillingdon,Money Lane,West Drayton,UB7 7NX,Primary,Roman Catholic,30.0,82,27.0,31.034483,273,51.503882,-0.478832,St Catherine Catholic Primary School,30.0,A,Ofsted Good,https://files.ofsted.gov.uk/v1/file/50238555,2026-03-19,22.4,28.5,27.0,30.0,22.4,30.0,27.0,60.0,5.0,30,,,Hillingdon,True
https://snobe.co.uk/schools/st-catherine-catholic-primary-school,102424,St Catherine Catholic Primary School,Hillingdon,Money Lane,West Drayton,UB7 7NX,Primary,Roman Catholic,30.0,66,27.0,31.034483,236,51.503882,-0.478832,St Catherine Catholic Primary School,30.0,A,Ofsted Good,https://files.ofsted.gov.uk/v1/file/50238555,2026-03-19,22.4,28.5,27.0,30.0,22.4,30.0,27.0,60.0,5.0,28,,,Hillingdon,True
https://snobe.co.uk/schools/st-catherine-catholic-primary-school,102424,St Catherine Catholic Primary School,Hillingdon,Money Lane,West Drayton,UB7 7NX,Primary,Roman Catholic,30.0,84,27.0,31.034483,280,51.503882,-0.478832,St Catherine Catholic Primary School,30.0,A,Ofsted Good,https://files.ofsted.gov.uk/v1/file/50238555,2026-03-19,22.4,28.5,27.0,30.0,22.4,30.0,27.0,60.0,5.0,30,,,Hillingdon,True
https://snobe.co.uk/schools/st-catherine-catholic-primary-school,102424,St Catherine Catholic Primary School,Hillingdon,Money Lane,West Drayton,UB7 7NX,Primary,Roman Catholic,30.0,109,27.0,31.034483,363,51.503882,-0.478832,St Catherine Catholic Primary School,30.0,A,Ofsted Good,https://files.ofsted.gov.uk/v1/file/50238555,2026-03-19,22.4,28.5,27.0,30.0,22.4,30.0,27.0,60.0,5.0,30,,,Hillingdon,True
https://snobe.co.uk/schools/st-catherine-catholic-primary-school,102424,St Catherine Catholic Primary School,Hillingdon,Money Lane,West Drayton,UB7 7NX,Primary,Roman Catholic,30.0,123,27.0,31.034483,410,51.503882,-0.478832,St Catherine Catholic Primary School,30.0,A,Ofsted Good,https://files.ofsted.gov.uk/v1/file/50238555,2026-03-19,22.4,28.5,27.0,30.0,22.4,30.0,27.0,60.0,5.0,30,,,Hillingdon,True
https://snobe.co.uk/schools/st-catherine-catholic-primary-school,102424,St Catherine Catholic Primary School,Hillingdon,Money Lane,West Drayton,UB7 7NX,Primary,Roman Catholic,30.0,104,27.0,31.034483,347,51.503882,-0.478832,St Catherine Catholic Primary School,30.0,A,Ofsted Good,https://files.ofsted.gov.uk/v1/file/50238555,2026-03-19,22.4,28.5,27.0,30.0,22.4,30.0,27.0,60.0,5.0,30,,,Hillingdon,True
https://snobe.co.uk/schools/st-catherine-catholic-primary-school,102424,St Catherine Catholic Primary School,Hillingdon,Money Lane,West Drayton,UB7 7NX,Primary,Roman Catholic,30.0,122,27.0,31.034483,421,51.503882,-0.478832,St Catherine Catholic Primary School,30.0,A,Ofsted Good,https://files.ofsted.gov.uk/v1/file/50238555,2026-03-19,22.4,28.5,27.0,30.0,22.4,30.0,27.0,60.0,5.0,29,,,Hillingdon,True
https://snobe.co.uk/schools/st-catherine-catholic-primary-school,102424,St Catherine Catholic Primary School,Hillingdon,Money Lane,West Drayton,UB7 7NX,Primary,Roman Catholic,30.0,120,27.0,31.034483,400,51.503882,-0.478832,St Catherine Catholic Primary School,30.0,A,Ofsted Good,https://files.ofsted.gov.uk/v1/file/50238555,2026-03-19,22.4,28.5,27.0,30.0,22.4,30.0,27.0,60.0,5.0,30,,,Hillingdon,True
https://snobe.co.uk/schools/st-catherine-catholic-primary-school,102424,St Catherine Catholic Primary School,Hillingdon,Money Lane,West Drayton,UB7 7NX,Primary,Roman Catholic,30.0,145,27.0,31.034483,483,51.503882,-0.478832,St Catherine Catholic Primary School,30.0,A,Ofsted Good,https://files.ofsted.gov.uk/v1/file/50238555,2026-03-19,22.4,28.5,27.0,30.0,22.4,30.0,27.0,60.0,5.0,30,,,Hillingdon,True
https://snobe.co.uk/schools/st-catherine-catholic-primary-school,102424,St Catherine Catholic Primary School,Hillingdon,Money Lane,West Drayton,UB7 7NX,Primary,Roman Catholic,30.0,110,27.0,31.034483,355,51.503882,-0.478832,St Catherine Catholic Primary School,30.0,A,Ofsted Good,https://files.ofsted.gov.uk/v1/file/50238555,2026-03-19,22.4,28.5,27.0,30.0,22.4,30.0,27.0,60.0,5.0,31,,,Hillingdon,True
https://snobe.co.uk/schools/st-catherine-catholic-primary-school,102424,St Catherine Catholic Primary School,Hillingdon,Money Lane,West Drayton,UB7 7NX,Primary,Roman Catholic,30.0,151,27.0,31.034483,503,51.503882,-0.478832,St Catherine Catholic Primary School,30.0,A,Ofsted Good,https://files.ofsted.gov.uk/v1/file/50238555,2026-03-19,22.4,28.5,27.0,30.0,22.4,30.0,27.0,60.0,5.0,30,,,Hillingdon,True
https://snobe.co.uk/schools/st-swithun-wells-catholic-primary-school,102421,St Swithun Wells Catholic Primary School,Hillingdon,Hunters Hill,Ruislip,HA4 9HS,Primary,Roman Catholic,28.0,82,26.0,31.707317,293,51.56415,-0.392045,St Swithun Wells Catholic Primary School,28.0,C+,Ofsted Good,http://www.st-swithunwells.hillingdon.sch.uk?utm_source=snobe-co-uk&utm_medium=school-profile&utm_campaign=organic,2026-03-19,3.4,26.6,26.0,28.0,3.4,28.0,26.0,60.0,5.0,28,,,Hillingdon,True
https://snobe.co.uk/schools/st-swithun-wells-catholic-primary-school,102421,St Swithun Wells Catholic Primary School,Hillingdon,Hunters Hill,Ruislip,HA4 9HS,Primary,Roman Catholic,28.0,78,26.0,31.707317,289,51.56415,-0.392045,St Swithun Wells Catholic Primary School,28.0,C+,Ofsted Good,http://www.st-swithunwells.hillingdon.sch.uk?utm_source=snobe-co-uk&utm_medium=school-profile&utm_campaign=organic,2026-03-19,3.4,26.6,26.0,28.0,3.4,28.0,26.0,60.0,5.0,27,,,Hillingdon,True
https://snobe.co.uk/schools/st-swithun-wells-catholic-primary-school,102421,St Swithun Wells Catholic Primary School,Hillingdon,Hunters Hill,Ruislip,HA4 9HS,Primary,Roman Catholic,28.0,96,26.0,31.707317,343,51.56415,-0.392045,St Swithun Wells Catholic Primary School,28.0,C+,Ofsted Good,http://www.st-swithunwells.hillingdon.sch.uk?utm_source=snobe-co-uk&utm_medium=school-profile&utm_campaign=organic,2026-03-19,3.4,26.6,26.0,28.0,3.4,28.0,26.0,60.0,5.0,28,,,Hillingdon,True
https://snobe.co.uk/schools/st-swithun-wells-catholic-primary-school,102421,St Swithun Wells Catholic Primary School,Hillingdon,Hunters Hill,Ruislip,HA4 9HS,Primary,Roman Catholic,28.0,96,26.0,31.707317,320,51.56415,-0.392045,St Swithun Wells Catholic Primary School,28.0,C+,Ofsted Good,http://www.st-swithunwells.hillingdon.sch.uk?utm_source=snobe-co-uk&utm_medium=school-profile&utm_campaign=organic,2026-03-19,3.4,26.6,26.0,28.0,3.4,28.0,26.0,60.0,5.0,30,,,Hillingdon,True
https://snobe.co.uk/schools/st-swithun-wells-catholic-primary-school,102421,St Swithun Wells Catholic Primary School,Hillingdon,Hunters Hill,Ruislip,HA4 9HS,Primary,Roman Catholic,28.0,89,26.0,31.707317,297,51.56415,-0.392045,St Swithun Wells Catholic Primary School,28.0,C+,Ofsted Good,http://www.st-swithunwells.hillingdon.sch.uk?utm_source=snobe-co-uk&utm_medium=school-profile&utm_campaign=organic,2026-03-19,3.4,26.6,26.0,28.0,3.4,28.0,26.0,60.0,5.0,30,,,Hillingdon,True
https://snobe.co.uk/schools/st-swithun-wells-catholic-primary-school,102421,St Swithun Wells Catholic Primary School,Hillingdon,Hunters Hill,Ruislip,HA4 9HS,Primary,Roman Catholic,28.0,101,26.0,31.707317,337,51.56415,-0.392045,St Swithun Wells Catholic Primary School,28.0,C+,Ofsted Good,http://www.st-swithunwells.hillingdon.sch.uk?utm_source=snobe-co-uk&utm_medium=school-profile&utm_campaign=organic,2026-03-19,3.4,26.6,26.0,28.0,3.4,28.0,26.0,60.0,5.0,30,,,Hillingdon,True
https://snobe.co.uk/schools/st-swithun-wells-catholic-primary-school,102421,St Swithun Wells Catholic Primary School,Hillingdon,Hunters Hill,Ruislip,HA4 9HS,Primary,Roman Catholic,28.0,125,26.0,31.707317,431,51.56415,-0.392045,St Swithun Wells Catholic Primary School,28.0,C+,Ofsted Good,http://www.st-swithunwells.hillingdon.sch.uk?utm_source=snobe-co-uk&utm_medium=school-profile&utm_campaign=organic,2026-03-19,3.4,26.6,26.0,28.0,3.4,28.0,26.0,60.0,5.0,29,,,Hillingdon,True
https://snobe.co.uk/schools/st-swithun-wells-catholic-primary-school,102421,St Swithun Wells Catholic Primary School,Hillingdon,Hunters Hill,Ruislip,HA4 9HS,Primary,Roman Catholic,28.0,120,26.0,31.707317,414,51.56415,-0.392045,St Swithun Wells Catholic Primary School,28.0,C+,Ofsted Good,http://www.st-swithunwells.hillingdon.sch.uk?utm_source=snobe-co-uk&utm_medium=school-profile&utm_campaign=organic,2026-03-19,3.4,26.6,26.0,28.0,3.4,28.0,26.0,60.0,5.0,29,,,Hillingdon,True
https://snobe.co.uk/schools/st-swithun-wells-catholic-primary-school,102421,St Swithun Wells Catholic Primary School,Hillingdon,Hunters Hill,Ruislip,HA4 9HS,Primary,Roman Catholic,28.0,130,26.0,31.707317,433,51.56415,-0.392045,St Swithun Wells Catholic Primary School,28.0,C+,Ofsted Good,http://www.st-swithunwells.hillingdon.sch.uk?utm_source=snobe-co-uk&utm_medium=school-profile&utm_campaign=organic,2026-03-19,3.4,26.6,26.0,28.0,3.4,28.0,26.0,60.0,5.0,30,,,Hillingdon,True
https://snobe.co.uk/schools/st-swithun-wells-catholic-primary-school,102421,St Swithun Wells Catholic Primary School,Hillingdon,Hunters Hill,Ruislip,HA4 9HS,Primary,Roman Catholic,28.0,133,26.0,31.707317,443,51.56415,-0.392045,St Swithun Wells Catholic Primary School,28.0,C+,Ofsted Good,http://www.st-swithunwells.hillingdon.sch.uk?utm_source=snobe-co-uk&utm_medium=school-profile&utm_campaign=organic,2026-03-19,3.4,26.6,26.0,28.0,3.4,28.0,26.0,60.0,5.0,30,,,Hillingdon,True
https://snobe.co.uk/schools/st-swithun-wells-catholic-primary-school,102421,St Swithun Wells Catholic Primary School,Hillingdon,Hunters Hill,Ruislip,HA4 9HS,Primary,Roman Catholic,28.0,134,26.0,31.707317,447,51.56415,-0.392045,St Swithun Wells Catholic Primary School,28.0,C+,Ofsted Good,http://www.st-swithunwells.hillingdon.sch.uk?utm_source=snobe-co-uk&utm_medium=school-profile&utm_campaign=organic,2026-03-19,3.4,26.6,26.0,28.0,3.4,28.0,26.0,60.0,5.0,30,,,Hillingdon,True
https://snobe.co.uk/schools/st-swithun-wells-catholic-primary-school,102421,St Swithun Wells Catholic Primary School,Hillingdon,Hunters Hill,Ruislip,HA4 9HS,Primary,Roman Catholic,28.0,112,26.0,31.707317,386,51.56415,-0.392045,St Swithun Wells Catholic Primary School,28.0,C+,Ofsted Good,http://www.st-swithunwells.hillingdon.sch.uk?utm_source=snobe-co-uk&utm_medium=school-profile&utm_campaign=organic,2026-03-19,3.4,26.6,26.0,28.0,3.4,28.0,26.0,60.0,5.0,29,,,Hillingdon,True
https://snobe.co.uk/schools/douay-martyrs-catholic-school,102448,The Douay Martyrs Catholic School,Hillingdon,Edinburgh Drive,Uxbridge,UB10 8QY,Secondary,Roman Catholic,235.0,682,128.0,18.768328,68200,51.559965,-0.444416,The Douay Martyrs Catholic School,210.0,B-,Ofsted Good,http://www.douaymartyrs.co.uk/?utm_source=snobe-co-uk&utm_medium=school-profile&utm_campaign=organic,2026-03-19,25.0,223.25,0.0,,,,,60.0,5.0,0,,,,True
https://snobe.co.uk/schools/gumley-house-rc-convent-school-fcj,102544,"Gumley House RC Convent School, FCJ",Hounslow,St John's Road,Isleworth,TW7 6XF,Secondary,Roman Catholic,153.0,454,76.0,16.740088,45400,51.469083,-0.330281,"Gumley House RC Convent School, FCJ",210.0,B+,Ofsted Good,https://www.gumleyhouse.com/?utm_source=snobe-co-uk&utm_medium=school-profile&utm_campaign=organic,2026-03-19,25.0,145.35,0.0,,,,,58.0,6.0,0,,,,True
https://snobe.co.uk/schools/gunnersbury-catholic-school,102545,Gunnersbury Catholic School,Hounslow,The Ride,Brentford,TW8 9LB,Secondary,Roman Catholic,184.0,631,104.0,16.481775,343,51.492346,-0.316366,Gunnersbury Catholic School,184.0,A,Ofsted Outstanding,http://www.gunnersbury.com/?utm_source=snobe-co-uk&utm_medium=school-profile&utm_campaign=organic,2026-03-19,14.2,174.79999999999998,104.0,184.0,14.2,184.0,104.0,58.0,6.0,184,,,Hounslow,True
https://snobe.co.uk/schools/gunnersbury-catholic-school,102545,Gunnersbury Catholic School,Hounslow,The Ride,Brentford,TW8 9LB,Secondary,Roman Catholic,184.0,569,104.0,16.481775,309,51.492346,-0.316366,Gunnersbury Catholic School,184.0,A,Ofsted Outstanding,http://www.gunnersbury.com/?utm_source=snobe-co-uk&utm_medium=school-profile&utm_campaign=organic,2026-03-19,14.2,174.79999999999998,104.0,184.0,14.2,184.0,104.0,58.0,6.0,184,,,Hounslow,True
https://snobe.co.uk/schools/gunnersbury-catholic-school,102545,Gunnersbury Catholic School,Hounslow,The Ride,Brentford,TW8 9LB,Secondary,Roman Catholic,184.0,574,104.0,16.481775,312,51.492346,-0.316366,Gunnersbury Catholic School,184.0,A,Ofsted Outstanding,http://www.gunnersbury.com/?utm_source=snobe-co-uk&utm_medium=school-profile&utm_campaign=organic,2026-03-19,14.2,174.79999999999998,104.0,184.0,14.2,184.0,104.0,58.0,6.0,184,,,Hounslow,True
https://snobe.co.uk/schools/gunnersbury-catholic-school,102545,Gunnersbury Catholic School,Hounslow,The Ride,Brentford,TW8 9LB,Secondary,Roman Catholic,184.0,564,104.0,16.481775,310,51.492346,-0.316366,Gunnersbury Catholic School,184.0,A,Ofsted Outstanding,http://www.gunnersbury.com/?utm_source=snobe-co-uk&utm_medium=school-profile&utm_campaign=organic,2026-03-19,14.2,174.79999999999998,104.0,184.0,14.2,184.0,104.0,58.0,6.0,182,,,Hounslow,True
https://snobe.co.uk/schools/gunnersbury-catholic-school,102545,Gunnersbury Catholic School,Hounslow,The Ride,Brentford,TW8 9LB,Secondary,Roman Catholic,184.0,695,104.0,16.481775,378,51.492346,-0.316366,Gunnersbury Catholic School,184.0,A,Ofsted Outstanding,http://www.gunnersbury.com/?utm_source=snobe-co-uk&utm_medium=school-profile&utm_campaign=organic,2026-03-19,14.2,174.79999999999998,104.0,184.0,14.2,184.0,104.0,58.0,6.0,184,,,Hounslow,True
https://snobe.co.uk/schools/gunnersbury-catholic-school,102545,Gunnersbury Catholic School,Hounslow,The Ride,Brentford,TW8 9LB,Secondary,Roman Catholic,184.0,699,104.0,16.481775,388,51.492346,-0.316366,Gunnersbury Catholic School,184.0,A,Ofsted Outstanding,http://www.gunnersbury.com/?utm_source=snobe-co-uk&utm_medium=school-profile&utm_campaign=organic,2026-03-19,14.2,174.79999999999998,104.0,184.0,14.2,184.0,104.0,58.0,6.0,180,,,Hounslow,True
https://snobe.co.uk/schools/gunnersbury-catholic-school,102545,Gunnersbury Catholic School,Hounslow,The Ride,Brentford,TW8 9LB,Secondary,Roman Catholic,184.0,735,104.0,16.481775,406,51.492346,-0.316366,Gunnersbury Catholic School,184.0,A,Ofsted Outstanding,http://www.gunnersbury.com/?utm_source=snobe-co-uk&utm_medium=school-profile&utm_campaign=organic,2026-03-19,14.2,174.79999999999998,104.0,184.0,14.2,184.0,104.0,58.0,6.0,181,,,Hounslow,True
https://snobe.co.uk/schools/gunnersbury-catholic-school,102545,Gunnersbury Catholic School,Hounslow,The Ride,Brentford,TW8 9LB,Secondary,Roman Catholic,184.0,873,104.0,16.481775,482,51.492346,-0.316366,Gunnersbury Catholic School,184.0,A,Ofsted Outstanding,http://www.gunnersbury.com/?utm_source=snobe-co-uk&utm_medium=school-profile&utm_campaign=organic,2026-03-19,14.2,174.79999999999998,104.0,184.0,14.2,184.0,104.0,58.0,6.0,181,,,Hounslow,True
https://snobe.co.uk/schools/gunnersbury-catholic-school,102545,Gunnersbury Catholic School,Hounslow,The Ride,Brentford,TW8 9LB,Secondary,Roman Catholic,184.0,894,104.0,16.481775,502,51.492346,-0.316366,Gunnersbury Catholic School,184.0,A,Ofsted Outstanding,http://www.gunnersbury.com/?utm_source=snobe-co-uk&utm_medium=school-profile&utm_campaign=organic,2026-03-19,14.2,174.79999999999998,104.0,184.0,14.2,184.0,104.0,58.0,6.0,178,,,Hounslow,True
https://snobe.co.uk/schools/gunnersbury-catholic-school,102545,Gunnersbury Catholic School,Hounslow,The Ride,Brentford,TW8 9LB,Secondary,Roman Catholic,184.0,776,104.0,16.481775,426,51.492346,-0.316366,Gunnersbury Catholic School,184.0,A,Ofsted Outstanding,http://www.gunnersbury.com/?utm_source=snobe-co-uk&utm_medium=school-profile&utm_campaign=organic,2026-03-19,14.2,174.79999999999998,104.0,184.0,14.2,184.0,104.0,58.0,6.0,182,,,Hounslow,True
https://snobe.co.uk/schools/gunnersbury-catholic-school,102545,Gunnersbury Catholic School,Hounslow,The Ride,Brentford,TW8 9LB,Secondary,Roman Catholic,184.0,700,104.0,16.481775,385,51.492346,-0.316366,Gunnersbury Catholic School,184.0,A,Ofsted Outstanding,http://www.gunnersbury.com/?utm_source=snobe-co-uk&utm_medium=school-profile&utm_campaign=organic,2026-03-19,14.2,174.79999999999998,104.0,184.0,14.2,184.0,104.0,58.0,6.0,182,,,Hounslow,True
https://snobe.co.uk/schools/gunnersbury-catholic-school,102545,Gunnersbury Catholic School,Hounslow,The Ride,Brentford,TW8 9LB,Secondary,Roman Catholic,184.0,657,104.0,16.481775,361,51.492346,-0.316366,Gunnersbury Catholic School,184.0,A,Ofsted Outstanding,http://www.gunnersbury.com/?utm_source=snobe-co-uk&utm_medium=school-profile&utm_campaign=organic,2026-03-19,14.2,174.79999999999998,104.0,184.0,14.2,184.0,104.0,58.0,6.0,182,,,Hounslow,True
https://snobe.co.uk/schools/our-lady-and-st-johns-catholic-primary-school,102526,Our Lady and St John's Catholic Primary School,Hounslow,Boston Park Road,Brentford,TW8 9JF,Primary,Roman Catholic,29.0,65,23.0,35.384615,224,51.489956,-0.310908,Our Lady and St John's Catholic Primary School,29.0,A,Ofsted Good,http://ourladyandstjohns.org.uk?utm_source=snobe-co-uk&utm_medium=school-profile&utm_campaign=organic,2026-03-19,16.0,27.55,23.0,29.0,16.0,29.0,23.0,58.0,6.0,29,,,Hounslow,True
https://snobe.co.uk/schools/our-lady-and-st-johns-catholic-primary-school,102526,Our Lady and St John's Catholic Primary School,Hounslow,Boston Park Road,Brentford,TW8 9JF,Primary,Roman Catholic,29.0,71,23.0,35.384615,237,51.489956,-0.310908,Our Lady and St John's Catholic Primary School,29.0,A,Ofsted Good,http://ourladyandstjohns.org.uk?utm_source=snobe-co-uk&utm_medium=school-profile&utm_campaign=organic,2026-03-19,16.0,27.55,23.0,29.0,16.0,29.0,23.0,58.0,6.0,30,,,Hounslow,True
https://snobe.co.uk/schools/our-lady-and-st-johns-catholic-primary-school,102526,Our Lady and St John's Catholic Primary School,Hounslow,Boston Park Road,Brentford,TW8 9JF,Primary,Roman Catholic,29.0,68,23.0,35.384615,252,51.489956,-0.310908,Our Lady and St John's Catholic Primary School,29.0,A,Ofsted Good,http://ourladyandstjohns.org.uk?utm_source=snobe-co-uk&utm_medium=school-profile&utm_campaign=organic,2026-03-19,16.0,27.55,23.0,29.0,16.0,29.0,23.0,58.0,6.0,27,,,Hounslow,True
https://snobe.co.uk/schools/our-lady-and-st-johns-catholic-primary-school,102526,Our Lady and St John's Catholic Primary School,Hounslow,Boston Park Road,Brentford,TW8 9JF,Primary,Roman Catholic,29.0,65,23.0,35.384615,250,51.489956,-0.310908,Our Lady and St John's Catholic Primary School,29.0,A,Ofsted Good,http://ourladyandstjohns.org.uk?utm_source=snobe-co-uk&utm_medium=school-profile&utm_campaign=organic,2026-03-19,16.0,27.55,23.0,29.0,16.0,29.0,23.0,58.0,6.0,26,,,Hounslow,True
https://snobe.co.uk/schools/our-lady-and-st-johns-catholic-primary-school,102526,Our Lady and St John's Catholic Primary School,Hounslow,Boston Park Road,Brentford,TW8 9JF,Primary,Roman Catholic,29.0,76,23.0,35.384615,253,51.489956,-0.310908,Our Lady and St John's Catholic Primary School,29.0,A,Ofsted Good,http://ourladyandstjohns.org.uk?utm_source=snobe-co-uk&utm_medium=school-profile&utm_campaign=organic,2026-03-19,16.0,27.55,23.0,29.0,16.0,29.0,23.0,58.0,6.0,30,,,Hounslow,True
https://snobe.co.uk/schools/our-lady-and-st-johns-catholic-primary-school,102526,Our Lady and St John's Catholic Primary School,Hounslow,Boston Park Road,Brentford,TW8 9JF,Primary,Roman Catholic,29.0,93,23.0,35.384615,310,51.489956,-0.310908,Our Lady and St John's Catholic Primary School,29.0,A,Ofsted Good,http://ourladyandstjohns.org.uk?utm_source=snobe-co-uk&utm_medium=school-profile&utm_campaign=organic,2026-03-19,16.0,27.55,23.0,29.0,16.0,29.0,23.0,58.0,6.0,30,,,Hounslow,True
https://snobe.co.uk/schools/our-lady-and-st-johns-catholic-primary-school,102526,Our Lady and St John's Catholic Primary School,Hounslow,Boston Park Road,Brentford,TW8 9JF,Primary,Roman Catholic,29.0,70,23.0,35.384615,233,51.489956,-0.310908,Our Lady and St John's Catholic Primary School,29.0,A,Ofsted Good,http://ourladyandstjohns.org.uk?utm_source=snobe-co-uk&utm_medium=school-profile&utm_campaign=organic,2026-03-19,16.0,27.55,23.0,29.0,16.0,29.0,23.0,58.0,6.0,30,,,Hounslow,True
https://snobe.co.uk/schools/our-lady-and-st-johns-catholic-primary-school,102526,Our Lady and St John's Catholic Primary School,Hounslow,Boston Park Road,Brentford,TW8 9JF,Primary,Roman Catholic,29.0,98,23.0,35.384615,327,51.489956,-0.310908,Our Lady and St John's Catholic Primary School,29.0,A,Ofsted Good,http://ourladyandstjohns.org.uk?utm_source=snobe-co-uk&utm_medium=school-profile&utm_campaign=organic,2026-03-19,16.0,27.55,23.0,29.0,16.0,29.0,23.0,58.0,6.0,30,,,Hounslow,True
https://snobe.co.uk/schools/our-lady-and-st-johns-catholic-primary-school,102526,Our Lady and St John's Catholic Primary School,Hounslow,Boston Park Road,Brentford,TW8 9JF,Primary,Roman Catholic,29.0,84,23.0,35.384615,280,51.489956,-0.310908,Our Lady and St John's Catholic Primary School,29.0,A,Ofsted Good,http://ourladyandstjohns.org.uk?utm_source=snobe-co-uk&utm_medium=school-profile&utm_campaign=organic,2026-03-19,16.0,27.55,23.0,29.0,16.0,29.0,23.0,58.0,6.0,30,,,Hounslow,True
https://snobe.co.uk/schools/our-lady-and-st-johns-catholic-primary-school,102526,Our Lady and St John's Catholic Primary School,Hounslow,Boston Park Road,Brentford,TW8 9JF,Primary,Roman Catholic,29.0,105,23.0,35.384615,350,51.489956,-0.310908,Our Lady and St John's Catholic Primary School,29.0,A,Ofsted Good,http://ourladyandstjohns.org.uk?utm_source=snobe-co-uk&utm_medium=school-profile&utm_campaign=organic,2026-03-19,16.0,27.55,23.0,29.0,16.0,29.0,23.0,58.0,6.0,30,,,Hounslow,True
https://snobe.co.uk/schools/our-lady-and-st-johns-catholic-primary-school,102526,Our Lady and St John's Catholic Primary School,Hounslow,Boston Park Road,Brentford,TW8 9JF,Primary,Roman Catholic,29.0,119,23.0,35.384615,397,51.489956,-0.310908,Our Lady and St John's Catholic Primary School,29.0,A,Ofsted Good,http://ourladyandstjohns.org.uk?utm_source=snobe-co-uk&utm_medium=school-profile&utm_campaign=organic,2026-03-19,16.0,27.55,23.0,29.0,16.0,29.0,23.0,58.0,6.0,30,,,Hounslow,True
https://snobe.co.uk/schools/our-lady-and-st-johns-catholic-primary-school,102526,Our Lady and St John's Catholic Primary School,Hounslow,Boston Park Road,Brentford,TW8 9JF,Primary,Roman Catholic,29.0,106,23.0,35.384615,366,51.489956,-0.310908,Our Lady and St John's Catholic Primary School,29.0,A,Ofsted Good,http://ourladyandstjohns.org.uk?utm_source=snobe-co-uk&utm_medium=school-profile&utm_campaign=organic,2026-03-19,16.0,27.55,23.0,29.0,16.0,29.0,23.0,58.0,6.0,29,,,Hounslow,True
https://snobe.co.uk/schools/st-marks-catholic-school,102543,St Mark's Catholic School,Hounslow,106 Bath Road,Hounslow,TW3 3EJ,Secondary,Roman Catholic,180.0,1029,168.0,16.326531,102900,51.468416,-0.374967,St Mark's Catholic School,210.0,A-,Ofsted Outstanding,http://www.st-marks.hounslow.sch.uk/?utm_source=snobe-co-uk&utm_medium=school-profile&utm_campaign=organic,2026-03-19,25.0,171.0,0.0,,,,,58.0,6.0,0,,,,True
https://snobe.co.uk/schools/st-marys-catholic-primary-school-chiswick,102529,"St Mary's Catholic Primary School ,Chiswick",Hounslow,Duke Road,London,W4 2DF,Primary,Roman Catholic,30.0,84,8.0,9.52381,280,51.488933,-0.258169,"St Mary's Catholic Primary School ,Chiswick",30.0,A-,Ofsted Good,https://www.stmaryschiswick.org.uk/?utm_source=snobe-co-uk&utm_medium=school-profile&utm_campaign=organic,2026-03-19,6.7,28.5,8.0,28.0,6.7,30.0,8.0,58.0,6.0,30,,,Hounslow,True
https://snobe.co.uk/schools/st-marys-catholic-primary-school-chiswick,102529,"St Mary's Catholic Primary School ,Chiswick",Hounslow,Duke Road,London,W4 2DF,Primary,Roman Catholic,30.0,85,8.0,9.52381,327,51.488933,-0.258169,"St Mary's Catholic Primary School ,Chiswick",30.0,A-,Ofsted Good,https://www.stmaryschiswick.org.uk/?utm_source=snobe-co-uk&utm_medium=school-profile&utm_campaign=organic,2026-03-19,6.7,28.5,8.0,28.0,6.7,30.0,8.0,58.0,6.0,26,,,Hounslow,True
https://snobe.co.uk/schools/st-marys-catholic-primary-school-chiswick,102529,"St Mary's Catholic Primary School ,Chiswick",Hounslow,Duke Road,London,W4 2DF,Primary,Roman Catholic,30.0,89,8.0,9.52381,342,51.488933,-0.258169,"St Mary's Catholic Primary School ,Chiswick",30.0,A-,Ofsted Good,https://www.stmaryschiswick.org.uk/?utm_source=snobe-co-uk&utm_medium=school-profile&utm_campaign=organic,2026-03-19,6.7,28.5,8.0,28.0,6.7,30.0,8.0,58.0,6.0,26,,,Hounslow,True
https://snobe.co.uk/schools/st-marys-catholic-primary-school-chiswick,102529,"St Mary's Catholic Primary School ,Chiswick",Hounslow,Duke Road,London,W4 2DF,Primary,Roman Catholic,30.0,85,8.0,9.52381,283,51.488933,-0.258169,"St Mary's Catholic Primary School ,Chiswick",30.0,A-,Ofsted Good,https://www.stmaryschiswick.org.uk/?utm_source=snobe-co-uk&utm_medium=school-profile&utm_campaign=organic,2026-03-19,6.7,28.5,8.0,28.0,6.7,30.0,8.0,58.0,6.0,30,,,Hounslow,True
https://snobe.co.uk/schools/st-marys-catholic-primary-school-chiswick,102529,"St Mary's Catholic Primary School ,Chiswick",Hounslow,Duke Road,London,W4 2DF,Primary,Roman Catholic,30.0,90,8.0,9.52381,300,51.488933,-0.258169,"St Mary's Catholic Primary School ,Chiswick",30.0,A-,Ofsted Good,https://www.stmaryschiswick.org.uk/?utm_source=snobe-co-uk&utm_medium=school-profile&utm_campaign=organic,2026-03-19,6.7,28.5,8.0,28.0,6.7,30.0,8.0,58.0,6.0,30,,,Hounslow,True
https://snobe.co.uk/schools/st-marys-catholic-primary-school-chiswick,102529,"St Mary's Catholic Primary School ,Chiswick",Hounslow,Duke Road,London,W4 2DF,Primary,Roman Catholic,30.0,95,8.0,9.52381,317,51.488933,-0.258169,"St Mary's Catholic Primary School ,Chiswick",30.0,A-,Ofsted Good,https://www.stmaryschiswick.org.uk/?utm_source=snobe-co-uk&utm_medium=school-profile&utm_campaign=organic,2026-03-19,6.7,28.5,8.0,28.0,6.7,30.0,8.0,58.0,6.0,30,,,Hounslow,True
https://snobe.co.uk/schools/st-marys-catholic-primary-school-chiswick,102529,"St Mary's Catholic Primary School ,Chiswick",Hounslow,Duke Road,London,W4 2DF,Primary,Roman Catholic,30.0,86,8.0,9.52381,287,51.488933,-0.258169,"St Mary's Catholic Primary School ,Chiswick",30.0,A-,Ofsted Good,https://www.stmaryschiswick.org.uk/?utm_source=snobe-co-uk&utm_medium=school-profile&utm_campaign=organic,2026-03-19,6.7,28.5,8.0,28.0,6.7,30.0,8.0,58.0,6.0,30,,,Hounslow,True
https://snobe.co.uk/schools/st-marys-catholic-primary-school-chiswick,102529,"St Mary's Catholic Primary School ,Chiswick",Hounslow,Duke Road,London,W4 2DF,Primary,Roman Catholic,30.0,118,8.0,9.52381,393,51.488933,-0.258169,"St Mary's Catholic Primary School ,Chiswick",30.0,A-,Ofsted Good,https://www.stmaryschiswick.org.uk/?utm_source=snobe-co-uk&utm_medium=school-profile&utm_campaign=organic,2026-03-19,6.7,28.5,8.0,28.0,6.7,30.0,8.0,58.0,6.0,30,,,Hounslow,True
https://snobe.co.uk/schools/st-marys-catholic-primary-school-chiswick,102529,"St Mary's Catholic Primary School ,Chiswick",Hounslow,Duke Road,London,W4 2DF,Primary,Roman Catholic,30.0,109,8.0,9.52381,363,51.488933,-0.258169,"St Mary's Catholic Primary School ,Chiswick",30.0,A-,Ofsted Good,https://www.stmaryschiswick.org.uk/?utm_source=snobe-co-uk&utm_medium=school-profile&utm_campaign=organic,2026-03-19,6.7,28.5,8.0,28.0,6.7,30.0,8.0,58.0,6.0,30,,,Hounslow,True
https://snobe.co.uk/schools/st-marys-catholic-primary-school-chiswick,102529,"St Mary's Catholic Primary School ,Chiswick",Hounslow,Duke Road,London,W4 2DF,Primary,Roman Catholic,30.0,124,8.0,9.52381,413,51.488933,-0.258169,"St Mary's Catholic Primary School ,Chiswick",30.0,A-,Ofsted Good,https://www.stmaryschiswick.org.uk/?utm_source=snobe-co-uk&utm_medium=school-profile&utm_campaign=organic,2026-03-19,6.7,28.5,8.0,28.0,6.7,30.0,8.0,58.0,6.0,30,,,Hounslow,True
https://snobe.co.uk/schools/st-marys-catholic-primary-school-chiswick,102529,"St Mary's Catholic Primary School ,Chiswick",Hounslow,Duke Road,London,W4 2DF,Primary,Roman Catholic,30.0,125,8.0,9.52381,417,51.488933,-0.258169,"St Mary's Catholic Primary School ,Chiswick",30.0,A-,Ofsted Good,https://www.stmaryschiswick.org.uk/?utm_source=snobe-co-uk&utm_medium=school-profile&utm_campaign=organic,2026-03-19,6.7,28.5,8.0,28.0,6.7,30.0,8.0,58.0,6.0,30,,,Hounslow,True
https://snobe.co.uk/schools/st-marys-catholic-primary-school-chiswick,102529,"St Mary's Catholic Primary School ,Chiswick",Hounslow,Duke Road,London,W4 2DF,Primary,Roman Catholic,30.0,113,8.0,9.52381,377,51.488933,-0.258169,"St Mary's Catholic Primary School ,Chiswick",30.0,A-,Ofsted Good,https://www.stmaryschiswick.org.uk/?utm_source=snobe-co-uk&utm_medium=school-profile&utm_campaign=organic,2026-03-19,6.7,28.5,8.0,28.0,6.7,30.0,8.0,58.0,6.0,30,,,Hounslow,True
https://snobe.co.uk/schools/st-marys-catholic-primary-school-isleworth,102528,"St Mary's Catholic Primary School, Isleworth",Hounslow,South Street,Isleworth,TW7 7EE,Primary,Roman Catholic,56.0,141,46.0,32.624113,252,51.469278,-0.327539,"St Mary's Catholic Primary School, Isleworth",56.0,B-,Ofsted Good,http://www.smi.hounslow.sch.uk?utm_source=snobe-co-uk&utm_medium=school-profile&utm_campaign=organic,2026-03-19,11.0,53.2,46.0,56.0,11.0,56.0,46.0,58.0,6.0,56,,,Hounslow,True
https://snobe.co.uk/schools/st-marys-catholic-primary-school-isleworth,102528,"St Mary's Catholic Primary School, Isleworth",Hounslow,South Street,Isleworth,TW7 7EE,Primary,Roman Catholic,56.0,152,46.0,32.624113,330,51.469278,-0.327539,"St Mary's Catholic Primary School, Isleworth",56.0,B-,Ofsted Good,http://www.smi.hounslow.sch.uk?utm_source=snobe-co-uk&utm_medium=school-profile&utm_campaign=organic,2026-03-19,11.0,53.2,46.0,56.0,11.0,56.0,46.0,58.0,6.0,46,,,Hounslow,True
https://snobe.co.uk/schools/st-marys-catholic-primary-school-isleworth,102528,"St Mary's Catholic Primary School, Isleworth",Hounslow,South Street,Isleworth,TW7 7EE,Primary,Roman Catholic,56.0,141,46.0,32.624113,307,51.469278,-0.327539,"St Mary's Catholic Primary School, Isleworth",56.0,B-,Ofsted Good,http://www.smi.hounslow.sch.uk?utm_source=snobe-co-uk&utm_medium=school-profile&utm_campaign=organic,2026-03-19,11.0,53.2,46.0,56.0,11.0,56.0,46.0,58.0,6.0,46,,,Hounslow,True
https://snobe.co.uk/schools/st-marys-catholic-primary-school-isleworth,102528,"St Mary's Catholic Primary School, Isleworth",Hounslow,South Street,Isleworth,TW7 7EE,Primary,Roman Catholic,56.0,159,46.0,32.624113,370,51.469278,-0.327539,"St Mary's Catholic Primary School, Isleworth",56.0,B-,Ofsted Good,http://www.smi.hounslow.sch.uk?utm_source=snobe-co-uk&utm_medium=school-profile&utm_campaign=organic,2026-03-19,11.0,53.2,46.0,56.0,11.0,56.0,46.0,58.0,6.0,43,,,Hounslow,True
https://snobe.co.uk/schools/st-marys-catholic-primary-school-isleworth,102528,"St Mary's Catholic Primary School, Isleworth",Hounslow,South Street,Isleworth,TW7 7EE,Primary,Roman Catholic,56.0,168,46.0,32.624113,305,51.469278,-0.327539,"St Mary's Catholic Primary School, Isleworth",56.0,B-,Ofsted Good,http://www.smi.hounslow.sch.uk?utm_source=snobe-co-uk&utm_medium=school-profile&utm_campaign=organic,2026-03-19,11.0,53.2,46.0,56.0,11.0,56.0,46.0,58.0,6.0,55,,,Hounslow,True
https://snobe.co.uk/schools/st-marys-catholic-primary-school-isleworth,102528,"St Mary's Catholic Primary School, Isleworth",Hounslow,South Street,Isleworth,TW7 7EE,Primary,Roman Catholic,56.0,165,46.0,32.624113,330,51.469278,-0.327539,"St Mary's Catholic Primary School, Isleworth",56.0,B-,Ofsted Good,http://www.smi.hounslow.sch.uk?utm_source=snobe-co-uk&utm_medium=school-profile&utm_campaign=organic,2026-03-19,11.0,53.2,46.0,56.0,11.0,56.0,46.0,58.0,6.0,50,,,Hounslow,True
https://snobe.co.uk/schools/st-marys-catholic-primary-school-isleworth,102528,"St Mary's Catholic Primary School, Isleworth",Hounslow,South Street,Isleworth,TW7 7EE,Primary,Roman Catholic,56.0,161,46.0,32.624113,268,51.469278,-0.327539,"St Mary's Catholic Primary School, Isleworth",56.0,B-,Ofsted Good,http://www.smi.hounslow.sch.uk?utm_source=snobe-co-uk&utm_medium=school-profile&utm_campaign=organic,2026-03-19,11.0,53.2,46.0,56.0,11.0,56.0,46.0,58.0,6.0,60,,,Hounslow,True
https://snobe.co.uk/schools/st-marys-catholic-primary-school-isleworth,102528,"St Mary's Catholic Primary School, Isleworth",Hounslow,South Street,Isleworth,TW7 7EE,Primary,Roman Catholic,56.0,181,46.0,32.624113,302,51.469278,-0.327539,"St Mary's Catholic Primary School, Isleworth",56.0,B-,Ofsted Good,http://www.smi.hounslow.sch.uk?utm_source=snobe-co-uk&utm_medium=school-profile&utm_campaign=organic,2026-03-19,11.0,53.2,46.0,56.0,11.0,56.0,46.0,58.0,6.0,60,,,Hounslow,True
https://snobe.co.uk/schools/st-marys-catholic-primary-school-isleworth,102528,"St Mary's Catholic Primary School, Isleworth",Hounslow,South Street,Isleworth,TW7 7EE,Primary,Roman Catholic,56.0,177,46.0,32.624113,295,51.469278,-0.327539,"St Mary's Catholic Primary School, Isleworth",56.0,B-,Ofsted Good,http://www.smi.hounslow.sch.uk?utm_source=snobe-co-uk&utm_medium=school-profile&utm_campaign=organic,2026-03-19,11.0,53.2,46.0,56.0,11.0,56.0,46.0,58.0,6.0,60,,,Hounslow,True
https://snobe.co.uk/schools/st-marys-catholic-primary-school-isleworth,102528,"St Mary's Catholic Primary School, Isleworth",Hounslow,South Street,Isleworth,TW7 7EE,Primary,Roman Catholic,56.0,209,46.0,32.624113,348,51.469278,-0.327539,"St Mary's Catholic Primary School, Isleworth",56.0,B-,Ofsted Good,http://www.smi.hounslow.sch.uk?utm_source=snobe-co-uk&utm_medium=school-profile&utm_campaign=organic,2026-03-19,11.0,53.2,46.0,56.0,11.0,56.0,46.0,58.0,6.0,60,,,Hounslow,True
https://snobe.co.uk/schools/st-marys-catholic-primary-school-isleworth,102528,"St Mary's Catholic Primary School, Isleworth",Hounslow,South Street,Isleworth,TW7 7EE,Primary,Roman Catholic,56.0,202,46.0,32.624113,342,51.469278,-0.327539,"St Mary's Catholic Primary School, Isleworth",56.0,B-,Ofsted Good,http://www.smi.hounslow.sch.uk?utm_source=snobe-co-uk&utm_medium=school-profile&utm_campaign=organic,2026-03-19,11.0,53.2,46.0,56.0,11.0,56.0,46.0,58.0,6.0,59,,,Hounslow,True
https://snobe.co.uk/schools/st-marys-catholic-primary-school-isleworth,102528,"St Mary's Catholic Primary School, Isleworth",Hounslow,South Street,Isleworth,TW7 7EE,Primary,Roman Catholic,56.0,202,46.0,32.624113,342,51.469278,-0.327539,"St Mary's Catholic Primary School, Isleworth",56.0,B-,Ofsted Good,http://www.smi.hounslow.sch.uk?utm_source=snobe-co-uk&utm_medium=school-profile&utm_campaign=organic,2026-03-19,11.0,53.2,46.0,56.0,11.0,56.0,46.0,58.0,6.0,59,,,Hounslow,True
https://snobe.co.uk/schools/st-michael-and-st-martin-catholic-primary-school,102531,St Michael and St Martin Catholic Primary School,Hounslow,Belgrave Road,Hounslow,TW4 7AG,Primary,Roman Catholic,60.0,206,60.0,29.126214,343,51.467061,-0.379119,St Michael and St Martin Catholic Primary School,60.0,A+,Ofsted Outstanding,http://www.stmichaelandstmartin.co.uk?utm_source=snobe-co-uk&utm_medium=school-profile&utm_campaign=organic,2026-03-19,6.2,57.0,60.0,60.0,6.2,60.0,60.0,58.0,6.0,60,,,Hounslow,True
https://snobe.co.uk/schools/st-michael-and-st-martin-catholic-primary-school,102531,St Michael and St Martin Catholic Primary School,Hounslow,Belgrave Road,Hounslow,TW4 7AG,Primary,Roman Catholic,60.0,235,60.0,29.126214,392,51.467061,-0.379119,St Michael and St Martin Catholic Primary School,60.0,A+,Ofsted Outstanding,http://www.stmichaelandstmartin.co.uk?utm_source=snobe-co-uk&utm_medium=school-profile&utm_campaign=organic,2026-03-19,6.2,57.0,60.0,60.0,6.2,60.0,60.0,58.0,6.0,60,,,Hounslow,True
https://snobe.co.uk/schools/st-michael-and-st-martin-catholic-primary-school,102531,St Michael and St Martin Catholic Primary School,Hounslow,Belgrave Road,Hounslow,TW4 7AG,Primary,Roman Catholic,60.0,229,60.0,29.126214,382,51.467061,-0.379119,St Michael and St Martin Catholic Primary School,60.0,A+,Ofsted Outstanding,http://www.stmichaelandstmartin.co.uk?utm_source=snobe-co-uk&utm_medium=school-profile&utm_campaign=organic,2026-03-19,6.2,57.0,60.0,60.0,6.2,60.0,60.0,58.0,6.0,60,,,Hounslow,True
https://snobe.co.uk/schools/st-michael-and-st-martin-catholic-primary-school,102531,St Michael and St Martin Catholic Primary School,Hounslow,Belgrave Road,Hounslow,TW4 7AG,Primary,Roman Catholic,60.0,219,60.0,29.126214,365,51.467061,-0.379119,St Michael and St Martin Catholic Primary School,60.0,A+,Ofsted Outstanding,http://www.stmichaelandstmartin.co.uk?utm_source=snobe-co-uk&utm_medium=school-profile&utm_campaign=organic,2026-03-19,6.2,57.0,60.0,60.0,6.2,60.0,60.0,58.0,6.0,60,,,Hounslow,True
https://snobe.co.uk/schools/st-michael-and-st-martin-catholic-primary-school,102531,St Michael and St Martin Catholic Primary School,Hounslow,Belgrave Road,Hounslow,TW4 7AG,Primary,Roman Catholic,60.0,257,60.0,29.126214,428,51.467061,-0.379119,St Michael and St Martin Catholic Primary School,60.0,A+,Ofsted Outstanding,http://www.stmichaelandstmartin.co.uk?utm_source=snobe-co-uk&utm_medium=school-profile&utm_campaign=organic,2026-03-19,6.2,57.0,60.0,60.0,6.2,60.0,60.0,58.0,6.0,60,,,Hounslow,True
https://snobe.co.uk/schools/st-michael-and-st-martin-catholic-primary-school,102531,St Michael and St Martin Catholic Primary School,Hounslow,Belgrave Road,Hounslow,TW4 7AG,Primary,Roman Catholic,60.0,242,60.0,29.126214,403,51.467061,-0.379119,St Michael and St Martin Catholic Primary School,60.0,A+,Ofsted Outstanding,http://www.stmichaelandstmartin.co.uk?utm_source=snobe-co-uk&utm_medium=school-profile&utm_campaign=organic,2026-03-19,6.2,57.0,60.0,60.0,6.2,60.0,60.0,58.0,6.0,60,,,Hounslow,True
https://snobe.co.uk/schools/st-michael-and-st-martin-catholic-primary-school,102531,St Michael and St Martin Catholic Primary School,Hounslow,Belgrave Road,Hounslow,TW4 7AG,Primary,Roman Catholic,60.0,197,60.0,29.126214,328,51.467061,-0.379119,St Michael and St Martin Catholic Primary School,60.0,A+,Ofsted Outstanding,http://www.stmichaelandstmartin.co.uk?utm_source=snobe-co-uk&utm_medium=school-profile&utm_campaign=organic,2026-03-19,6.2,57.0,60.0,60.0,6.2,60.0,60.0,58.0,6.0,60,,,Hounslow,True
https://snobe.co.uk/schools/st-michael-and-st-martin-catholic-primary-school,102531,St Michael and St Martin Catholic Primary School,Hounslow,Belgrave Road,Hounslow,TW4 7AG,Primary,Roman Catholic,60.0,208,60.0,29.126214,353,51.467061,-0.379119,St Michael and St Martin Catholic Primary School,60.0,A+,Ofsted Outstanding,http://www.stmichaelandstmartin.co.uk?utm_source=snobe-co-uk&utm_medium=school-profile&utm_campaign=organic,2026-03-19,6.2,57.0,60.0,60.0,6.2,60.0,60.0,58.0,6.0,59,,,Hounslow,True
https://snobe.co.uk/schools/st-michael-and-st-martin-catholic-primary-school,102531,St Michael and St Martin Catholic Primary School,Hounslow,Belgrave Road,Hounslow,TW4 7AG,Primary,Roman Catholic,60.0,212,60.0,29.126214,353,51.467061,-0.379119,St Michael and St Martin Catholic Primary School,60.0,A+,Ofsted Outstanding,http://www.stmichaelandstmartin.co.uk?utm_source=snobe-co-uk&utm_medium=school-profile&utm_campaign=organic,2026-03-19,6.2,57.0,60.0,60.0,6.2,60.0,60.0,58.0,6.0,60,,,Hounslow,True
https://snobe.co.uk/schools/st-michael-and-st-martin-catholic-primary-school,102531,St Michael and St Martin Catholic Primary School,Hounslow,Belgrave Road,Hounslow,TW4 7AG,Primary,Roman Catholic,60.0,246,60.0,29.126214,417,51.467061,-0.379119,St Michael and St Martin Catholic Primary School,60.0,A+,Ofsted Outstanding,http://www.stmichaelandstmartin.co.uk?utm_source=snobe-co-uk&utm_medium=school-profile&utm_campaign=organic,2026-03-19,6.2,57.0,60.0,60.0,6.2,60.0,60.0,58.0,6.0,59,,,Hounslow,True
https://snobe.co.uk/schools/st-michael-and-st-martin-catholic-primary-school,102531,St Michael and St Martin Catholic Primary School,Hounslow,Belgrave Road,Hounslow,TW4 7AG,Primary,Roman Catholic,60.0,238,60.0,29.126214,403,51.467061,-0.379119,St Michael and St Martin Catholic Primary School,60.0,A+,Ofsted Outstanding,http://www.stmichaelandstmartin.co.uk?utm_source=snobe-co-uk&utm_medium=school-profile&utm_campaign=organic,2026-03-19,6.2,57.0,60.0,60.0,6.2,60.0,60.0,58.0,6.0,59,,,Hounslow,True
https://snobe.co.uk/schools/st-michael-and-st-martin-catholic-primary-school,102531,St Michael and St Martin Catholic Primary School,Hounslow,Belgrave Road,Hounslow,TW4 7AG,Primary,Roman Catholic,60.0,249,60.0,29.126214,415,51.467061,-0.379119,St Michael and St Martin Catholic Primary School,60.0,A+,Ofsted Outstanding,http://www.stmichaelandstmartin.co.uk?utm_source=snobe-co-uk&utm_medium=school-profile&utm_campaign=organic,2026-03-19,6.2,57.0,60.0,60.0,6.2,60.0,60.0,58.0,6.0,60,,,Hounslow,True
https://snobe.co.uk/schools/sacred-heart-catholic-primary-school,100437,Sacred Heart Catholic Primary School,Islington,68 Georges Road,London,N7 8JN,Primary,Roman Catholic,52.0,94,44.0,46.808511,181,51.550222,-0.113623,Sacred Heart Catholic Primary School,52.0,A+,Ofsted Good,http://www.sacredheart.islington.sch.uk/?utm_source=snobe-co-uk&utm_medium=school-profile&utm_campaign=organic,2026-03-19,49.2,49.4,44.0,52.0,49.2,52.0,44.0,75.0,9.0,52,,,Islington,True
https://snobe.co.uk/schools/sacred-heart-catholic-primary-school,100437,Sacred Heart Catholic Primary School,Islington,68 Georges Road,London,N7 8JN,Primary,Roman Catholic,52.0,81,44.0,46.808511,184,51.550222,-0.113623,Sacred Heart Catholic Primary School,52.0,A+,Ofsted Good,http://www.sacredheart.islington.sch.uk/?utm_source=snobe-co-uk&utm_medium=school-profile&utm_campaign=organic,2026-03-19,49.2,49.4,44.0,52.0,49.2,52.0,44.0,75.0,9.0,44,,,Islington,True
https://snobe.co.uk/schools/sacred-heart-catholic-primary-school,100437,Sacred Heart Catholic Primary School,Islington,68 Georges Road,London,N7 8JN,Primary,Roman Catholic,52.0,99,44.0,46.808511,198,51.550222,-0.113623,Sacred Heart Catholic Primary School,52.0,A+,Ofsted Good,http://www.sacredheart.islington.sch.uk/?utm_source=snobe-co-uk&utm_medium=school-profile&utm_campaign=organic,2026-03-19,49.2,49.4,44.0,52.0,49.2,52.0,44.0,75.0,9.0,50,,,Islington,True
https://snobe.co.uk/schools/sacred-heart-catholic-primary-school,100437,Sacred Heart Catholic Primary School,Islington,68 Georges Road,London,N7 8JN,Primary,Roman Catholic,52.0,92,44.0,46.808511,200,51.550222,-0.113623,Sacred Heart Catholic Primary School,52.0,A+,Ofsted Good,http://www.sacredheart.islington.sch.uk/?utm_source=snobe-co-uk&utm_medium=school-profile&utm_campaign=organic,2026-03-19,49.2,49.4,44.0,52.0,49.2,52.0,44.0,75.0,9.0,46,,,Islington,True
https://snobe.co.uk/schools/sacred-heart-catholic-primary-school,100437,Sacred Heart Catholic Primary School,Islington,68 Georges Road,London,N7 8JN,Primary,Roman Catholic,52.0,111,44.0,46.808511,185,51.550222,-0.113623,Sacred Heart Catholic Primary School,52.0,A+,Ofsted Good,http://www.sacredheart.islington.sch.uk/?utm_source=snobe-co-uk&utm_medium=school-profile&utm_campaign=organic,2026-03-19,49.2,49.4,44.0,52.0,49.2,52.0,44.0,75.0,9.0,60,,,Islington,True
https://snobe.co.uk/schools/sacred-heart-catholic-primary-school,100437,Sacred Heart Catholic Primary School,Islington,68 Georges Road,London,N7 8JN,Primary,Roman Catholic,52.0,113,44.0,46.808511,185,51.550222,-0.113623,Sacred Heart Catholic Primary School,52.0,A+,Ofsted Good,http://www.sacredheart.islington.sch.uk/?utm_source=snobe-co-uk&utm_medium=school-profile&utm_campaign=organic,2026-03-19,49.2,49.4,44.0,52.0,49.2,52.0,44.0,75.0,9.0,61,,,Islington,True
https://snobe.co.uk/schools/sacred-heart-catholic-primary-school,100437,Sacred Heart Catholic Primary School,Islington,68 Georges Road,London,N7 8JN,Primary,Roman Catholic,52.0,151,44.0,46.808511,252,51.550222,-0.113623,Sacred Heart Catholic Primary School,52.0,A+,Ofsted Good,http://www.sacredheart.islington.sch.uk/?utm_source=snobe-co-uk&utm_medium=school-profile&utm_campaign=organic,2026-03-19,49.2,49.4,44.0,52.0,49.2,52.0,44.0,75.0,9.0,60,,,Islington,True
https://snobe.co.uk/schools/sacred-heart-catholic-primary-school,100437,Sacred Heart Catholic Primary School,Islington,68 Georges Road,London,N7 8JN,Primary,Roman Catholic,52.0,125,44.0,46.808511,208,51.550222,-0.113623,Sacred Heart Catholic Primary School,52.0,A+,Ofsted Good,http://www.sacredheart.islington.sch.uk/?utm_source=snobe-co-uk&utm_medium=school-profile&utm_campaign=organic,2026-03-19,49.2,49.4,44.0,52.0,49.2,52.0,44.0,75.0,9.0,60,,,Islington,True
https://snobe.co.uk/schools/sacred-heart-catholic-primary-school,100437,Sacred Heart Catholic Primary School,Islington,68 Georges Road,London,N7 8JN,Primary,Roman Catholic,52.0,151,44.0,46.808511,252,51.550222,-0.113623,Sacred Heart Catholic Primary School,52.0,A+,Ofsted Good,http://www.sacredheart.islington.sch.uk/?utm_source=snobe-co-uk&utm_medium=school-profile&utm_campaign=organic,2026-03-19,49.2,49.4,44.0,52.0,49.2,52.0,44.0,75.0,9.0,60,,,Islington,True
https://snobe.co.uk/schools/sacred-heart-catholic-primary-school,100437,Sacred Heart Catholic Primary School,Islington,68 Georges Road,London,N7 8JN,Primary,Roman Catholic,52.0,152,44.0,46.808511,253,51.550222,-0.113623,Sacred Heart Catholic Primary School,52.0,A+,Ofsted Good,http://www.sacredheart.islington.sch.uk/?utm_source=snobe-co-uk&utm_medium=school-profile&utm_campaign=organic,2026-03-19,49.2,49.4,44.0,52.0,49.2,52.0,44.0,75.0,9.0,60,,,Islington,True
https://snobe.co.uk/schools/sacred-heart-catholic-primary-school,100437,Sacred Heart Catholic Primary School,Islington,68 Georges Road,London,N7 8JN,Primary,Roman Catholic,52.0,152,44.0,46.808511,253,51.550222,-0.113623,Sacred Heart Catholic Primary School,52.0,A+,Ofsted Good,http://www.sacredheart.islington.sch.uk/?utm_source=snobe-co-uk&utm_medium=school-profile&utm_campaign=organic,2026-03-19,49.2,49.4,44.0,52.0,49.2,52.0,44.0,75.0,9.0,60,,,Islington,True
https://snobe.co.uk/schools/sacred-heart-catholic-primary-school,100437,Sacred Heart Catholic Primary School,Islington,68 Georges Road,London,N7 8JN,Primary,Roman Catholic,52.0,150,44.0,46.808511,333,51.550222,-0.113623,Sacred Heart Catholic Primary School,52.0,A+,Ofsted Good,http://www.sacredheart.islington.sch.uk/?utm_source=snobe-co-uk&utm_medium=school-profile&utm_campaign=organic,2026-03-19,49.2,49.4,44.0,52.0,49.2,52.0,44.0,75.0,9.0,45,,,Islington,True
https://snobe.co.uk/schools/st-aloysius-rc-college,100459,St Aloysius RC College,Islington,Hornsey Lane,London,N6 5LY,Secondary,Roman Catholic,51.0,185,31.0,16.756757,363,51.569821,-0.138642,St Aloysius RC College,51.0,B,Ofsted Good,https://www.sta.islington.sch.uk?utm_source=snobe-co-uk&utm_medium=school-profile&utm_campaign=organic,2026-03-19,50.2,48.45,31.0,51.0,50.2,51.0,31.0,75.0,9.0,51,,,Islington,True
https://snobe.co.uk/schools/st-aloysius-rc-college,100459,St Aloysius RC College,Islington,Hornsey Lane,London,N6 5LY,Secondary,Roman Catholic,51.0,264,31.0,16.756757,433,51.569821,-0.138642,St Aloysius RC College,51.0,B,Ofsted Good,https://www.sta.islington.sch.uk?utm_source=snobe-co-uk&utm_medium=school-profile&utm_campaign=organic,2026-03-19,50.2,48.45,31.0,51.0,50.2,51.0,31.0,75.0,9.0,61,,,Islington,True
https://snobe.co.uk/schools/st-aloysius-rc-college,100459,St Aloysius RC College,Islington,Hornsey Lane,London,N6 5LY,Secondary,Roman Catholic,51.0,151,31.0,16.756757,315,51.569821,-0.138642,St Aloysius RC College,51.0,B,Ofsted Good,https://www.sta.islington.sch.uk?utm_source=snobe-co-uk&utm_medium=school-profile&utm_campaign=organic,2026-03-19,50.2,48.45,31.0,51.0,50.2,51.0,31.0,75.0,9.0,48,,,Islington,True
https://snobe.co.uk/schools/st-aloysius-rc-college,100459,St Aloysius RC College,Islington,Hornsey Lane,London,N6 5LY,Secondary,Roman Catholic,51.0,129,31.0,16.756757,126,51.569821,-0.138642,St Aloysius RC College,51.0,B,Ofsted Good,https://www.sta.islington.sch.uk?utm_source=snobe-co-uk&utm_medium=school-profile&utm_campaign=organic,2026-03-19,50.2,48.45,31.0,51.0,50.2,51.0,31.0,75.0,9.0,102,,,Islington,True
https://snobe.co.uk/schools/st-aloysius-rc-college,100459,St Aloysius RC College,Islington,Hornsey Lane,London,N6 5LY,Secondary,Roman Catholic,51.0,164,31.0,16.756757,166,51.569821,-0.138642,St Aloysius RC College,51.0,B,Ofsted Good,https://www.sta.islington.sch.uk?utm_source=snobe-co-uk&utm_medium=school-profile&utm_campaign=organic,2026-03-19,50.2,48.45,31.0,51.0,50.2,51.0,31.0,75.0,9.0,99,,,Islington,True
https://snobe.co.uk/schools/st-aloysius-rc-college,100459,St Aloysius RC College,Islington,Hornsey Lane,London,N6 5LY,Secondary,Roman Catholic,51.0,195,31.0,16.756757,257,51.569821,-0.138642,St Aloysius RC College,51.0,B,Ofsted Good,https://www.sta.islington.sch.uk?utm_source=snobe-co-uk&utm_medium=school-profile&utm_campaign=organic,2026-03-19,50.2,48.45,31.0,51.0,50.2,51.0,31.0,75.0,9.0,76,,,Islington,True
https://snobe.co.uk/schools/st-aloysius-rc-college,100459,St Aloysius RC College,Islington,Hornsey Lane,London,N6 5LY,Secondary,Roman Catholic,51.0,283,31.0,16.756757,199,51.569821,-0.138642,St Aloysius RC College,51.0,B,Ofsted Good,https://www.sta.islington.sch.uk?utm_source=snobe-co-uk&utm_medium=school-profile&utm_campaign=organic,2026-03-19,50.2,48.45,31.0,51.0,50.2,51.0,31.0,75.0,9.0,142,,,Islington,True
https://snobe.co.uk/schools/st-aloysius-rc-college,100459,St Aloysius RC College,Islington,Hornsey Lane,London,N6 5LY,Secondary,Roman Catholic,51.0,364,31.0,16.756757,207,51.569821,-0.138642,St Aloysius RC College,51.0,B,Ofsted Good,https://www.sta.islington.sch.uk?utm_source=snobe-co-uk&utm_medium=school-profile&utm_campaign=organic,2026-03-19,50.2,48.45,31.0,51.0,50.2,51.0,31.0,75.0,9.0,176,,,Islington,True
https://snobe.co.uk/schools/st-aloysius-rc-college,100459,St Aloysius RC College,Islington,Hornsey Lane,London,N6 5LY,Secondary,Roman Catholic,51.0,422,31.0,16.756757,237,51.569821,-0.138642,St Aloysius RC College,51.0,B,Ofsted Good,https://www.sta.islington.sch.uk?utm_source=snobe-co-uk&utm_medium=school-profile&utm_campaign=organic,2026-03-19,50.2,48.45,31.0,51.0,50.2,51.0,31.0,75.0,9.0,178,,,Islington,True
https://snobe.co.uk/schools/st-aloysius-rc-college,100459,St Aloysius RC College,Islington,Hornsey Lane,London,N6 5LY,Secondary,Roman Catholic,51.0,442,31.0,16.756757,248,51.569821,-0.138642,St Aloysius RC College,51.0,B,Ofsted Good,https://www.sta.islington.sch.uk?utm_source=snobe-co-uk&utm_medium=school-profile&utm_campaign=organic,2026-03-19,50.2,48.45,31.0,51.0,50.2,51.0,31.0,75.0,9.0,178,,,Islington,True
https://snobe.co.uk/schools/st-aloysius-rc-college,100459,St Aloysius RC College,Islington,Hornsey Lane,London,N6 5LY,Secondary,Roman Catholic,51.0,375,31.0,16.756757,240,51.569821,-0.138642,St Aloysius RC College,51.0,B,Ofsted Good,https://www.sta.islington.sch.uk?utm_source=snobe-co-uk&utm_medium=school-profile&utm_campaign=organic,2026-03-19,50.2,48.45,31.0,51.0,50.2,51.0,31.0,75.0,9.0,156,,,Islington,True
https://snobe.co.uk/schools/st-aloysius-rc-college,100459,St Aloysius RC College,Islington,Hornsey Lane,London,N6 5LY,Secondary,Roman Catholic,51.0,452,31.0,16.756757,263,51.569821,-0.138642,St Aloysius RC College,51.0,B,Ofsted Good,https://www.sta.islington.sch.uk?utm_source=snobe-co-uk&utm_medium=school-profile&utm_campaign=organic,2026-03-19,50.2,48.45,31.0,51.0,50.2,51.0,31.0,75.0,9.0,172,,,Islington,True
https://snobe.co.uk/schools/st-joan-arc-rc-primary-school,100449,St Joan of Arc RC Primary School,Islington,Northolme Road,London,N5 2UX,Primary,Roman Catholic,59.0,160,52.0,32.5,271,51.556611,-0.096076,St Joan of Arc RC Primary School,59.0,A-,Ofsted Good,http://www.st-joanofarc.islington.sch.uk/?utm_source=snobe-co-uk&utm_medium=school-profile&utm_campaign=organic,2026-03-19,27.8,56.05,52.0,59.0,27.8,59.0,52.0,75.0,9.0,59,,,Islington,True
https://snobe.co.uk/schools/st-joan-arc-rc-primary-school,100449,St Joan of Arc RC Primary School,Islington,Northolme Road,London,N5 2UX,Primary,Roman Catholic,59.0,178,52.0,32.5,297,51.556611,-0.096076,St Joan of Arc RC Primary School,59.0,A-,Ofsted Good,http://www.st-joanofarc.islington.sch.uk/?utm_source=snobe-co-uk&utm_medium=school-profile&utm_campaign=organic,2026-03-19,27.8,56.05,52.0,59.0,27.8,59.0,52.0,75.0,9.0,60,,,Islington,True
https://snobe.co.uk/schools/st-joan-arc-rc-primary-school,100449,St Joan of Arc RC Primary School,Islington,Northolme Road,London,N5 2UX,Primary,Roman Catholic,59.0,171,52.0,32.5,285,51.556611,-0.096076,St Joan of Arc RC Primary School,59.0,A-,Ofsted Good,http://www.st-joanofarc.islington.sch.uk/?utm_source=snobe-co-uk&utm_medium=school-profile&utm_campaign=organic,2026-03-19,27.8,56.05,52.0,59.0,27.8,59.0,52.0,75.0,9.0,60,,,Islington,True
https://snobe.co.uk/schools/st-joan-arc-rc-primary-school,100449,St Joan of Arc RC Primary School,Islington,Northolme Road,London,N5 2UX,Primary,Roman Catholic,59.0,186,52.0,32.5,310,51.556611,-0.096076,St Joan of Arc RC Primary School,59.0,A-,Ofsted Good,http://www.st-joanofarc.islington.sch.uk/?utm_source=snobe-co-uk&utm_medium=school-profile&utm_campaign=organic,2026-03-19,27.8,56.05,52.0,59.0,27.8,59.0,52.0,75.0,9.0,60,,,Islington,True
https://snobe.co.uk/schools/st-joan-arc-rc-primary-school,100449,St Joan of Arc RC Primary School,Islington,Northolme Road,London,N5 2UX,Primary,Roman Catholic,59.0,169,52.0,32.5,282,51.556611,-0.096076,St Joan of Arc RC Primary School,59.0,A-,Ofsted Good,http://www.st-joanofarc.islington.sch.uk/?utm_source=snobe-co-uk&utm_medium=school-profile&utm_campaign=organic,2026-03-19,27.8,56.05,52.0,59.0,27.8,59.0,52.0,75.0,9.0,60,,,Islington,True
https://snobe.co.uk/schools/st-joan-arc-rc-primary-school,100449,St Joan of Arc RC Primary School,Islington,Northolme Road,London,N5 2UX,Primary,Roman Catholic,59.0,195,52.0,32.5,325,51.556611,-0.096076,St Joan of Arc RC Primary School,59.0,A-,Ofsted Good,http://www.st-joanofarc.islington.sch.uk/?utm_source=snobe-co-uk&utm_medium=school-profile&utm_campaign=organic,2026-03-19,27.8,56.05,52.0,59.0,27.8,59.0,52.0,75.0,9.0,60,,,Islington,True
https://snobe.co.uk/schools/st-joan-arc-rc-primary-school,100449,St Joan of Arc RC Primary School,Islington,Northolme Road,London,N5 2UX,Primary,Roman Catholic,59.0,182,52.0,32.5,303,51.556611,-0.096076,St Joan of Arc RC Primary School,59.0,A-,Ofsted Good,http://www.st-joanofarc.islington.sch.uk/?utm_source=snobe-co-uk&utm_medium=school-profile&utm_campaign=organic,2026-03-19,27.8,56.05,52.0,59.0,27.8,59.0,52.0,75.0,9.0,60,,,Islington,True
https://snobe.co.uk/schools/st-joan-arc-rc-primary-school,100449,St Joan of Arc RC Primary School,Islington,Northolme Road,London,N5 2UX,Primary,Roman Catholic,59.0,146,52.0,32.5,247,51.556611,-0.096076,St Joan of Arc RC Primary School,59.0,A-,Ofsted Good,http://www.st-joanofarc.islington.sch.uk/?utm_source=snobe-co-uk&utm_medium=school-profile&utm_campaign=organic,2026-03-19,27.8,56.05,52.0,59.0,27.8,59.0,52.0,75.0,9.0,59,,,Islington,True
https://snobe.co.uk/schools/st-joan-arc-rc-primary-school,100449,St Joan of Arc RC Primary School,Islington,Northolme Road,London,N5 2UX,Primary,Roman Catholic,59.0,173,52.0,32.5,288,51.556611,-0.096076,St Joan of Arc RC Primary School,59.0,A-,Ofsted Good,http://www.st-joanofarc.islington.sch.uk/?utm_source=snobe-co-uk&utm_medium=school-profile&utm_campaign=organic,2026-03-19,27.8,56.05,52.0,59.0,27.8,59.0,52.0,75.0,9.0,60,,,Islington,True
https://snobe.co.uk/schools/st-joan-arc-rc-primary-school,100449,St Joan of Arc RC Primary School,Islington,Northolme Road,London,N5 2UX,Primary,Roman Catholic,59.0,203,52.0,32.5,338,51.556611,-0.096076,St Joan of Arc RC Primary School,59.0,A-,Ofsted Good,http://www.st-joanofarc.islington.sch.uk/?utm_source=snobe-co-uk&utm_medium=school-profile&utm_campaign=organic,2026-03-19,27.8,56.05,52.0,59.0,27.8,59.0,52.0,75.0,9.0,60,,,Islington,True
https://snobe.co.uk/schools/st-joan-arc-rc-primary-school,100449,St Joan of Arc RC Primary School,Islington,Northolme Road,London,N5 2UX,Primary,Roman Catholic,59.0,189,52.0,32.5,310,51.556611,-0.096076,St Joan of Arc RC Primary School,59.0,A-,Ofsted Good,http://www.st-joanofarc.islington.sch.uk/?utm_source=snobe-co-uk&utm_medium=school-profile&utm_campaign=organic,2026-03-19,27.8,56.05,52.0,59.0,27.8,59.0,52.0,75.0,9.0,61,,,Islington,True
https://snobe.co.uk/schools/st-joan-arc-rc-primary-school,100449,St Joan of Arc RC Primary School,Islington,Northolme Road,London,N5 2UX,Primary,Roman Catholic,59.0,174,52.0,32.5,290,51.556611,-0.096076,St Joan of Arc RC Primary School,59.0,A-,Ofsted Good,http://www.st-joanofarc.islington.sch.uk/?utm_source=snobe-co-uk&utm_medium=school-profile&utm_campaign=organic,2026-03-19,27.8,56.05,52.0,59.0,27.8,59.0,52.0,75.0,9.0,60,,,Islington,True
https://snobe.co.uk/schools/st-peter-and-st-paul-catholic-primary-school-1,100447,St Peter and St Paul Catholic Primary School,Islington,Compton Street,London,EC1V 0EU,Primary,Roman Catholic,30.0,65,28.0,43.076923,217,51.524972,-0.100914,St Peter and St Paul Catholic Primary School,30.0,B+,Ofsted Good,http://www.saintpeterandsaintpaulcatholicprimary.co.uk?utm_source=snobe-co-uk&utm_medium=school-profile&utm_campaign=organic,2026-03-19,56.1,28.5,28.0,30.0,56.1,30.0,28.0,75.0,9.0,30,,,Islington,True
https://snobe.co.uk/schools/st-peter-and-st-paul-catholic-primary-school-1,100447,St Peter and St Paul Catholic Primary School,Islington,Compton Street,London,EC1V 0EU,Primary,Roman Catholic,30.0,39,28.0,43.076923,229,51.524972,-0.100914,St Peter and St Paul Catholic Primary School,30.0,B+,Ofsted Good,http://www.saintpeterandsaintpaulcatholicprimary.co.uk?utm_source=snobe-co-uk&utm_medium=school-profile&utm_campaign=organic,2026-03-19,56.1,28.5,28.0,30.0,56.1,30.0,28.0,75.0,9.0,17,,,Islington,True
https://snobe.co.uk/schools/st-peter-and-st-paul-catholic-primary-school-1,100447,St Peter and St Paul Catholic Primary School,Islington,Compton Street,London,EC1V 0EU,Primary,Roman Catholic,30.0,47,28.0,43.076923,261,51.524972,-0.100914,St Peter and St Paul Catholic Primary School,30.0,B+,Ofsted Good,http://www.saintpeterandsaintpaulcatholicprimary.co.uk?utm_source=snobe-co-uk&utm_medium=school-profile&utm_campaign=organic,2026-03-19,56.1,28.5,28.0,30.0,56.1,30.0,28.0,75.0,9.0,18,,,Islington,True
https://snobe.co.uk/schools/st-peter-and-st-paul-catholic-primary-school-1,100447,St Peter and St Paul Catholic Primary School,Islington,Compton Street,London,EC1V 0EU,Primary,Roman Catholic,30.0,56,28.0,43.076923,280,51.524972,-0.100914,St Peter and St Paul Catholic Primary School,30.0,B+,Ofsted Good,http://www.saintpeterandsaintpaulcatholicprimary.co.uk?utm_source=snobe-co-uk&utm_medium=school-profile&utm_campaign=organic,2026-03-19,56.1,28.5,28.0,30.0,56.1,30.0,28.0,75.0,9.0,20,,,Islington,True
https://snobe.co.uk/schools/st-peter-and-st-paul-catholic-primary-school-1,100447,St Peter and St Paul Catholic Primary School,Islington,Compton Street,London,EC1V 0EU,Primary,Roman Catholic,30.0,57,28.0,43.076923,219,51.524972,-0.100914,St Peter and St Paul Catholic Primary School,30.0,B+,Ofsted Good,http://www.saintpeterandsaintpaulcatholicprimary.co.uk?utm_source=snobe-co-uk&utm_medium=school-profile&utm_campaign=organic,2026-03-19,56.1,28.5,28.0,30.0,56.1,30.0,28.0,75.0,9.0,26,,,Islington,True
https://snobe.co.uk/schools/st-peter-and-st-paul-catholic-primary-school-1,100447,St Peter and St Paul Catholic Primary School,Islington,Compton Street,London,EC1V 0EU,Primary,Roman Catholic,30.0,70,28.0,43.076923,318,51.524972,-0.100914,St Peter and St Paul Catholic Primary School,30.0,B+,Ofsted Good,http://www.saintpeterandsaintpaulcatholicprimary.co.uk?utm_source=snobe-co-uk&utm_medium=school-profile&utm_campaign=organic,2026-03-19,56.1,28.5,28.0,30.0,56.1,30.0,28.0,75.0,9.0,22,,,Islington,True
https://snobe.co.uk/schools/st-peter-and-st-paul-catholic-primary-school-1,100447,St Peter and St Paul Catholic Primary School,Islington,Compton Street,London,EC1V 0EU,Primary,Roman Catholic,30.0,72,28.0,43.076923,257,51.524972,-0.100914,St Peter and St Paul Catholic Primary School,30.0,B+,Ofsted Good,http://www.saintpeterandsaintpaulcatholicprimary.co.uk?utm_source=snobe-co-uk&utm_medium=school-profile&utm_campaign=organic,2026-03-19,56.1,28.5,28.0,30.0,56.1,30.0,28.0,75.0,9.0,28,,,Islington,True
https://snobe.co.uk/schools/st-peter-and-st-paul-catholic-primary-school-1,100447,St Peter and St Paul Catholic Primary School,Islington,Compton Street,London,EC1V 0EU,Primary,Roman Catholic,30.0,84,28.0,43.076923,336,51.524972,-0.100914,St Peter and St Paul Catholic Primary School,30.0,B+,Ofsted Good,http://www.saintpeterandsaintpaulcatholicprimary.co.uk?utm_source=snobe-co-uk&utm_medium=school-profile&utm_campaign=organic,2026-03-19,56.1,28.5,28.0,30.0,56.1,30.0,28.0,75.0,9.0,25,,,Islington,True
https://snobe.co.uk/schools/st-peter-and-st-paul-catholic-primary-school-1,100447,St Peter and St Paul Catholic Primary School,Islington,Compton Street,London,EC1V 0EU,Primary,Roman Catholic,30.0,115,28.0,43.076923,383,51.524972,-0.100914,St Peter and St Paul Catholic Primary School,30.0,B+,Ofsted Good,http://www.saintpeterandsaintpaulcatholicprimary.co.uk?utm_source=snobe-co-uk&utm_medium=school-profile&utm_campaign=organic,2026-03-19,56.1,28.5,28.0,30.0,56.1,30.0,28.0,75.0,9.0,30,,,Islington,True
https://snobe.co.uk/schools/st-peter-and-st-paul-catholic-primary-school-1,100447,St Peter and St Paul Catholic Primary School,Islington,Compton Street,London,EC1V 0EU,Primary,Roman Catholic,30.0,104,28.0,43.076923,347,51.524972,-0.100914,St Peter and St Paul Catholic Primary School,30.0,B+,Ofsted Good,http://www.saintpeterandsaintpaulcatholicprimary.co.uk?utm_source=snobe-co-uk&utm_medium=school-profile&utm_campaign=organic,2026-03-19,56.1,28.5,28.0,30.0,56.1,30.0,28.0,75.0,9.0,30,,,Islington,True
https://snobe.co.uk/schools/st-peter-and-st-paul-catholic-primary-school-1,100447,St Peter and St Paul Catholic Primary School,Islington,Compton Street,London,EC1V 0EU,Primary,Roman Catholic,30.0,139,28.0,43.076923,448,51.524972,-0.100914,St Peter and St Paul Catholic Primary School,30.0,B+,Ofsted Good,http://www.saintpeterandsaintpaulcatholicprimary.co.uk?utm_source=snobe-co-uk&utm_medium=school-profile&utm_campaign=organic,2026-03-19,56.1,28.5,28.0,30.0,56.1,30.0,28.0,75.0,9.0,31,,,Islington,True
https://snobe.co.uk/schools/st-peter-and-st-paul-catholic-primary-school-1,100447,St Peter and St Paul Catholic Primary School,Islington,Compton Street,London,EC1V 0EU,Primary,Roman Catholic,30.0,125,28.0,43.076923,417,51.524972,-0.100914,St Peter and St Paul Catholic Primary School,30.0,B+,Ofsted Good,http://www.saintpeterandsaintpaulcatholicprimary.co.uk?utm_source=snobe-co-uk&utm_medium=school-profile&utm_campaign=organic,2026-03-19,56.1,28.5,28.0,30.0,56.1,30.0,28.0,75.0,9.0,30,,,Islington,True
https://snobe.co.uk/schools/more-house-school,100521,More House School,Kensington and Chelsea,22-24 Pont Street,Knightsbridge,SW1X 0AA,Not applicable,Roman Catholic,,0,,,0,51.497344,-0.159433,More House School,210.0,D-,Ofsted Outstanding,http://www.morehouse.org.uk/?utm_source=snobe-co-uk&utm_medium=school-profile&utm_campaign=organic,2026-03-19,25.0,200.45,0.0,,,,,62.0,8.0,0,,,,False
https://snobe.co.uk/schools/oratory-roman-catholic-primary-school,100491,Oratory Roman Catholic Primary School,Kensington and Chelsea,Bury Walk,London,SW3 6QH,Primary,Roman Catholic,29.0,169,28.0,16.568047,583,51.490617,-0.170292,Oratory Roman Catholic Primary School,29.0,A-,Ofsted Outstanding,http://www.oratory.rbkc.sch.uk?utm_source=snobe-co-uk&utm_medium=school-profile&utm_campaign=organic,2026-03-19,9.0,27.55,28.0,29.0,9.0,29.0,28.0,62.0,8.0,29,,,Kensington and Chelsea,True
https://snobe.co.uk/schools/oratory-roman-catholic-primary-school,100491,Oratory Roman Catholic Primary School,Kensington and Chelsea,Bury Walk,London,SW3 6QH,Primary,Roman Catholic,29.0,148,28.0,16.568047,493,51.490617,-0.170292,Oratory Roman Catholic Primary School,29.0,A-,Ofsted Outstanding,http://www.oratory.rbkc.sch.uk?utm_source=snobe-co-uk&utm_medium=school-profile&utm_campaign=organic,2026-03-19,9.0,27.55,28.0,29.0,9.0,29.0,28.0,62.0,8.0,30,,,Kensington and Chelsea,True
https://snobe.co.uk/schools/oratory-roman-catholic-primary-school,100491,Oratory Roman Catholic Primary School,Kensington and Chelsea,Bury Walk,London,SW3 6QH,Primary,Roman Catholic,29.0,172,28.0,16.568047,573,51.490617,-0.170292,Oratory Roman Catholic Primary School,29.0,A-,Ofsted Outstanding,http://www.oratory.rbkc.sch.uk?utm_source=snobe-co-uk&utm_medium=school-profile&utm_campaign=organic,2026-03-19,9.0,27.55,28.0,29.0,9.0,29.0,28.0,62.0,8.0,30,,,Kensington and Chelsea,True
https://snobe.co.uk/schools/oratory-roman-catholic-primary-school,100491,Oratory Roman Catholic Primary School,Kensington and Chelsea,Bury Walk,London,SW3 6QH,Primary,Roman Catholic,29.0,164,28.0,16.568047,547,51.490617,-0.170292,Oratory Roman Catholic Primary School,29.0,A-,Ofsted Outstanding,http://www.oratory.rbkc.sch.uk?utm_source=snobe-co-uk&utm_medium=school-profile&utm_campaign=organic,2026-03-19,9.0,27.55,28.0,29.0,9.0,29.0,28.0,62.0,8.0,30,,,Kensington and Chelsea,True
https://snobe.co.uk/schools/oratory-roman-catholic-primary-school,100491,Oratory Roman Catholic Primary School,Kensington and Chelsea,Bury Walk,London,SW3 6QH,Primary,Roman Catholic,29.0,169,28.0,16.568047,563,51.490617,-0.170292,Oratory Roman Catholic Primary School,29.0,A-,Ofsted Outstanding,http://www.oratory.rbkc.sch.uk?utm_source=snobe-co-uk&utm_medium=school-profile&utm_campaign=organic,2026-03-19,9.0,27.55,28.0,29.0,9.0,29.0,28.0,62.0,8.0,30,,,Kensington and Chelsea,True
https://snobe.co.uk/schools/oratory-roman-catholic-primary-school,100491,Oratory Roman Catholic Primary School,Kensington and Chelsea,Bury Walk,London,SW3 6QH,Primary,Roman Catholic,29.0,159,28.0,16.568047,530,51.490617,-0.170292,Oratory Roman Catholic Primary School,29.0,A-,Ofsted Outstanding,http://www.oratory.rbkc.sch.uk?utm_source=snobe-co-uk&utm_medium=school-profile&utm_campaign=organic,2026-03-19,9.0,27.55,28.0,29.0,9.0,29.0,28.0,62.0,8.0,30,,,Kensington and Chelsea,True
https://snobe.co.uk/schools/oratory-roman-catholic-primary-school,100491,Oratory Roman Catholic Primary School,Kensington and Chelsea,Bury Walk,London,SW3 6QH,Primary,Roman Catholic,29.0,197,28.0,16.568047,657,51.490617,-0.170292,Oratory Roman Catholic Primary School,29.0,A-,Ofsted Outstanding,http://www.oratory.rbkc.sch.uk?utm_source=snobe-co-uk&utm_medium=school-profile&utm_campaign=organic,2026-03-19,9.0,27.55,28.0,29.0,9.0,29.0,28.0,62.0,8.0,30,,,Kensington and Chelsea,True
https://snobe.co.uk/schools/oratory-roman-catholic-primary-school,100491,Oratory Roman Catholic Primary School,Kensington and Chelsea,Bury Walk,London,SW3 6QH,Primary,Roman Catholic,29.0,169,28.0,16.568047,563,51.490617,-0.170292,Oratory Roman Catholic Primary School,29.0,A-,Ofsted Outstanding,http://www.oratory.rbkc.sch.uk?utm_source=snobe-co-uk&utm_medium=school-profile&utm_campaign=organic,2026-03-19,9.0,27.55,28.0,29.0,9.0,29.0,28.0,62.0,8.0,30,,,Kensington and Chelsea,True
https://snobe.co.uk/schools/oratory-roman-catholic-primary-school,100491,Oratory Roman Catholic Primary School,Kensington and Chelsea,Bury Walk,London,SW3 6QH,Primary,Roman Catholic,29.0,170,28.0,16.568047,567,51.490617,-0.170292,Oratory Roman Catholic Primary School,29.0,A-,Ofsted Outstanding,http://www.oratory.rbkc.sch.uk?utm_source=snobe-co-uk&utm_medium=school-profile&utm_campaign=organic,2026-03-19,9.0,27.55,28.0,29.0,9.0,29.0,28.0,62.0,8.0,30,,,Kensington and Chelsea,True
https://snobe.co.uk/schools/oratory-roman-catholic-primary-school,100491,Oratory Roman Catholic Primary School,Kensington and Chelsea,Bury Walk,London,SW3 6QH,Primary,Roman Catholic,29.0,184,28.0,16.568047,613,51.490617,-0.170292,Oratory Roman Catholic Primary School,29.0,A-,Ofsted Outstanding,http://www.oratory.rbkc.sch.uk?utm_source=snobe-co-uk&utm_medium=school-profile&utm_campaign=organic,2026-03-19,9.0,27.55,28.0,29.0,9.0,29.0,28.0,62.0,8.0,30,,,Kensington and Chelsea,True
https://snobe.co.uk/schools/oratory-roman-catholic-primary-school,100491,Oratory Roman Catholic Primary School,Kensington and Chelsea,Bury Walk,London,SW3 6QH,Primary,Roman Catholic,29.0,165,28.0,16.568047,550,51.490617,-0.170292,Oratory Roman Catholic Primary School,29.0,A-,Ofsted Outstanding,http://www.oratory.rbkc.sch.uk?utm_source=snobe-co-uk&utm_medium=school-profile&utm_campaign=organic,2026-03-19,9.0,27.55,28.0,29.0,9.0,29.0,28.0,62.0,8.0,30,,,Kensington and Chelsea,True
https://snobe.co.uk/schools/oratory-roman-catholic-primary-school,100491,Oratory Roman Catholic Primary School,Kensington and Chelsea,Bury Walk,London,SW3 6QH,Primary,Roman Catholic,29.0,182,28.0,16.568047,607,51.490617,-0.170292,Oratory Roman Catholic Primary School,29.0,A-,Ofsted Outstanding,http://www.oratory.rbkc.sch.uk?utm_source=snobe-co-uk&utm_medium=school-profile&utm_campaign=organic,2026-03-19,9.0,27.55,28.0,29.0,9.0,29.0,28.0,62.0,8.0,30,,,Kensington and Chelsea,True
https://snobe.co.uk/schools/our-lady-victories-rc-primary-school,100504,Our Lady of Victories RC Primary School,Kensington and Chelsea,Clareville Street,London,SW7 5AQ,Primary,Roman Catholic,22.0,91,14.0,15.384615,414,51.492836,-0.179437,Our Lady of Victories RC Primary School,22.0,A+,Ofsted Good,http://www.olov.rbkc.sch.uk?utm_source=snobe-co-uk&utm_medium=school-profile&utm_campaign=organic,2026-03-19,12.8,20.9,14.0,22.0,12.8,22.0,14.0,62.0,8.0,22,,,Kensington and Chelsea,True
https://snobe.co.uk/schools/our-lady-victories-rc-primary-school,100504,Our Lady of Victories RC Primary School,Kensington and Chelsea,Clareville Street,London,SW7 5AQ,Primary,Roman Catholic,22.0,102,14.0,15.384615,340,51.492836,-0.179437,Our Lady of Victories RC Primary School,22.0,A+,Ofsted Good,http://www.olov.rbkc.sch.uk?utm_source=snobe-co-uk&utm_medium=school-profile&utm_campaign=organic,2026-03-19,12.8,20.9,14.0,22.0,12.8,22.0,14.0,62.0,8.0,30,,,Kensington and Chelsea,True
https://snobe.co.uk/schools/our-lady-victories-rc-primary-school,100504,Our Lady of Victories RC Primary School,Kensington and Chelsea,Clareville Street,London,SW7 5AQ,Primary,Roman Catholic,22.0,129,14.0,15.384615,430,51.492836,-0.179437,Our Lady of Victories RC Primary School,22.0,A+,Ofsted Good,http://www.olov.rbkc.sch.uk?utm_source=snobe-co-uk&utm_medium=school-profile&utm_campaign=organic,2026-03-19,12.8,20.9,14.0,22.0,12.8,22.0,14.0,62.0,8.0,30,,,Kensington and Chelsea,True
https://snobe.co.uk/schools/our-lady-victories-rc-primary-school,100504,Our Lady of Victories RC Primary School,Kensington and Chelsea,Clareville Street,London,SW7 5AQ,Primary,Roman Catholic,22.0,114,14.0,15.384615,380,51.492836,-0.179437,Our Lady of Victories RC Primary School,22.0,A+,Ofsted Good,http://www.olov.rbkc.sch.uk?utm_source=snobe-co-uk&utm_medium=school-profile&utm_campaign=organic,2026-03-19,12.8,20.9,14.0,22.0,12.8,22.0,14.0,62.0,8.0,30,,,Kensington and Chelsea,True
https://snobe.co.uk/schools/our-lady-victories-rc-primary-school,100504,Our Lady of Victories RC Primary School,Kensington and Chelsea,Clareville Street,London,SW7 5AQ,Primary,Roman Catholic,22.0,148,14.0,15.384615,493,51.492836,-0.179437,Our Lady of Victories RC Primary School,22.0,A+,Ofsted Good,http://www.olov.rbkc.sch.uk?utm_source=snobe-co-uk&utm_medium=school-profile&utm_campaign=organic,2026-03-19,12.8,20.9,14.0,22.0,12.8,22.0,14.0,62.0,8.0,30,,,Kensington and Chelsea,True
https://snobe.co.uk/schools/our-lady-victories-rc-primary-school,100504,Our Lady of Victories RC Primary School,Kensington and Chelsea,Clareville Street,London,SW7 5AQ,Primary,Roman Catholic,22.0,135,14.0,15.384615,500,51.492836,-0.179437,Our Lady of Victories RC Primary School,22.0,A+,Ofsted Good,http://www.olov.rbkc.sch.uk?utm_source=snobe-co-uk&utm_medium=school-profile&utm_campaign=organic,2026-03-19,12.8,20.9,14.0,22.0,12.8,22.0,14.0,62.0,8.0,27,,,Kensington and Chelsea,True
https://snobe.co.uk/schools/our-lady-victories-rc-primary-school,100504,Our Lady of Victories RC Primary School,Kensington and Chelsea,Clareville Street,London,SW7 5AQ,Primary,Roman Catholic,22.0,156,14.0,15.384615,520,51.492836,-0.179437,Our Lady of Victories RC Primary School,22.0,A+,Ofsted Good,http://www.olov.rbkc.sch.uk?utm_source=snobe-co-uk&utm_medium=school-profile&utm_campaign=organic,2026-03-19,12.8,20.9,14.0,22.0,12.8,22.0,14.0,62.0,8.0,30,,,Kensington and Chelsea,True
https://snobe.co.uk/schools/our-lady-victories-rc-primary-school,100504,Our Lady of Victories RC Primary School,Kensington and Chelsea,Clareville Street,London,SW7 5AQ,Primary,Roman Catholic,22.0,161,14.0,15.384615,537,51.492836,-0.179437,Our Lady of Victories RC Primary School,22.0,A+,Ofsted Good,http://www.olov.rbkc.sch.uk?utm_source=snobe-co-uk&utm_medium=school-profile&utm_campaign=organic,2026-03-19,12.8,20.9,14.0,22.0,12.8,22.0,14.0,62.0,8.0,30,,,Kensington and Chelsea,True
https://snobe.co.uk/schools/our-lady-victories-rc-primary-school,100504,Our Lady of Victories RC Primary School,Kensington and Chelsea,Clareville Street,London,SW7 5AQ,Primary,Roman Catholic,22.0,161,14.0,15.384615,537,51.492836,-0.179437,Our Lady of Victories RC Primary School,22.0,A+,Ofsted Good,http://www.olov.rbkc.sch.uk?utm_source=snobe-co-uk&utm_medium=school-profile&utm_campaign=organic,2026-03-19,12.8,20.9,14.0,22.0,12.8,22.0,14.0,62.0,8.0,30,,,Kensington and Chelsea,True
https://snobe.co.uk/schools/our-lady-victories-rc-primary-school,100504,Our Lady of Victories RC Primary School,Kensington and Chelsea,Clareville Street,London,SW7 5AQ,Primary,Roman Catholic,22.0,183,14.0,15.384615,610,51.492836,-0.179437,Our Lady of Victories RC Primary School,22.0,A+,Ofsted Good,http://www.olov.rbkc.sch.uk?utm_source=snobe-co-uk&utm_medium=school-profile&utm_campaign=organic,2026-03-19,12.8,20.9,14.0,22.0,12.8,22.0,14.0,62.0,8.0,30,,,Kensington and Chelsea,True
https://snobe.co.uk/schools/our-lady-victories-rc-primary-school,100504,Our Lady of Victories RC Primary School,Kensington and Chelsea,Clareville Street,London,SW7 5AQ,Primary,Roman Catholic,22.0,167,14.0,15.384615,557,51.492836,-0.179437,Our Lady of Victories RC Primary School,22.0,A+,Ofsted Good,http://www.olov.rbkc.sch.uk?utm_source=snobe-co-uk&utm_medium=school-profile&utm_campaign=organic,2026-03-19,12.8,20.9,14.0,22.0,12.8,22.0,14.0,62.0,8.0,30,,,Kensington and Chelsea,True
https://snobe.co.uk/schools/our-lady-victories-rc-primary-school,100504,Our Lady of Victories RC Primary School,Kensington and Chelsea,Clareville Street,London,SW7 5AQ,Primary,Roman Catholic,22.0,165,14.0,15.384615,550,51.492836,-0.179437,Our Lady of Victories RC Primary School,22.0,A+,Ofsted Good,http://www.olov.rbkc.sch.uk?utm_source=snobe-co-uk&utm_medium=school-profile&utm_campaign=organic,2026-03-19,12.8,20.9,14.0,22.0,12.8,22.0,14.0,62.0,8.0,30,,,Kensington and Chelsea,True
https://snobe.co.uk/schools/saint-francis-assisi-catholic-primary-school,100494,Saint Francis of Assisi Catholic Primary School,Kensington and Chelsea,Treadgold Street,London,W11 4BJ,Primary,Roman Catholic,28.0,56,19.0,33.928571,200,51.512216,-0.216913,Saint Francis of Assisi Catholic Primary School,28.0,A+,Ofsted Good,http://www.stfrancisofassisi.org.uk?utm_source=snobe-co-uk&utm_medium=school-profile&utm_campaign=organic,2026-03-19,44.3,26.6,19.0,27.0,44.3,28.0,19.0,62.0,8.0,28,,,Kensington and Chelsea,True
https://snobe.co.uk/schools/saint-francis-assisi-catholic-primary-school,100494,Saint Francis of Assisi Catholic Primary School,Kensington and Chelsea,Treadgold Street,London,W11 4BJ,Primary,Roman Catholic,28.0,38,19.0,33.928571,181,51.512216,-0.216913,Saint Francis of Assisi Catholic Primary School,28.0,A+,Ofsted Good,http://www.stfrancisofassisi.org.uk?utm_source=snobe-co-uk&utm_medium=school-profile&utm_campaign=organic,2026-03-19,44.3,26.6,19.0,27.0,44.3,28.0,19.0,62.0,8.0,21,,,Kensington and Chelsea,True
https://snobe.co.uk/schools/saint-francis-assisi-catholic-primary-school,100494,Saint Francis of Assisi Catholic Primary School,Kensington and Chelsea,Treadgold Street,London,W11 4BJ,Primary,Roman Catholic,28.0,40,19.0,33.928571,133,51.512216,-0.216913,Saint Francis of Assisi Catholic Primary School,28.0,A+,Ofsted Good,http://www.stfrancisofassisi.org.uk?utm_source=snobe-co-uk&utm_medium=school-profile&utm_campaign=organic,2026-03-19,44.3,26.6,19.0,27.0,44.3,28.0,19.0,62.0,8.0,30,,,Kensington and Chelsea,True
https://snobe.co.uk/schools/saint-francis-assisi-catholic-primary-school,100494,Saint Francis of Assisi Catholic Primary School,Kensington and Chelsea,Treadgold Street,London,W11 4BJ,Primary,Roman Catholic,28.0,47,19.0,33.928571,162,51.512216,-0.216913,Saint Francis of Assisi Catholic Primary School,28.0,A+,Ofsted Good,http://www.stfrancisofassisi.org.uk?utm_source=snobe-co-uk&utm_medium=school-profile&utm_campaign=organic,2026-03-19,44.3,26.6,19.0,27.0,44.3,28.0,19.0,62.0,8.0,29,,,Kensington and Chelsea,True
https://snobe.co.uk/schools/saint-francis-assisi-catholic-primary-school,100494,Saint Francis of Assisi Catholic Primary School,Kensington and Chelsea,Treadgold Street,London,W11 4BJ,Primary,Roman Catholic,28.0,47,19.0,33.928571,162,51.512216,-0.216913,Saint Francis of Assisi Catholic Primary School,28.0,A+,Ofsted Good,http://www.stfrancisofassisi.org.uk?utm_source=snobe-co-uk&utm_medium=school-profile&utm_campaign=organic,2026-03-19,44.3,26.6,19.0,27.0,44.3,28.0,19.0,62.0,8.0,29,,,Kensington and Chelsea,True
https://snobe.co.uk/schools/saint-francis-assisi-catholic-primary-school,100494,Saint Francis of Assisi Catholic Primary School,Kensington and Chelsea,Treadgold Street,London,W11 4BJ,Primary,Roman Catholic,28.0,62,19.0,33.928571,144,51.512216,-0.216913,Saint Francis of Assisi Catholic Primary School,28.0,A+,Ofsted Good,http://www.stfrancisofassisi.org.uk?utm_source=snobe-co-uk&utm_medium=school-profile&utm_campaign=organic,2026-03-19,44.3,26.6,19.0,27.0,44.3,28.0,19.0,62.0,8.0,43,,,Kensington and Chelsea,True
https://snobe.co.uk/schools/saint-francis-assisi-catholic-primary-school,100494,Saint Francis of Assisi Catholic Primary School,Kensington and Chelsea,Treadgold Street,London,W11 4BJ,Primary,Roman Catholic,28.0,42,19.0,33.928571,95,51.512216,-0.216913,Saint Francis of Assisi Catholic Primary School,28.0,A+,Ofsted Good,http://www.stfrancisofassisi.org.uk?utm_source=snobe-co-uk&utm_medium=school-profile&utm_campaign=organic,2026-03-19,44.3,26.6,19.0,27.0,44.3,28.0,19.0,62.0,8.0,44,,,Kensington and Chelsea,True
https://snobe.co.uk/schools/saint-francis-assisi-catholic-primary-school,100494,Saint Francis of Assisi Catholic Primary School,Kensington and Chelsea,Treadgold Street,London,W11 4BJ,Primary,Roman Catholic,28.0,37,19.0,33.928571,123,51.512216,-0.216913,Saint Francis of Assisi Catholic Primary School,28.0,A+,Ofsted Good,http://www.stfrancisofassisi.org.uk?utm_source=snobe-co-uk&utm_medium=school-profile&utm_campaign=organic,2026-03-19,44.3,26.6,19.0,27.0,44.3,28.0,19.0,62.0,8.0,30,,,Kensington and Chelsea,True
https://snobe.co.uk/schools/saint-francis-assisi-catholic-primary-school,100494,Saint Francis of Assisi Catholic Primary School,Kensington and Chelsea,Treadgold Street,London,W11 4BJ,Primary,Roman Catholic,28.0,64,19.0,33.928571,246,51.512216,-0.216913,Saint Francis of Assisi Catholic Primary School,28.0,A+,Ofsted Good,http://www.stfrancisofassisi.org.uk?utm_source=snobe-co-uk&utm_medium=school-profile&utm_campaign=organic,2026-03-19,44.3,26.6,19.0,27.0,44.3,28.0,19.0,62.0,8.0,26,,,Kensington and Chelsea,True
https://snobe.co.uk/schools/saint-francis-assisi-catholic-primary-school,100494,Saint Francis of Assisi Catholic Primary School,Kensington and Chelsea,Treadgold Street,London,W11 4BJ,Primary,Roman Catholic,28.0,79,19.0,33.928571,203,51.512216,-0.216913,Saint Francis of Assisi Catholic Primary School,28.0,A+,Ofsted Good,http://www.stfrancisofassisi.org.uk?utm_source=snobe-co-uk&utm_medium=school-profile&utm_campaign=organic,2026-03-19,44.3,26.6,19.0,27.0,44.3,28.0,19.0,62.0,8.0,39,,,Kensington and Chelsea,True
https://snobe.co.uk/schools/saint-francis-assisi-catholic-primary-school,100494,Saint Francis of Assisi Catholic Primary School,Kensington and Chelsea,Treadgold Street,London,W11 4BJ,Primary,Roman Catholic,28.0,91,19.0,33.928571,202,51.512216,-0.216913,Saint Francis of Assisi Catholic Primary School,28.0,A+,Ofsted Good,http://www.stfrancisofassisi.org.uk?utm_source=snobe-co-uk&utm_medium=school-profile&utm_campaign=organic,2026-03-19,44.3,26.6,19.0,27.0,44.3,28.0,19.0,62.0,8.0,45,,,Kensington and Chelsea,True
https://snobe.co.uk/schools/saint-francis-assisi-catholic-primary-school,100494,Saint Francis of Assisi Catholic Primary School,Kensington and Chelsea,Treadgold Street,London,W11 4BJ,Primary,Roman Catholic,28.0,123,19.0,33.928571,273,51.512216,-0.216913,Saint Francis of Assisi Catholic Primary School,28.0,A+,Ofsted Good,http://www.stfrancisofassisi.org.uk?utm_source=snobe-co-uk&utm_medium=school-profile&utm_campaign=organic,2026-03-19,44.3,26.6,19.0,27.0,44.3,28.0,19.0,62.0,8.0,45,,,Kensington and Chelsea,True
https://snobe.co.uk/schools/saint-marys-catholic-primary-school,100499,Saint Mary's Catholic Primary School,Kensington and Chelsea,East Row,London,W10 5AW,Primary,Roman Catholic,12.0,28,11.0,39.285714,233,51.525081,-0.210774,Saint Mary's Catholic Primary School,12.0,A,Ofsted Good,http://www.st-marys.rbkc.sch.uk?utm_source=snobe-co-uk&utm_medium=school-profile&utm_campaign=organic,2026-03-19,57.1,11.4,11.0,11.0,57.1,12.0,11.0,62.0,8.0,12,,,Kensington and Chelsea,True
https://snobe.co.uk/schools/saint-marys-catholic-primary-school,100499,Saint Mary's Catholic Primary School,Kensington and Chelsea,East Row,London,W10 5AW,Primary,Roman Catholic,12.0,33,11.0,39.285714,194,51.525081,-0.210774,Saint Mary's Catholic Primary School,12.0,A,Ofsted Good,http://www.st-marys.rbkc.sch.uk?utm_source=snobe-co-uk&utm_medium=school-profile&utm_campaign=organic,2026-03-19,57.1,11.4,11.0,11.0,57.1,12.0,11.0,62.0,8.0,17,,,Kensington and Chelsea,True
https://snobe.co.uk/schools/saint-marys-catholic-primary-school,100499,Saint Mary's Catholic Primary School,Kensington and Chelsea,East Row,London,W10 5AW,Primary,Roman Catholic,12.0,32,11.0,39.285714,188,51.525081,-0.210774,Saint Mary's Catholic Primary School,12.0,A,Ofsted Good,http://www.st-marys.rbkc.sch.uk?utm_source=snobe-co-uk&utm_medium=school-profile&utm_campaign=organic,2026-03-19,57.1,11.4,11.0,11.0,57.1,12.0,11.0,62.0,8.0,17,,,Kensington and Chelsea,True
https://snobe.co.uk/schools/saint-marys-catholic-primary-school,100499,Saint Mary's Catholic Primary School,Kensington and Chelsea,East Row,London,W10 5AW,Primary,Roman Catholic,12.0,39,11.0,39.285714,205,51.525081,-0.210774,Saint Mary's Catholic Primary School,12.0,A,Ofsted Good,http://www.st-marys.rbkc.sch.uk?utm_source=snobe-co-uk&utm_medium=school-profile&utm_campaign=organic,2026-03-19,57.1,11.4,11.0,11.0,57.1,12.0,11.0,62.0,8.0,19,,,Kensington and Chelsea,True
https://snobe.co.uk/schools/saint-marys-catholic-primary-school,100499,Saint Mary's Catholic Primary School,Kensington and Chelsea,East Row,London,W10 5AW,Primary,Roman Catholic,12.0,47,11.0,39.285714,162,51.525081,-0.210774,Saint Mary's Catholic Primary School,12.0,A,Ofsted Good,http://www.st-marys.rbkc.sch.uk?utm_source=snobe-co-uk&utm_medium=school-profile&utm_campaign=organic,2026-03-19,57.1,11.4,11.0,11.0,57.1,12.0,11.0,62.0,8.0,29,,,Kensington and Chelsea,True
https://snobe.co.uk/schools/saint-marys-catholic-primary-school,100499,Saint Mary's Catholic Primary School,Kensington and Chelsea,East Row,London,W10 5AW,Primary,Roman Catholic,12.0,61,11.0,39.285714,185,51.525081,-0.210774,Saint Mary's Catholic Primary School,12.0,A,Ofsted Good,http://www.st-marys.rbkc.sch.uk?utm_source=snobe-co-uk&utm_medium=school-profile&utm_campaign=organic,2026-03-19,57.1,11.4,11.0,11.0,57.1,12.0,11.0,62.0,8.0,33,,,Kensington and Chelsea,True
https://snobe.co.uk/schools/saint-marys-catholic-primary-school,100499,Saint Mary's Catholic Primary School,Kensington and Chelsea,East Row,London,W10 5AW,Primary,Roman Catholic,12.0,33,11.0,39.285714,330,51.525081,-0.210774,Saint Mary's Catholic Primary School,12.0,A,Ofsted Good,http://www.st-marys.rbkc.sch.uk?utm_source=snobe-co-uk&utm_medium=school-profile&utm_campaign=organic,2026-03-19,57.1,11.4,11.0,11.0,57.1,12.0,11.0,62.0,8.0,10,,,Kensington and Chelsea,True
https://snobe.co.uk/schools/saint-marys-catholic-primary-school,100499,Saint Mary's Catholic Primary School,Kensington and Chelsea,East Row,London,W10 5AW,Primary,Roman Catholic,12.0,68,11.0,39.285714,227,51.525081,-0.210774,Saint Mary's Catholic Primary School,12.0,A,Ofsted Good,http://www.st-marys.rbkc.sch.uk?utm_source=snobe-co-uk&utm_medium=school-profile&utm_campaign=organic,2026-03-19,57.1,11.4,11.0,11.0,57.1,12.0,11.0,62.0,8.0,30,,,Kensington and Chelsea,True
https://snobe.co.uk/schools/saint-marys-catholic-primary-school,100499,Saint Mary's Catholic Primary School,Kensington and Chelsea,East Row,London,W10 5AW,Primary,Roman Catholic,12.0,76,11.0,39.285714,271,51.525081,-0.210774,Saint Mary's Catholic Primary School,12.0,A,Ofsted Good,http://www.st-marys.rbkc.sch.uk?utm_source=snobe-co-uk&utm_medium=school-profile&utm_campaign=organic,2026-03-19,57.1,11.4,11.0,11.0,57.1,12.0,11.0,62.0,8.0,28,,,Kensington and Chelsea,True
https://snobe.co.uk/schools/saint-marys-catholic-primary-school,100499,Saint Mary's Catholic Primary School,Kensington and Chelsea,East Row,London,W10 5AW,Primary,Roman Catholic,12.0,68,11.0,39.285714,219,51.525081,-0.210774,Saint Mary's Catholic Primary School,12.0,A,Ofsted Good,http://www.st-marys.rbkc.sch.uk?utm_source=snobe-co-uk&utm_medium=school-profile&utm_campaign=organic,2026-03-19,57.1,11.4,11.0,11.0,57.1,12.0,11.0,62.0,8.0,31,,,Kensington and Chelsea,True
https://snobe.co.uk/schools/saint-marys-catholic-primary-school,100499,Saint Mary's Catholic Primary School,Kensington and Chelsea,East Row,London,W10 5AW,Primary,Roman Catholic,12.0,88,11.0,39.285714,238,51.525081,-0.210774,Saint Mary's Catholic Primary School,12.0,A,Ofsted Good,http://www.st-marys.rbkc.sch.uk?utm_source=snobe-co-uk&utm_medium=school-profile&utm_campaign=organic,2026-03-19,57.1,11.4,11.0,11.0,57.1,12.0,11.0,62.0,8.0,37,,,Kensington and Chelsea,True
https://snobe.co.uk/schools/saint-marys-catholic-primary-school,100499,Saint Mary's Catholic Primary School,Kensington and Chelsea,East Row,London,W10 5AW,Primary,Roman Catholic,12.0,93,11.0,39.285714,207,51.525081,-0.210774,Saint Mary's Catholic Primary School,12.0,A,Ofsted Good,http://www.st-marys.rbkc.sch.uk?utm_source=snobe-co-uk&utm_medium=school-profile&utm_campaign=organic,2026-03-19,57.1,11.4,11.0,11.0,57.1,12.0,11.0,62.0,8.0,45,,,Kensington and Chelsea,True
https://snobe.co.uk/schools/servite-rc-primary-school,100500,Servite RC Primary School,Kensington and Chelsea,252 Fulham Road,London,SW10 9NA,Primary,Roman Catholic,30.0,113,21.0,18.584071,377,51.485033,-0.183046,Servite RC Primary School,30.0,A,Ofsted Outstanding,http://www.serviteprimaryschool.co.uk/?utm_source=snobe-co-uk&utm_medium=school-profile&utm_campaign=organic,2026-03-19,26.8,28.5,21.0,30.0,26.8,30.0,21.0,62.0,8.0,30,,,Kensington and Chelsea,True
https://snobe.co.uk/schools/servite-rc-primary-school,100500,Servite RC Primary School,Kensington and Chelsea,252 Fulham Road,London,SW10 9NA,Primary,Roman Catholic,30.0,85,21.0,18.584071,304,51.485033,-0.183046,Servite RC Primary School,30.0,A,Ofsted Outstanding,http://www.serviteprimaryschool.co.uk/?utm_source=snobe-co-uk&utm_medium=school-profile&utm_campaign=organic,2026-03-19,26.8,28.5,21.0,30.0,26.8,30.0,21.0,62.0,8.0,28,,,Kensington and Chelsea,True
https://snobe.co.uk/schools/servite-rc-primary-school,100500,Servite RC Primary School,Kensington and Chelsea,252 Fulham Road,London,SW10 9NA,Primary,Roman Catholic,30.0,113,21.0,18.584071,390,51.485033,-0.183046,Servite RC Primary School,30.0,A,Ofsted Outstanding,http://www.serviteprimaryschool.co.uk/?utm_source=snobe-co-uk&utm_medium=school-profile&utm_campaign=organic,2026-03-19,26.8,28.5,21.0,30.0,26.8,30.0,21.0,62.0,8.0,29,,,Kensington and Chelsea,True
https://snobe.co.uk/schools/servite-rc-primary-school,100500,Servite RC Primary School,Kensington and Chelsea,252 Fulham Road,London,SW10 9NA,Primary,Roman Catholic,30.0,108,21.0,18.584071,372,51.485033,-0.183046,Servite RC Primary School,30.0,A,Ofsted Outstanding,http://www.serviteprimaryschool.co.uk/?utm_source=snobe-co-uk&utm_medium=school-profile&utm_campaign=organic,2026-03-19,26.8,28.5,21.0,30.0,26.8,30.0,21.0,62.0,8.0,29,,,Kensington and Chelsea,True
https://snobe.co.uk/schools/servite-rc-primary-school,100500,Servite RC Primary School,Kensington and Chelsea,252 Fulham Road,London,SW10 9NA,Primary,Roman Catholic,30.0,132,21.0,18.584071,440,51.485033,-0.183046,Servite RC Primary School,30.0,A,Ofsted Outstanding,http://www.serviteprimaryschool.co.uk/?utm_source=snobe-co-uk&utm_medium=school-profile&utm_campaign=organic,2026-03-19,26.8,28.5,21.0,30.0,26.8,30.0,21.0,62.0,8.0,30,,,Kensington and Chelsea,True
https://snobe.co.uk/schools/servite-rc-primary-school,100500,Servite RC Primary School,Kensington and Chelsea,252 Fulham Road,London,SW10 9NA,Primary,Roman Catholic,30.0,125,21.0,18.584071,431,51.485033,-0.183046,Servite RC Primary School,30.0,A,Ofsted Outstanding,http://www.serviteprimaryschool.co.uk/?utm_source=snobe-co-uk&utm_medium=school-profile&utm_campaign=organic,2026-03-19,26.8,28.5,21.0,30.0,26.8,30.0,21.0,62.0,8.0,29,,,Kensington and Chelsea,True
https://snobe.co.uk/schools/servite-rc-primary-school,100500,Servite RC Primary School,Kensington and Chelsea,252 Fulham Road,London,SW10 9NA,Primary,Roman Catholic,30.0,136,21.0,18.584071,469,51.485033,-0.183046,Servite RC Primary School,30.0,A,Ofsted Outstanding,http://www.serviteprimaryschool.co.uk/?utm_source=snobe-co-uk&utm_medium=school-profile&utm_campaign=organic,2026-03-19,26.8,28.5,21.0,30.0,26.8,30.0,21.0,62.0,8.0,29,,,Kensington and Chelsea,True
https://snobe.co.uk/schools/servite-rc-primary-school,100500,Servite RC Primary School,Kensington and Chelsea,252 Fulham Road,London,SW10 9NA,Primary,Roman Catholic,30.0,144,21.0,18.584071,497,51.485033,-0.183046,Servite RC Primary School,30.0,A,Ofsted Outstanding,http://www.serviteprimaryschool.co.uk/?utm_source=snobe-co-uk&utm_medium=school-profile&utm_campaign=organic,2026-03-19,26.8,28.5,21.0,30.0,26.8,30.0,21.0,62.0,8.0,29,,,Kensington and Chelsea,True
https://snobe.co.uk/schools/servite-rc-primary-school,100500,Servite RC Primary School,Kensington and Chelsea,252 Fulham Road,London,SW10 9NA,Primary,Roman Catholic,30.0,160,21.0,18.584071,552,51.485033,-0.183046,Servite RC Primary School,30.0,A,Ofsted Outstanding,http://www.serviteprimaryschool.co.uk/?utm_source=snobe-co-uk&utm_medium=school-profile&utm_campaign=organic,2026-03-19,26.8,28.5,21.0,30.0,26.8,30.0,21.0,62.0,8.0,29,,,Kensington and Chelsea,True
https://snobe.co.uk/schools/servite-rc-primary-school,100500,Servite RC Primary School,Kensington and Chelsea,252 Fulham Road,London,SW10 9NA,Primary,Roman Catholic,30.0,156,21.0,18.584071,538,51.485033,-0.183046,Servite RC Primary School,30.0,A,Ofsted Outstanding,http://www.serviteprimaryschool.co.uk/?utm_source=snobe-co-uk&utm_medium=school-profile&utm_campaign=organic,2026-03-19,26.8,28.5,21.0,30.0,26.8,30.0,21.0,62.0,8.0,29,,,Kensington and Chelsea,True
https://snobe.co.uk/schools/servite-rc-primary-school,100500,Servite RC Primary School,Kensington and Chelsea,252 Fulham Road,London,SW10 9NA,Primary,Roman Catholic,30.0,154,21.0,18.584071,513,51.485033,-0.183046,Servite RC Primary School,30.0,A,Ofsted Outstanding,http://www.serviteprimaryschool.co.uk/?utm_source=snobe-co-uk&utm_medium=school-profile&utm_campaign=organic,2026-03-19,26.8,28.5,21.0,30.0,26.8,30.0,21.0,62.0,8.0,30,,,Kensington and Chelsea,True
https://snobe.co.uk/schools/servite-rc-primary-school,100500,Servite RC Primary School,Kensington and Chelsea,252 Fulham Road,London,SW10 9NA,Primary,Roman Catholic,30.0,187,21.0,18.584071,645,51.485033,-0.183046,Servite RC Primary School,30.0,A,Ofsted Outstanding,http://www.serviteprimaryschool.co.uk/?utm_source=snobe-co-uk&utm_medium=school-profile&utm_campaign=organic,2026-03-19,26.8,28.5,21.0,30.0,26.8,30.0,21.0,62.0,8.0,29,,,Kensington and Chelsea,True
https://snobe.co.uk/schools/st-charles-catholic-primary-school,100505,St Charles Catholic Primary School,Kensington and Chelsea,83 St Charles Square,London,W10 6EB,Primary,Roman Catholic,29.0,47,26.0,55.319149,162,51.52172,-0.213918,St Charles Catholic Primary School,29.0,A+,Ofsted Good,http://www.st-charles.rbkc.sch.uk?utm_source=snobe-co-uk&utm_medium=school-profile&utm_campaign=organic,2026-03-19,49.1,27.55,26.0,28.0,49.1,29.0,26.0,62.0,8.0,29,,,Kensington and Chelsea,True
https://snobe.co.uk/schools/st-charles-catholic-primary-school,100505,St Charles Catholic Primary School,Kensington and Chelsea,83 St Charles Square,London,W10 6EB,Primary,Roman Catholic,29.0,39,26.0,55.319149,217,51.52172,-0.213918,St Charles Catholic Primary School,29.0,A+,Ofsted Good,http://www.st-charles.rbkc.sch.uk?utm_source=snobe-co-uk&utm_medium=school-profile&utm_campaign=organic,2026-03-19,49.1,27.55,26.0,28.0,49.1,29.0,26.0,62.0,8.0,18,,,Kensington and Chelsea,True
https://snobe.co.uk/schools/st-charles-catholic-primary-school,100505,St Charles Catholic Primary School,Kensington and Chelsea,83 St Charles Square,London,W10 6EB,Primary,Roman Catholic,29.0,45,26.0,55.319149,214,51.52172,-0.213918,St Charles Catholic Primary School,29.0,A+,Ofsted Good,http://www.st-charles.rbkc.sch.uk?utm_source=snobe-co-uk&utm_medium=school-profile&utm_campaign=organic,2026-03-19,49.1,27.55,26.0,28.0,49.1,29.0,26.0,62.0,8.0,21,,,Kensington and Chelsea,True
https://snobe.co.uk/schools/st-charles-catholic-primary-school,100505,St Charles Catholic Primary School,Kensington and Chelsea,83 St Charles Square,London,W10 6EB,Primary,Roman Catholic,29.0,50,26.0,55.319149,192,51.52172,-0.213918,St Charles Catholic Primary School,29.0,A+,Ofsted Good,http://www.st-charles.rbkc.sch.uk?utm_source=snobe-co-uk&utm_medium=school-profile&utm_campaign=organic,2026-03-19,49.1,27.55,26.0,28.0,49.1,29.0,26.0,62.0,8.0,26,,,Kensington and Chelsea,True
https://snobe.co.uk/schools/st-charles-catholic-primary-school,100505,St Charles Catholic Primary School,Kensington and Chelsea,83 St Charles Square,London,W10 6EB,Primary,Roman Catholic,29.0,65,26.0,55.319149,250,51.52172,-0.213918,St Charles Catholic Primary School,29.0,A+,Ofsted Good,http://www.st-charles.rbkc.sch.uk?utm_source=snobe-co-uk&utm_medium=school-profile&utm_campaign=organic,2026-03-19,49.1,27.55,26.0,28.0,49.1,29.0,26.0,62.0,8.0,26,,,Kensington and Chelsea,True
https://snobe.co.uk/schools/st-charles-catholic-primary-school,100505,St Charles Catholic Primary School,Kensington and Chelsea,83 St Charles Square,London,W10 6EB,Primary,Roman Catholic,29.0,70,26.0,55.319149,167,51.52172,-0.213918,St Charles Catholic Primary School,29.0,A+,Ofsted Good,http://www.st-charles.rbkc.sch.uk?utm_source=snobe-co-uk&utm_medium=school-profile&utm_campaign=organic,2026-03-19,49.1,27.55,26.0,28.0,49.1,29.0,26.0,62.0,8.0,42,,,Kensington and Chelsea,True
https://snobe.co.uk/schools/st-charles-catholic-primary-school,100505,St Charles Catholic Primary School,Kensington and Chelsea,83 St Charles Square,London,W10 6EB,Primary,Roman Catholic,29.0,69,26.0,55.319149,192,51.52172,-0.213918,St Charles Catholic Primary School,29.0,A+,Ofsted Good,http://www.st-charles.rbkc.sch.uk?utm_source=snobe-co-uk&utm_medium=school-profile&utm_campaign=organic,2026-03-19,49.1,27.55,26.0,28.0,49.1,29.0,26.0,62.0,8.0,36,,,Kensington and Chelsea,True
https://snobe.co.uk/schools/st-charles-catholic-primary-school,100505,St Charles Catholic Primary School,Kensington and Chelsea,83 St Charles Square,London,W10 6EB,Primary,Roman Catholic,29.0,74,26.0,55.319149,211,51.52172,-0.213918,St Charles Catholic Primary School,29.0,A+,Ofsted Good,http://www.st-charles.rbkc.sch.uk?utm_source=snobe-co-uk&utm_medium=school-profile&utm_campaign=organic,2026-03-19,49.1,27.55,26.0,28.0,49.1,29.0,26.0,62.0,8.0,35,,,Kensington and Chelsea,True
https://snobe.co.uk/schools/st-charles-catholic-primary-school,100505,St Charles Catholic Primary School,Kensington and Chelsea,83 St Charles Square,London,W10 6EB,Primary,Roman Catholic,29.0,85,26.0,55.319149,207,51.52172,-0.213918,St Charles Catholic Primary School,29.0,A+,Ofsted Good,http://www.st-charles.rbkc.sch.uk?utm_source=snobe-co-uk&utm_medium=school-profile&utm_campaign=organic,2026-03-19,49.1,27.55,26.0,28.0,49.1,29.0,26.0,62.0,8.0,41,,,Kensington and Chelsea,True
https://snobe.co.uk/schools/st-charles-catholic-primary-school,100505,St Charles Catholic Primary School,Kensington and Chelsea,83 St Charles Square,London,W10 6EB,Primary,Roman Catholic,29.0,72,26.0,55.319149,225,51.52172,-0.213918,St Charles Catholic Primary School,29.0,A+,Ofsted Good,http://www.st-charles.rbkc.sch.uk?utm_source=snobe-co-uk&utm_medium=school-profile&utm_campaign=organic,2026-03-19,49.1,27.55,26.0,28.0,49.1,29.0,26.0,62.0,8.0,32,,,Kensington and Chelsea,True
https://snobe.co.uk/schools/st-charles-catholic-primary-school,100505,St Charles Catholic Primary School,Kensington and Chelsea,83 St Charles Square,London,W10 6EB,Primary,Roman Catholic,29.0,89,26.0,55.319149,198,51.52172,-0.213918,St Charles Catholic Primary School,29.0,A+,Ofsted Good,http://www.st-charles.rbkc.sch.uk?utm_source=snobe-co-uk&utm_medium=school-profile&utm_campaign=organic,2026-03-19,49.1,27.55,26.0,28.0,49.1,29.0,26.0,62.0,8.0,45,,,Kensington and Chelsea,True
https://snobe.co.uk/schools/st-charles-catholic-primary-school,100505,St Charles Catholic Primary School,Kensington and Chelsea,83 St Charles Square,London,W10 6EB,Primary,Roman Catholic,29.0,107,26.0,55.319149,238,51.52172,-0.213918,St Charles Catholic Primary School,29.0,A+,Ofsted Good,http://www.st-charles.rbkc.sch.uk?utm_source=snobe-co-uk&utm_medium=school-profile&utm_campaign=organic,2026-03-19,49.1,27.55,26.0,28.0,49.1,29.0,26.0,62.0,8.0,45,,,Kensington and Chelsea,True
https://snobe.co.uk/schools/st-philips-school,100516,St Philip's School,Kensington and Chelsea,6 Wetherby Place,London,SW7 4NE,Not applicable,Roman Catholic,,0,,,0,51.49276,-0.182638,St Philip's School,210.0,D,Ofsted Good,http://www.stpschool.co.uk?utm_source=snobe-co-uk&utm_medium=school-profile&utm_campaign=organic,2026-03-19,25.0,104.5,0.0,,,,,62.0,8.0,0,,,,False
https://snobe.co.uk/schools/st-thomas-more-language-college,151008,St. Thomas More Language College,Kensington and Chelsea,Cadogan Street,London,SW3 2QS,Secondary,Roman Catholic,149.0,368,54.0,14.673913,247,51.492899,-0.162147,St. Thomas More Language College,149.0,B-,Ofsted Outstanding,http://www.stmlc.co.uk/?utm_source=snobe-co-uk&utm_medium=school-profile&utm_campaign=organic,2026-03-19,25.0,141.54999999999998,54.0,123.0,,149.0,54.0,62.0,8.0,149,,,Kensington and Chelsea,True
https://snobe.co.uk/schools/cardinal-vaughan-memorial-rc-school,100506,The Cardinal Vaughan Memorial RC School,Kensington and Chelsea,89 Addison Road,London,W14 8BZ,Secondary,Roman Catholic,124.0,872,102.0,13.915416,765,51.503873,-0.211792,The Cardinal Vaughan Memorial RC School,114.0,A-,Ofsted Outstanding,http://www.cvms.co.uk/?utm_source=snobe-co-uk&utm_medium=school-profile&utm_campaign=organic,2026-03-19,6.5,117.8,91.0,114.0,6.5,114.0,91.0,62.0,8.0,114,,,Kensington and Chelsea,True
https://snobe.co.uk/schools/cardinal-vaughan-memorial-rc-school,100506,The Cardinal Vaughan Memorial RC School,Kensington and Chelsea,89 Addison Road,London,W14 8BZ,Secondary,Roman Catholic,124.0,842,102.0,13.915416,714,51.503873,-0.211792,The Cardinal Vaughan Memorial RC School,114.0,A-,Ofsted Outstanding,http://www.cvms.co.uk/?utm_source=snobe-co-uk&utm_medium=school-profile&utm_campaign=organic,2026-03-19,6.5,117.8,91.0,114.0,6.5,114.0,91.0,62.0,8.0,118,,,Kensington and Chelsea,True
https://snobe.co.uk/schools/our-lady-immaculate-catholic-primary-school,102595,Our Lady Immaculate Catholic Primary School,Kingston upon Thames,399 Ewell Road,Surbiton,KT6 7DG,Primary,Roman Catholic,45.0,89,31.0,26.495726,278,51.38244,-0.283627,Our Lady Immaculate Catholic Primary School,32.0,A,Ofsted Outstanding,http://www.oli.kingston.sch.uk/?utm_source=snobe-co-uk&utm_medium=school-profile&utm_campaign=organic,2026-03-19,7.5,42.75,31.0,32.0,7.5,32.0,31.0,40.0,4.0,32,,,Kingston upon Thames,True
https://snobe.co.uk/schools/our-lady-immaculate-catholic-primary-school,102595,Our Lady Immaculate Catholic Primary School,Kingston upon Thames,399 Ewell Road,Surbiton,KT6 7DG,Primary,Roman Catholic,45.0,141,31.0,26.495726,288,51.38244,-0.283627,Our Lady Immaculate Catholic Primary School,32.0,A,Ofsted Outstanding,http://www.oli.kingston.sch.uk/?utm_source=snobe-co-uk&utm_medium=school-profile&utm_campaign=organic,2026-03-19,7.5,42.75,31.0,32.0,7.5,32.0,31.0,40.0,4.0,49,,,Kingston upon Thames,True
https://snobe.co.uk/schools/our-lady-immaculate-catholic-primary-school,102595,Our Lady Immaculate Catholic Primary School,Kingston upon Thames,399 Ewell Road,Surbiton,KT6 7DG,Primary,Roman Catholic,45.0,157,31.0,26.495726,262,51.38244,-0.283627,Our Lady Immaculate Catholic Primary School,32.0,A,Ofsted Outstanding,http://www.oli.kingston.sch.uk/?utm_source=snobe-co-uk&utm_medium=school-profile&utm_campaign=organic,2026-03-19,7.5,42.75,31.0,32.0,7.5,32.0,31.0,40.0,4.0,60,,,Kingston upon Thames,True
https://snobe.co.uk/schools/our-lady-immaculate-catholic-primary-school,102595,Our Lady Immaculate Catholic Primary School,Kingston upon Thames,399 Ewell Road,Surbiton,KT6 7DG,Primary,Roman Catholic,45.0,155,31.0,26.495726,258,51.38244,-0.283627,Our Lady Immaculate Catholic Primary School,32.0,A,Ofsted Outstanding,http://www.oli.kingston.sch.uk/?utm_source=snobe-co-uk&utm_medium=school-profile&utm_campaign=organic,2026-03-19,7.5,42.75,31.0,32.0,7.5,32.0,31.0,40.0,4.0,60,,,Kingston upon Thames,True
https://snobe.co.uk/schools/our-lady-immaculate-catholic-primary-school,102595,Our Lady Immaculate Catholic Primary School,Kingston upon Thames,399 Ewell Road,Surbiton,KT6 7DG,Primary,Roman Catholic,45.0,144,31.0,26.495726,240,51.38244,-0.283627,Our Lady Immaculate Catholic Primary School,32.0,A,Ofsted Outstanding,http://www.oli.kingston.sch.uk/?utm_source=snobe-co-uk&utm_medium=school-profile&utm_campaign=organic,2026-03-19,7.5,42.75,31.0,32.0,7.5,32.0,31.0,40.0,4.0,60,,,Kingston upon Thames,True
https://snobe.co.uk/schools/our-lady-immaculate-catholic-primary-school,102595,Our Lady Immaculate Catholic Primary School,Kingston upon Thames,399 Ewell Road,Surbiton,KT6 7DG,Primary,Roman Catholic,45.0,165,31.0,26.495726,275,51.38244,-0.283627,Our Lady Immaculate Catholic Primary School,32.0,A,Ofsted Outstanding,http://www.oli.kingston.sch.uk/?utm_source=snobe-co-uk&utm_medium=school-profile&utm_campaign=organic,2026-03-19,7.5,42.75,31.0,32.0,7.5,32.0,31.0,40.0,4.0,60,,,Kingston upon Thames,True
https://snobe.co.uk/schools/our-lady-immaculate-catholic-primary-school,102595,Our Lady Immaculate Catholic Primary School,Kingston upon Thames,399 Ewell Road,Surbiton,KT6 7DG,Primary,Roman Catholic,45.0,163,31.0,26.495726,272,51.38244,-0.283627,Our Lady Immaculate Catholic Primary School,32.0,A,Ofsted Outstanding,http://www.oli.kingston.sch.uk/?utm_source=snobe-co-uk&utm_medium=school-profile&utm_campaign=organic,2026-03-19,7.5,42.75,31.0,32.0,7.5,32.0,31.0,40.0,4.0,60,,,Kingston upon Thames,True
https://snobe.co.uk/schools/our-lady-immaculate-catholic-primary-school,102595,Our Lady Immaculate Catholic Primary School,Kingston upon Thames,399 Ewell Road,Surbiton,KT6 7DG,Primary,Roman Catholic,45.0,169,31.0,26.495726,282,51.38244,-0.283627,Our Lady Immaculate Catholic Primary School,32.0,A,Ofsted Outstanding,http://www.oli.kingston.sch.uk/?utm_source=snobe-co-uk&utm_medium=school-profile&utm_campaign=organic,2026-03-19,7.5,42.75,31.0,32.0,7.5,32.0,31.0,40.0,4.0,60,,,Kingston upon Thames,True
https://snobe.co.uk/schools/our-lady-immaculate-catholic-primary-school,102595,Our Lady Immaculate Catholic Primary School,Kingston upon Thames,399 Ewell Road,Surbiton,KT6 7DG,Primary,Roman Catholic,45.0,166,31.0,26.495726,277,51.38244,-0.283627,Our Lady Immaculate Catholic Primary School,32.0,A,Ofsted Outstanding,http://www.oli.kingston.sch.uk/?utm_source=snobe-co-uk&utm_medium=school-profile&utm_campaign=organic,2026-03-19,7.5,42.75,31.0,32.0,7.5,32.0,31.0,40.0,4.0,60,,,Kingston upon Thames,True
https://snobe.co.uk/schools/our-lady-immaculate-catholic-primary-school,102595,Our Lady Immaculate Catholic Primary School,Kingston upon Thames,399 Ewell Road,Surbiton,KT6 7DG,Primary,Roman Catholic,45.0,181,31.0,26.495726,302,51.38244,-0.283627,Our Lady Immaculate Catholic Primary School,32.0,A,Ofsted Outstanding,http://www.oli.kingston.sch.uk/?utm_source=snobe-co-uk&utm_medium=school-profile&utm_campaign=organic,2026-03-19,7.5,42.75,31.0,32.0,7.5,32.0,31.0,40.0,4.0,60,,,Kingston upon Thames,True
https://snobe.co.uk/schools/our-lady-immaculate-catholic-primary-school,102595,Our Lady Immaculate Catholic Primary School,Kingston upon Thames,399 Ewell Road,Surbiton,KT6 7DG,Primary,Roman Catholic,45.0,202,31.0,26.495726,337,51.38244,-0.283627,Our Lady Immaculate Catholic Primary School,32.0,A,Ofsted Outstanding,http://www.oli.kingston.sch.uk/?utm_source=snobe-co-uk&utm_medium=school-profile&utm_campaign=organic,2026-03-19,7.5,42.75,31.0,32.0,7.5,32.0,31.0,40.0,4.0,60,,,Kingston upon Thames,True
https://snobe.co.uk/schools/richard-challoner-school,102606,Richard Challoner School,Kingston upon Thames,Manor Drive North,New Malden,KT3 5PE,Secondary,Roman Catholic,150.0,597,136.0,22.78057,59700,51.385276,-0.26488,Richard Challoner School,210.0,A-,Ofsted Outstanding,http://www.richardchalloner.com?utm_source=snobe-co-uk&utm_medium=school-profile&utm_campaign=organic,2026-03-19,25.0,142.5,0.0,,,,,40.0,4.0,0,,,,True
https://snobe.co.uk/schools/st-agathas-catholic-primary-school,102597,St Agatha's Catholic Primary School,Kingston upon Thames,St Agatha's Drive,Kingston upon Thames,KT2 5TY,Primary,Roman Catholic,38.0,129,35.0,27.131783,12900,51.4172,0.303,St Agatha's Catholic Primary School,210.0,B-,Ofsted Good,http://www.stagathas.school?utm_source=snobe-co-uk&utm_medium=school-profile&utm_campaign=organic,2026-03-19,25.0,36.1,0.0,,,,,40.0,4.0,0,,,,True
https://snobe.co.uk/schools/holy-cross-school,102607,The Holy Cross School,Kingston upon Thames,25 Sandal Road,New Malden,KT3 5AR,Secondary,Roman Catholic,155.0,629,126.0,20.031797,62900,51.397917,-0.261671,The Holy Cross School,210.0,B-,Ofsted Good,http://www.holycross.kingston.sch.uk?utm_source=snobe-co-uk&utm_medium=school-profile&utm_campaign=organic,2026-03-19,25.0,147.25,0.0,,,,,40.0,4.0,0,,,,True
https://snobe.co.uk/schools/bishop-thomas-grant-catholic-secondary-school,100638,Bishop Thomas Grant Catholic Secondary School,Lambeth,Belltrees Grove,London,SW16 2HY,Secondary,Roman Catholic,176.0,692,157.0,22.687861,393,51.424972,-0.118713,Bishop Thomas Grant Catholic Secondary School,176.0,A,Ofsted Outstanding,http://www.btg.ac/?utm_source=snobe-co-uk&utm_medium=school-profile&utm_campaign=organic,2026-03-19,20.4,167.2,157.0,176.0,20.4,176.0,157.0,80.0,9.0,176,,,Lambeth,True
https://snobe.co.uk/schools/bishop-thomas-grant-catholic-secondary-school,100638,Bishop Thomas Grant Catholic Secondary School,Lambeth,Belltrees Grove,London,SW16 2HY,Secondary,Roman Catholic,176.0,760,157.0,22.687861,432,51.424972,-0.118713,Bishop Thomas Grant Catholic Secondary School,176.0,A,Ofsted Outstanding,http://www.btg.ac/?utm_source=snobe-co-uk&utm_medium=school-profile&utm_campaign=organic,2026-03-19,20.4,167.2,157.0,176.0,20.4,176.0,157.0,80.0,9.0,176,,,Lambeth,True
https://snobe.co.uk/schools/bishop-thomas-grant-catholic-secondary-school,100638,Bishop Thomas Grant Catholic Secondary School,Lambeth,Belltrees Grove,London,SW16 2HY,Secondary,Roman Catholic,176.0,757,157.0,22.687861,430,51.424972,-0.118713,Bishop Thomas Grant Catholic Secondary School,176.0,A,Ofsted Outstanding,http://www.btg.ac/?utm_source=snobe-co-uk&utm_medium=school-profile&utm_campaign=organic,2026-03-19,20.4,167.2,157.0,176.0,20.4,176.0,157.0,80.0,9.0,176,,,Lambeth,True
https://snobe.co.uk/schools/bishop-thomas-grant-catholic-secondary-school,100638,Bishop Thomas Grant Catholic Secondary School,Lambeth,Belltrees Grove,London,SW16 2HY,Secondary,Roman Catholic,176.0,809,157.0,22.687861,465,51.424972,-0.118713,Bishop Thomas Grant Catholic Secondary School,176.0,A,Ofsted Outstanding,http://www.btg.ac/?utm_source=snobe-co-uk&utm_medium=school-profile&utm_campaign=organic,2026-03-19,20.4,167.2,157.0,176.0,20.4,176.0,157.0,80.0,9.0,174,,,Lambeth,True
https://snobe.co.uk/schools/bishop-thomas-grant-catholic-secondary-school,100638,Bishop Thomas Grant Catholic Secondary School,Lambeth,Belltrees Grove,London,SW16 2HY,Secondary,Roman Catholic,176.0,868,157.0,22.687861,496,51.424972,-0.118713,Bishop Thomas Grant Catholic Secondary School,176.0,A,Ofsted Outstanding,http://www.btg.ac/?utm_source=snobe-co-uk&utm_medium=school-profile&utm_campaign=organic,2026-03-19,20.4,167.2,157.0,176.0,20.4,176.0,157.0,80.0,9.0,175,,,Lambeth,True
https://snobe.co.uk/schools/bishop-thomas-grant-catholic-secondary-school,100638,Bishop Thomas Grant Catholic Secondary School,Lambeth,Belltrees Grove,London,SW16 2HY,Secondary,Roman Catholic,176.0,944,157.0,22.687861,543,51.424972,-0.118713,Bishop Thomas Grant Catholic Secondary School,176.0,A,Ofsted Outstanding,http://www.btg.ac/?utm_source=snobe-co-uk&utm_medium=school-profile&utm_campaign=organic,2026-03-19,20.4,167.2,157.0,176.0,20.4,176.0,157.0,80.0,9.0,174,,,Lambeth,True
https://snobe.co.uk/schools/bishop-thomas-grant-catholic-secondary-school,100638,Bishop Thomas Grant Catholic Secondary School,Lambeth,Belltrees Grove,London,SW16 2HY,Secondary,Roman Catholic,176.0,965,157.0,22.687861,568,51.424972,-0.118713,Bishop Thomas Grant Catholic Secondary School,176.0,A,Ofsted Outstanding,http://www.btg.ac/?utm_source=snobe-co-uk&utm_medium=school-profile&utm_campaign=organic,2026-03-19,20.4,167.2,157.0,176.0,20.4,176.0,157.0,80.0,9.0,170,,,Lambeth,True
https://snobe.co.uk/schools/bishop-thomas-grant-catholic-secondary-school,100638,Bishop Thomas Grant Catholic Secondary School,Lambeth,Belltrees Grove,London,SW16 2HY,Secondary,Roman Catholic,176.0,1029,157.0,22.687861,514,51.424972,-0.118713,Bishop Thomas Grant Catholic Secondary School,176.0,A,Ofsted Outstanding,http://www.btg.ac/?utm_source=snobe-co-uk&utm_medium=school-profile&utm_campaign=organic,2026-03-19,20.4,167.2,157.0,176.0,20.4,176.0,157.0,80.0,9.0,200,,,Lambeth,True
https://snobe.co.uk/schools/bishop-thomas-grant-catholic-secondary-school,100638,Bishop Thomas Grant Catholic Secondary School,Lambeth,Belltrees Grove,London,SW16 2HY,Secondary,Roman Catholic,176.0,1035,157.0,22.687861,591,51.424972,-0.118713,Bishop Thomas Grant Catholic Secondary School,176.0,A,Ofsted Outstanding,http://www.btg.ac/?utm_source=snobe-co-uk&utm_medium=school-profile&utm_campaign=organic,2026-03-19,20.4,167.2,157.0,176.0,20.4,176.0,157.0,80.0,9.0,175,,,Lambeth,True
https://snobe.co.uk/schools/bishop-thomas-grant-catholic-secondary-school,100638,Bishop Thomas Grant Catholic Secondary School,Lambeth,Belltrees Grove,London,SW16 2HY,Secondary,Roman Catholic,176.0,1012,157.0,22.687861,585,51.424972,-0.118713,Bishop Thomas Grant Catholic Secondary School,176.0,A,Ofsted Outstanding,http://www.btg.ac/?utm_source=snobe-co-uk&utm_medium=school-profile&utm_campaign=organic,2026-03-19,20.4,167.2,157.0,176.0,20.4,176.0,157.0,80.0,9.0,173,,,Lambeth,True
https://snobe.co.uk/schools/bishop-thomas-grant-catholic-secondary-school,100638,Bishop Thomas Grant Catholic Secondary School,Lambeth,Belltrees Grove,London,SW16 2HY,Secondary,Roman Catholic,176.0,1001,157.0,22.687861,575,51.424972,-0.118713,Bishop Thomas Grant Catholic Secondary School,176.0,A,Ofsted Outstanding,http://www.btg.ac/?utm_source=snobe-co-uk&utm_medium=school-profile&utm_campaign=organic,2026-03-19,20.4,167.2,157.0,176.0,20.4,176.0,157.0,80.0,9.0,174,,,Lambeth,True
https://snobe.co.uk/schools/bishop-thomas-grant-catholic-secondary-school,100638,Bishop Thomas Grant Catholic Secondary School,Lambeth,Belltrees Grove,London,SW16 2HY,Secondary,Roman Catholic,176.0,963,157.0,22.687861,563,51.424972,-0.118713,Bishop Thomas Grant Catholic Secondary School,176.0,A,Ofsted Outstanding,http://www.btg.ac/?utm_source=snobe-co-uk&utm_medium=school-profile&utm_campaign=organic,2026-03-19,20.4,167.2,157.0,176.0,20.4,176.0,157.0,80.0,9.0,171,,,Lambeth,True
https://snobe.co.uk/schools/corpus-christi-catholic-primary-school-7,100630,Corpus Christi Catholic Primary School,Lambeth,Trent Road,London,SW2 5BL,Primary,Roman Catholic,60.0,158,59.0,37.341772,15800,51.456183,-0.12136,Corpus Christi Catholic Primary School,210.0,A+,Ofsted Outstanding,http://www.corpuschristischool.co.uk?utm_source=snobe-co-uk&utm_medium=school-profile&utm_campaign=organic,2026-03-19,25.0,57.0,0.0,,,,,80.0,9.0,0,,,,True
https://snobe.co.uk/schools/la-retraite-roman-catholic-girls-school,100637,La Retraite Roman Catholic Girls' School,Lambeth,Atkins Road,London,SW12 0AB,Secondary,Roman Catholic,163.0,336,110.0,32.738095,206,51.447914,-0.144755,La Retraite Roman Catholic Girls' School,163.0,A,Ofsted Outstanding,http://laretraite.co.uk?utm_source=snobe-co-uk&utm_medium=school-profile&utm_campaign=organic,2026-03-19,35.2,154.85,110.0,163.0,35.2,163.0,110.0,80.0,9.0,163,,,Lambeth,True
https://snobe.co.uk/schools/la-retraite-roman-catholic-girls-school,100637,La Retraite Roman Catholic Girls' School,Lambeth,Atkins Road,London,SW12 0AB,Secondary,Roman Catholic,163.0,318,110.0,32.738095,227,51.447914,-0.144755,La Retraite Roman Catholic Girls' School,163.0,A,Ofsted Outstanding,http://laretraite.co.uk?utm_source=snobe-co-uk&utm_medium=school-profile&utm_campaign=organic,2026-03-19,35.2,154.85,110.0,163.0,35.2,163.0,110.0,80.0,9.0,140,,,Lambeth,True
https://snobe.co.uk/schools/la-retraite-roman-catholic-girls-school,100637,La Retraite Roman Catholic Girls' School,Lambeth,Atkins Road,London,SW12 0AB,Secondary,Roman Catholic,163.0,316,110.0,32.738095,196,51.447914,-0.144755,La Retraite Roman Catholic Girls' School,163.0,A,Ofsted Outstanding,http://laretraite.co.uk?utm_source=snobe-co-uk&utm_medium=school-profile&utm_campaign=organic,2026-03-19,35.2,154.85,110.0,163.0,35.2,163.0,110.0,80.0,9.0,161,,,Lambeth,True
https://snobe.co.uk/schools/la-retraite-roman-catholic-girls-school,100637,La Retraite Roman Catholic Girls' School,Lambeth,Atkins Road,London,SW12 0AB,Secondary,Roman Catholic,163.0,305,110.0,32.738095,231,51.447914,-0.144755,La Retraite Roman Catholic Girls' School,163.0,A,Ofsted Outstanding,http://laretraite.co.uk?utm_source=snobe-co-uk&utm_medium=school-profile&utm_campaign=organic,2026-03-19,35.2,154.85,110.0,163.0,35.2,163.0,110.0,80.0,9.0,132,,,Lambeth,True
https://snobe.co.uk/schools/la-retraite-roman-catholic-girls-school,100637,La Retraite Roman Catholic Girls' School,Lambeth,Atkins Road,London,SW12 0AB,Secondary,Roman Catholic,163.0,391,110.0,32.738095,237,51.447914,-0.144755,La Retraite Roman Catholic Girls' School,163.0,A,Ofsted Outstanding,http://laretraite.co.uk?utm_source=snobe-co-uk&utm_medium=school-profile&utm_campaign=organic,2026-03-19,35.2,154.85,110.0,163.0,35.2,163.0,110.0,80.0,9.0,165,,,Lambeth,True
https://snobe.co.uk/schools/la-retraite-roman-catholic-girls-school,100637,La Retraite Roman Catholic Girls' School,Lambeth,Atkins Road,London,SW12 0AB,Secondary,Roman Catholic,163.0,370,110.0,32.738095,234,51.447914,-0.144755,La Retraite Roman Catholic Girls' School,163.0,A,Ofsted Outstanding,http://laretraite.co.uk?utm_source=snobe-co-uk&utm_medium=school-profile&utm_campaign=organic,2026-03-19,35.2,154.85,110.0,163.0,35.2,163.0,110.0,80.0,9.0,158,,,Lambeth,True
https://snobe.co.uk/schools/la-retraite-roman-catholic-girls-school,100637,La Retraite Roman Catholic Girls' School,Lambeth,Atkins Road,London,SW12 0AB,Secondary,Roman Catholic,163.0,429,110.0,32.738095,260,51.447914,-0.144755,La Retraite Roman Catholic Girls' School,163.0,A,Ofsted Outstanding,http://laretraite.co.uk?utm_source=snobe-co-uk&utm_medium=school-profile&utm_campaign=organic,2026-03-19,35.2,154.85,110.0,163.0,35.2,163.0,110.0,80.0,9.0,165,,,Lambeth,True
https://snobe.co.uk/schools/la-retraite-roman-catholic-girls-school,100637,La Retraite Roman Catholic Girls' School,Lambeth,Atkins Road,London,SW12 0AB,Secondary,Roman Catholic,163.0,423,110.0,32.738095,253,51.447914,-0.144755,La Retraite Roman Catholic Girls' School,163.0,A,Ofsted Outstanding,http://laretraite.co.uk?utm_source=snobe-co-uk&utm_medium=school-profile&utm_campaign=organic,2026-03-19,35.2,154.85,110.0,163.0,35.2,163.0,110.0,80.0,9.0,167,,,Lambeth,True
https://snobe.co.uk/schools/la-retraite-roman-catholic-girls-school,100637,La Retraite Roman Catholic Girls' School,Lambeth,Atkins Road,London,SW12 0AB,Secondary,Roman Catholic,163.0,506,110.0,32.738095,305,51.447914,-0.144755,La Retraite Roman Catholic Girls' School,163.0,A,Ofsted Outstanding,http://laretraite.co.uk?utm_source=snobe-co-uk&utm_medium=school-profile&utm_campaign=organic,2026-03-19,35.2,154.85,110.0,163.0,35.2,163.0,110.0,80.0,9.0,166,,,Lambeth,True
https://snobe.co.uk/schools/la-retraite-roman-catholic-girls-school,100637,La Retraite Roman Catholic Girls' School,Lambeth,Atkins Road,London,SW12 0AB,Secondary,Roman Catholic,163.0,453,110.0,32.738095,308,51.447914,-0.144755,La Retraite Roman Catholic Girls' School,163.0,A,Ofsted Outstanding,http://laretraite.co.uk?utm_source=snobe-co-uk&utm_medium=school-profile&utm_campaign=organic,2026-03-19,35.2,154.85,110.0,163.0,35.2,163.0,110.0,80.0,9.0,147,,,Lambeth,True
https://snobe.co.uk/schools/la-retraite-roman-catholic-girls-school,100637,La Retraite Roman Catholic Girls' School,Lambeth,Atkins Road,London,SW12 0AB,Secondary,Roman Catholic,163.0,487,110.0,32.738095,341,51.447914,-0.144755,La Retraite Roman Catholic Girls' School,163.0,A,Ofsted Outstanding,http://laretraite.co.uk?utm_source=snobe-co-uk&utm_medium=school-profile&utm_campaign=organic,2026-03-19,35.2,154.85,110.0,163.0,35.2,163.0,110.0,80.0,9.0,143,,,Lambeth,True
https://snobe.co.uk/schools/la-retraite-roman-catholic-girls-school,100637,La Retraite Roman Catholic Girls' School,Lambeth,Atkins Road,London,SW12 0AB,Secondary,Roman Catholic,163.0,545,110.0,32.738095,371,51.447914,-0.144755,La Retraite Roman Catholic Girls' School,163.0,A,Ofsted Outstanding,http://laretraite.co.uk?utm_source=snobe-co-uk&utm_medium=school-profile&utm_campaign=organic,2026-03-19,35.2,154.85,110.0,163.0,35.2,163.0,110.0,80.0,9.0,147,,,Lambeth,True
https://snobe.co.uk/schools/st-andrews-catholic-primary-school,100632,St Andrew's Catholic Primary School,Lambeth,Polworth Road,London,SW16 2ET,Primary,Roman Catholic,60.0,187,58.0,31.016043,312,51.424321,-0.125788,St Andrew's Catholic Primary School,60.0,A+,Ofsted Outstanding,http://www.st-andrewsrc.lambeth.sch.uk/?utm_source=snobe-co-uk&utm_medium=school-profile&utm_campaign=organic,2026-03-19,16.7,57.0,58.0,60.0,16.7,60.0,58.0,80.0,9.0,60,,,Lambeth,True
https://snobe.co.uk/schools/st-andrews-catholic-primary-school,100632,St Andrew's Catholic Primary School,Lambeth,Polworth Road,London,SW16 2ET,Primary,Roman Catholic,60.0,200,58.0,31.016043,333,51.424321,-0.125788,St Andrew's Catholic Primary School,60.0,A+,Ofsted Outstanding,http://www.st-andrewsrc.lambeth.sch.uk/?utm_source=snobe-co-uk&utm_medium=school-profile&utm_campaign=organic,2026-03-19,16.7,57.0,58.0,60.0,16.7,60.0,58.0,80.0,9.0,60,,,Lambeth,True
https://snobe.co.uk/schools/st-andrews-catholic-primary-school,100632,St Andrew's Catholic Primary School,Lambeth,Polworth Road,London,SW16 2ET,Primary,Roman Catholic,60.0,152,58.0,31.016043,276,51.424321,-0.125788,St Andrew's Catholic Primary School,60.0,A+,Ofsted Outstanding,http://www.st-andrewsrc.lambeth.sch.uk/?utm_source=snobe-co-uk&utm_medium=school-profile&utm_campaign=organic,2026-03-19,16.7,57.0,58.0,60.0,16.7,60.0,58.0,80.0,9.0,55,,,Lambeth,True
https://snobe.co.uk/schools/st-andrews-catholic-primary-school,100632,St Andrew's Catholic Primary School,Lambeth,Polworth Road,London,SW16 2ET,Primary,Roman Catholic,60.0,184,58.0,31.016043,307,51.424321,-0.125788,St Andrew's Catholic Primary School,60.0,A+,Ofsted Outstanding,http://www.st-andrewsrc.lambeth.sch.uk/?utm_source=snobe-co-uk&utm_medium=school-profile&utm_campaign=organic,2026-03-19,16.7,57.0,58.0,60.0,16.7,60.0,58.0,80.0,9.0,60,,,Lambeth,True
https://snobe.co.uk/schools/st-andrews-catholic-primary-school,100632,St Andrew's Catholic Primary School,Lambeth,Polworth Road,London,SW16 2ET,Primary,Roman Catholic,60.0,195,58.0,31.016043,325,51.424321,-0.125788,St Andrew's Catholic Primary School,60.0,A+,Ofsted Outstanding,http://www.st-andrewsrc.lambeth.sch.uk/?utm_source=snobe-co-uk&utm_medium=school-profile&utm_campaign=organic,2026-03-19,16.7,57.0,58.0,60.0,16.7,60.0,58.0,80.0,9.0,60,,,Lambeth,True
https://snobe.co.uk/schools/st-andrews-catholic-primary-school,100632,St Andrew's Catholic Primary School,Lambeth,Polworth Road,London,SW16 2ET,Primary,Roman Catholic,60.0,174,58.0,31.016043,290,51.424321,-0.125788,St Andrew's Catholic Primary School,60.0,A+,Ofsted Outstanding,http://www.st-andrewsrc.lambeth.sch.uk/?utm_source=snobe-co-uk&utm_medium=school-profile&utm_campaign=organic,2026-03-19,16.7,57.0,58.0,60.0,16.7,60.0,58.0,80.0,9.0,60,,,Lambeth,True
https://snobe.co.uk/schools/st-andrews-catholic-primary-school,100632,St Andrew's Catholic Primary School,Lambeth,Polworth Road,London,SW16 2ET,Primary,Roman Catholic,60.0,192,58.0,31.016043,320,51.424321,-0.125788,St Andrew's Catholic Primary School,60.0,A+,Ofsted Outstanding,http://www.st-andrewsrc.lambeth.sch.uk/?utm_source=snobe-co-uk&utm_medium=school-profile&utm_campaign=organic,2026-03-19,16.7,57.0,58.0,60.0,16.7,60.0,58.0,80.0,9.0,60,,,Lambeth,True
https://snobe.co.uk/schools/st-andrews-catholic-primary-school,100632,St Andrew's Catholic Primary School,Lambeth,Polworth Road,London,SW16 2ET,Primary,Roman Catholic,60.0,173,58.0,31.016043,288,51.424321,-0.125788,St Andrew's Catholic Primary School,60.0,A+,Ofsted Outstanding,http://www.st-andrewsrc.lambeth.sch.uk/?utm_source=snobe-co-uk&utm_medium=school-profile&utm_campaign=organic,2026-03-19,16.7,57.0,58.0,60.0,16.7,60.0,58.0,80.0,9.0,60,,,Lambeth,True
https://snobe.co.uk/schools/st-andrews-catholic-primary-school,100632,St Andrew's Catholic Primary School,Lambeth,Polworth Road,London,SW16 2ET,Primary,Roman Catholic,60.0,183,58.0,31.016043,305,51.424321,-0.125788,St Andrew's Catholic Primary School,60.0,A+,Ofsted Outstanding,http://www.st-andrewsrc.lambeth.sch.uk/?utm_source=snobe-co-uk&utm_medium=school-profile&utm_campaign=organic,2026-03-19,16.7,57.0,58.0,60.0,16.7,60.0,58.0,80.0,9.0,60,,,Lambeth,True
https://snobe.co.uk/schools/st-andrews-catholic-primary-school,100632,St Andrew's Catholic Primary School,Lambeth,Polworth Road,London,SW16 2ET,Primary,Roman Catholic,60.0,226,58.0,31.016043,377,51.424321,-0.125788,St Andrew's Catholic Primary School,60.0,A+,Ofsted Outstanding,http://www.st-andrewsrc.lambeth.sch.uk/?utm_source=snobe-co-uk&utm_medium=school-profile&utm_campaign=organic,2026-03-19,16.7,57.0,58.0,60.0,16.7,60.0,58.0,80.0,9.0,60,,,Lambeth,True
https://snobe.co.uk/schools/st-andrews-catholic-primary-school,100632,St Andrew's Catholic Primary School,Lambeth,Polworth Road,London,SW16 2ET,Primary,Roman Catholic,60.0,236,58.0,31.016043,393,51.424321,-0.125788,St Andrew's Catholic Primary School,60.0,A+,Ofsted Outstanding,http://www.st-andrewsrc.lambeth.sch.uk/?utm_source=snobe-co-uk&utm_medium=school-profile&utm_campaign=organic,2026-03-19,16.7,57.0,58.0,60.0,16.7,60.0,58.0,80.0,9.0,60,,,Lambeth,True
https://snobe.co.uk/schools/st-andrews-catholic-primary-school,100632,St Andrew's Catholic Primary School,Lambeth,Polworth Road,London,SW16 2ET,Primary,Roman Catholic,60.0,250,58.0,31.016043,417,51.424321,-0.125788,St Andrew's Catholic Primary School,60.0,A+,Ofsted Outstanding,http://www.st-andrewsrc.lambeth.sch.uk/?utm_source=snobe-co-uk&utm_medium=school-profile&utm_campaign=organic,2026-03-19,16.7,57.0,58.0,60.0,16.7,60.0,58.0,80.0,9.0,60,,,Lambeth,True
https://snobe.co.uk/schools/st-annes-catholic-primary-school,100629,St Anne's Catholic Primary School,Lambeth,6 Durham Street,London,SE11 5JA,Primary,Roman Catholic,8.0,30,8.0,26.666667,375,51.485126,-0.118803,St Anne's Catholic Primary School,8.0,A+,Ofsted Requires Improvement,http://www.st-annes.lambeth.sch.uk/?utm_source=snobe-co-uk&utm_medium=school-profile&utm_campaign=organic,2026-03-19,37.7,7.6,8.0,8.0,37.7,8.0,8.0,80.0,9.0,8,,,Lambeth,True
https://snobe.co.uk/schools/st-annes-catholic-primary-school,100629,St Anne's Catholic Primary School,Lambeth,6 Durham Street,London,SE11 5JA,Primary,Roman Catholic,8.0,41,8.0,26.666667,256,51.485126,-0.118803,St Anne's Catholic Primary School,8.0,A+,Ofsted Requires Improvement,http://www.st-annes.lambeth.sch.uk/?utm_source=snobe-co-uk&utm_medium=school-profile&utm_campaign=organic,2026-03-19,37.7,7.6,8.0,8.0,37.7,8.0,8.0,80.0,9.0,16,,,Lambeth,True
https://snobe.co.uk/schools/st-annes-catholic-primary-school,100629,St Anne's Catholic Primary School,Lambeth,6 Durham Street,London,SE11 5JA,Primary,Roman Catholic,8.0,57,8.0,26.666667,335,51.485126,-0.118803,St Anne's Catholic Primary School,8.0,A+,Ofsted Requires Improvement,http://www.st-annes.lambeth.sch.uk/?utm_source=snobe-co-uk&utm_medium=school-profile&utm_campaign=organic,2026-03-19,37.7,7.6,8.0,8.0,37.7,8.0,8.0,80.0,9.0,17,,,Lambeth,True
https://snobe.co.uk/schools/st-annes-catholic-primary-school,100629,St Anne's Catholic Primary School,Lambeth,6 Durham Street,London,SE11 5JA,Primary,Roman Catholic,8.0,56,8.0,26.666667,187,51.485126,-0.118803,St Anne's Catholic Primary School,8.0,A+,Ofsted Requires Improvement,http://www.st-annes.lambeth.sch.uk/?utm_source=snobe-co-uk&utm_medium=school-profile&utm_campaign=organic,2026-03-19,37.7,7.6,8.0,8.0,37.7,8.0,8.0,80.0,9.0,30,,,Lambeth,True
https://snobe.co.uk/schools/st-annes-catholic-primary-school,100629,St Anne's Catholic Primary School,Lambeth,6 Durham Street,London,SE11 5JA,Primary,Roman Catholic,8.0,68,8.0,26.666667,234,51.485126,-0.118803,St Anne's Catholic Primary School,8.0,A+,Ofsted Requires Improvement,http://www.st-annes.lambeth.sch.uk/?utm_source=snobe-co-uk&utm_medium=school-profile&utm_campaign=organic,2026-03-19,37.7,7.6,8.0,8.0,37.7,8.0,8.0,80.0,9.0,29,,,Lambeth,True
https://snobe.co.uk/schools/st-annes-catholic-primary-school,100629,St Anne's Catholic Primary School,Lambeth,6 Durham Street,London,SE11 5JA,Primary,Roman Catholic,8.0,83,8.0,26.666667,286,51.485126,-0.118803,St Anne's Catholic Primary School,8.0,A+,Ofsted Requires Improvement,http://www.st-annes.lambeth.sch.uk/?utm_source=snobe-co-uk&utm_medium=school-profile&utm_campaign=organic,2026-03-19,37.7,7.6,8.0,8.0,37.7,8.0,8.0,80.0,9.0,29,,,Lambeth,True
https://snobe.co.uk/schools/st-annes-catholic-primary-school,100629,St Anne's Catholic Primary School,Lambeth,6 Durham Street,London,SE11 5JA,Primary,Roman Catholic,8.0,93,8.0,26.666667,202,51.485126,-0.118803,St Anne's Catholic Primary School,8.0,A+,Ofsted Requires Improvement,http://www.st-annes.lambeth.sch.uk/?utm_source=snobe-co-uk&utm_medium=school-profile&utm_campaign=organic,2026-03-19,37.7,7.6,8.0,8.0,37.7,8.0,8.0,80.0,9.0,46,,,Lambeth,True
https://snobe.co.uk/schools/st-annes-catholic-primary-school,100629,St Anne's Catholic Primary School,Lambeth,6 Durham Street,London,SE11 5JA,Primary,Roman Catholic,8.0,96,8.0,26.666667,213,51.485126,-0.118803,St Anne's Catholic Primary School,8.0,A+,Ofsted Requires Improvement,http://www.st-annes.lambeth.sch.uk/?utm_source=snobe-co-uk&utm_medium=school-profile&utm_campaign=organic,2026-03-19,37.7,7.6,8.0,8.0,37.7,8.0,8.0,80.0,9.0,45,,,Lambeth,True
https://snobe.co.uk/schools/st-annes-catholic-primary-school,100629,St Anne's Catholic Primary School,Lambeth,6 Durham Street,London,SE11 5JA,Primary,Roman Catholic,8.0,95,8.0,26.666667,221,51.485126,-0.118803,St Anne's Catholic Primary School,8.0,A+,Ofsted Requires Improvement,http://www.st-annes.lambeth.sch.uk/?utm_source=snobe-co-uk&utm_medium=school-profile&utm_campaign=organic,2026-03-19,37.7,7.6,8.0,8.0,37.7,8.0,8.0,80.0,9.0,43,,,Lambeth,True
https://snobe.co.uk/schools/st-annes-catholic-primary-school,100629,St Anne's Catholic Primary School,Lambeth,6 Durham Street,London,SE11 5JA,Primary,Roman Catholic,8.0,104,8.0,26.666667,231,51.485126,-0.118803,St Anne's Catholic Primary School,8.0,A+,Ofsted Requires Improvement,http://www.st-annes.lambeth.sch.uk/?utm_source=snobe-co-uk&utm_medium=school-profile&utm_campaign=organic,2026-03-19,37.7,7.6,8.0,8.0,37.7,8.0,8.0,80.0,9.0,45,,,Lambeth,True
https://snobe.co.uk/schools/st-annes-catholic-primary-school,100629,St Anne's Catholic Primary School,Lambeth,6 Durham Street,London,SE11 5JA,Primary,Roman Catholic,8.0,115,8.0,26.666667,202,51.485126,-0.118803,St Anne's Catholic Primary School,8.0,A+,Ofsted Requires Improvement,http://www.st-annes.lambeth.sch.uk/?utm_source=snobe-co-uk&utm_medium=school-profile&utm_campaign=organic,2026-03-19,37.7,7.6,8.0,8.0,37.7,8.0,8.0,80.0,9.0,57,,,Lambeth,True
https://snobe.co.uk/schools/st-annes-catholic-primary-school,100629,St Anne's Catholic Primary School,Lambeth,6 Durham Street,London,SE11 5JA,Primary,Roman Catholic,8.0,132,8.0,26.666667,259,51.485126,-0.118803,St Anne's Catholic Primary School,8.0,A+,Ofsted Requires Improvement,http://www.st-annes.lambeth.sch.uk/?utm_source=snobe-co-uk&utm_medium=school-profile&utm_campaign=organic,2026-03-19,37.7,7.6,8.0,8.0,37.7,8.0,8.0,80.0,9.0,51,,,Lambeth,True
https://snobe.co.uk/schools/st-bedes-catholic-primary-school,100631,St Bede's Catholic Primary School,Lambeth,Thornton Road,London,SW12 0LF,Primary,Roman Catholic,13.0,29,11.0,37.931034,223,51.444947,-0.135176,St Bede's Catholic Primary School,13.0,B+,Ofsted Outstanding,https://files.ofsted.gov.uk/v1/file/50260866,2026-03-19,42.3,12.35,11.0,12.0,42.3,13.0,11.0,80.0,9.0,13,,,Lambeth,True
https://snobe.co.uk/schools/st-bedes-catholic-primary-school,100631,St Bede's Catholic Primary School,Lambeth,Thornton Road,London,SW12 0LF,Primary,Roman Catholic,13.0,19,11.0,37.931034,173,51.444947,-0.135176,St Bede's Catholic Primary School,13.0,B+,Ofsted Outstanding,https://files.ofsted.gov.uk/v1/file/50260866,2026-03-19,42.3,12.35,11.0,12.0,42.3,13.0,11.0,80.0,9.0,11,,,Lambeth,True
https://snobe.co.uk/schools/st-bedes-catholic-primary-school,100631,St Bede's Catholic Primary School,Lambeth,Thornton Road,London,SW12 0LF,Primary,Roman Catholic,13.0,34,11.0,37.931034,227,51.444947,-0.135176,St Bede's Catholic Primary School,13.0,B+,Ofsted Outstanding,https://files.ofsted.gov.uk/v1/file/50260866,2026-03-19,42.3,12.35,11.0,12.0,42.3,13.0,11.0,80.0,9.0,15,,,Lambeth,True
https://snobe.co.uk/schools/st-bedes-catholic-primary-school,100631,St Bede's Catholic Primary School,Lambeth,Thornton Road,London,SW12 0LF,Primary,Roman Catholic,13.0,56,11.0,37.931034,207,51.444947,-0.135176,St Bede's Catholic Primary School,13.0,B+,Ofsted Outstanding,https://files.ofsted.gov.uk/v1/file/50260866,2026-03-19,42.3,12.35,11.0,12.0,42.3,13.0,11.0,80.0,9.0,27,,,Lambeth,True
https://snobe.co.uk/schools/st-bedes-catholic-primary-school,100631,St Bede's Catholic Primary School,Lambeth,Thornton Road,London,SW12 0LF,Primary,Roman Catholic,13.0,59,11.0,37.931034,203,51.444947,-0.135176,St Bede's Catholic Primary School,13.0,B+,Ofsted Outstanding,https://files.ofsted.gov.uk/v1/file/50260866,2026-03-19,42.3,12.35,11.0,12.0,42.3,13.0,11.0,80.0,9.0,29,,,Lambeth,True
https://snobe.co.uk/schools/st-bedes-catholic-primary-school,100631,St Bede's Catholic Primary School,Lambeth,Thornton Road,London,SW12 0LF,Primary,Roman Catholic,13.0,62,11.0,37.931034,151,51.444947,-0.135176,St Bede's Catholic Primary School,13.0,B+,Ofsted Outstanding,https://files.ofsted.gov.uk/v1/file/50260866,2026-03-19,42.3,12.35,11.0,12.0,42.3,13.0,11.0,80.0,9.0,41,,,Lambeth,True
https://snobe.co.uk/schools/st-bedes-catholic-primary-school,100631,St Bede's Catholic Primary School,Lambeth,Thornton Road,London,SW12 0LF,Primary,Roman Catholic,13.0,81,11.0,37.931034,150,51.444947,-0.135176,St Bede's Catholic Primary School,13.0,B+,Ofsted Outstanding,https://files.ofsted.gov.uk/v1/file/50260866,2026-03-19,42.3,12.35,11.0,12.0,42.3,13.0,11.0,80.0,9.0,54,,,Lambeth,True
https://snobe.co.uk/schools/st-bedes-catholic-primary-school,100631,St Bede's Catholic Primary School,Lambeth,Thornton Road,London,SW12 0LF,Primary,Roman Catholic,13.0,84,11.0,37.931034,183,51.444947,-0.135176,St Bede's Catholic Primary School,13.0,B+,Ofsted Outstanding,https://files.ofsted.gov.uk/v1/file/50260866,2026-03-19,42.3,12.35,11.0,12.0,42.3,13.0,11.0,80.0,9.0,46,,,Lambeth,True
https://snobe.co.uk/schools/st-bedes-catholic-primary-school,100631,St Bede's Catholic Primary School,Lambeth,Thornton Road,London,SW12 0LF,Primary,Roman Catholic,13.0,98,11.0,37.931034,169,51.444947,-0.135176,St Bede's Catholic Primary School,13.0,B+,Ofsted Outstanding,https://files.ofsted.gov.uk/v1/file/50260866,2026-03-19,42.3,12.35,11.0,12.0,42.3,13.0,11.0,80.0,9.0,58,,,Lambeth,True
https://snobe.co.uk/schools/st-bedes-catholic-primary-school,100631,St Bede's Catholic Primary School,Lambeth,Thornton Road,London,SW12 0LF,Primary,Roman Catholic,13.0,94,11.0,37.931034,157,51.444947,-0.135176,St Bede's Catholic Primary School,13.0,B+,Ofsted Outstanding,https://files.ofsted.gov.uk/v1/file/50260866,2026-03-19,42.3,12.35,11.0,12.0,42.3,13.0,11.0,80.0,9.0,60,,,Lambeth,True
https://snobe.co.uk/schools/st-bedes-catholic-primary-school,100631,St Bede's Catholic Primary School,Lambeth,Thornton Road,London,SW12 0LF,Primary,Roman Catholic,13.0,99,11.0,37.931034,183,51.444947,-0.135176,St Bede's Catholic Primary School,13.0,B+,Ofsted Outstanding,https://files.ofsted.gov.uk/v1/file/50260866,2026-03-19,42.3,12.35,11.0,12.0,42.3,13.0,11.0,80.0,9.0,54,,,Lambeth,True
https://snobe.co.uk/schools/st-bedes-catholic-primary-school,100631,St Bede's Catholic Primary School,Lambeth,Thornton Road,London,SW12 0LF,Primary,Roman Catholic,13.0,131,11.0,37.931034,218,51.444947,-0.135176,St Bede's Catholic Primary School,13.0,B+,Ofsted Outstanding,https://files.ofsted.gov.uk/v1/file/50260866,2026-03-19,42.3,12.35,11.0,12.0,42.3,13.0,11.0,80.0,9.0,60,,,Lambeth,True
https://snobe.co.uk/schools/st-bernadette-catholic-junior-school,100628,St Bernadette Catholic Junior School,Lambeth,1 - 4 Atkins Road,London,SW12 0AB,Primary,Roman Catholic,0.0,0,0.0,82.8934967,0,51.447914,-0.144755,St Bernadette Catholic Junior School,210.0,A+,Ofsted Good,http://www.fedstbb.org.uk?utm_source=snobe-co-uk&utm_medium=school-profile&utm_campaign=organic,2026-03-19,25.0,0.0,0.0,,,,,80.0,9.0,0,,,,False
https://snobe.co.uk/schools/st-helens-catholic-primary-school-0,100623,St Helen's Catholic Primary School,Lambeth,Knowle Close,London,SW9 0TQ,Primary,Roman Catholic,22.0,46,16.0,34.782609,209,51.467131,-0.114288,St Helen's Catholic Primary School,22.0,A+,Ofsted Outstanding,http://www.st-helens.newham.sch.uk/?utm_source=snobe-co-uk&utm_medium=school-profile&utm_campaign=organic,2026-03-19,43.6,20.9,16.0,20.0,43.6,22.0,16.0,80.0,9.0,22,,,Lambeth,True
https://snobe.co.uk/schools/st-helens-catholic-primary-school-0,100623,St Helen's Catholic Primary School,Lambeth,Knowle Close,London,SW9 0TQ,Primary,Roman Catholic,22.0,42,16.0,34.782609,233,51.467131,-0.114288,St Helen's Catholic Primary School,22.0,A+,Ofsted Outstanding,http://www.st-helens.newham.sch.uk/?utm_source=snobe-co-uk&utm_medium=school-profile&utm_campaign=organic,2026-03-19,43.6,20.9,16.0,20.0,43.6,22.0,16.0,80.0,9.0,18,,,Lambeth,True
https://snobe.co.uk/schools/st-helens-catholic-primary-school-0,100623,St Helen's Catholic Primary School,Lambeth,Knowle Close,London,SW9 0TQ,Primary,Roman Catholic,22.0,44,16.0,34.782609,275,51.467131,-0.114288,St Helen's Catholic Primary School,22.0,A+,Ofsted Outstanding,http://www.st-helens.newham.sch.uk/?utm_source=snobe-co-uk&utm_medium=school-profile&utm_campaign=organic,2026-03-19,43.6,20.9,16.0,20.0,43.6,22.0,16.0,80.0,9.0,16,,,Lambeth,True
https://snobe.co.uk/schools/st-helens-catholic-primary-school-0,100623,St Helen's Catholic Primary School,Lambeth,Knowle Close,London,SW9 0TQ,Primary,Roman Catholic,22.0,51,16.0,34.782609,155,51.467131,-0.114288,St Helen's Catholic Primary School,22.0,A+,Ofsted Outstanding,http://www.st-helens.newham.sch.uk/?utm_source=snobe-co-uk&utm_medium=school-profile&utm_campaign=organic,2026-03-19,43.6,20.9,16.0,20.0,43.6,22.0,16.0,80.0,9.0,33,,,Lambeth,True
https://snobe.co.uk/schools/st-helens-catholic-primary-school-0,100623,St Helen's Catholic Primary School,Lambeth,Knowle Close,London,SW9 0TQ,Primary,Roman Catholic,22.0,64,16.0,34.782609,221,51.467131,-0.114288,St Helen's Catholic Primary School,22.0,A+,Ofsted Outstanding,http://www.st-helens.newham.sch.uk/?utm_source=snobe-co-uk&utm_medium=school-profile&utm_campaign=organic,2026-03-19,43.6,20.9,16.0,20.0,43.6,22.0,16.0,80.0,9.0,29,,,Lambeth,True
https://snobe.co.uk/schools/st-helens-catholic-primary-school-0,100623,St Helen's Catholic Primary School,Lambeth,Knowle Close,London,SW9 0TQ,Primary,Roman Catholic,22.0,61,16.0,34.782609,218,51.467131,-0.114288,St Helen's Catholic Primary School,22.0,A+,Ofsted Outstanding,http://www.st-helens.newham.sch.uk/?utm_source=snobe-co-uk&utm_medium=school-profile&utm_campaign=organic,2026-03-19,43.6,20.9,16.0,20.0,43.6,22.0,16.0,80.0,9.0,28,,,Lambeth,True
https://snobe.co.uk/schools/st-helens-catholic-primary-school-0,100623,St Helen's Catholic Primary School,Lambeth,Knowle Close,London,SW9 0TQ,Primary,Roman Catholic,22.0,70,16.0,34.782609,206,51.467131,-0.114288,St Helen's Catholic Primary School,22.0,A+,Ofsted Outstanding,http://www.st-helens.newham.sch.uk/?utm_source=snobe-co-uk&utm_medium=school-profile&utm_campaign=organic,2026-03-19,43.6,20.9,16.0,20.0,43.6,22.0,16.0,80.0,9.0,34,,,Lambeth,True
https://snobe.co.uk/schools/st-helens-catholic-primary-school-0,100623,St Helen's Catholic Primary School,Lambeth,Knowle Close,London,SW9 0TQ,Primary,Roman Catholic,22.0,70,16.0,34.782609,389,51.467131,-0.114288,St Helen's Catholic Primary School,22.0,A+,Ofsted Outstanding,http://www.st-helens.newham.sch.uk/?utm_source=snobe-co-uk&utm_medium=school-profile&utm_campaign=organic,2026-03-19,43.6,20.9,16.0,20.0,43.6,22.0,16.0,80.0,9.0,18,,,Lambeth,True
https://snobe.co.uk/schools/st-helens-catholic-primary-school-0,100623,St Helen's Catholic Primary School,Lambeth,Knowle Close,London,SW9 0TQ,Primary,Roman Catholic,22.0,89,16.0,34.782609,270,51.467131,-0.114288,St Helen's Catholic Primary School,22.0,A+,Ofsted Outstanding,http://www.st-helens.newham.sch.uk/?utm_source=snobe-co-uk&utm_medium=school-profile&utm_campaign=organic,2026-03-19,43.6,20.9,16.0,20.0,43.6,22.0,16.0,80.0,9.0,33,,,Lambeth,True
https://snobe.co.uk/schools/st-helens-catholic-primary-school-0,100623,St Helen's Catholic Primary School,Lambeth,Knowle Close,London,SW9 0TQ,Primary,Roman Catholic,22.0,77,16.0,34.782609,266,51.467131,-0.114288,St Helen's Catholic Primary School,22.0,A+,Ofsted Outstanding,http://www.st-helens.newham.sch.uk/?utm_source=snobe-co-uk&utm_medium=school-profile&utm_campaign=organic,2026-03-19,43.6,20.9,16.0,20.0,43.6,22.0,16.0,80.0,9.0,29,,,Lambeth,True
https://snobe.co.uk/schools/st-helens-catholic-primary-school-0,100623,St Helen's Catholic Primary School,Lambeth,Knowle Close,London,SW9 0TQ,Primary,Roman Catholic,22.0,88,16.0,34.782609,238,51.467131,-0.114288,St Helen's Catholic Primary School,22.0,A+,Ofsted Outstanding,http://www.st-helens.newham.sch.uk/?utm_source=snobe-co-uk&utm_medium=school-profile&utm_campaign=organic,2026-03-19,43.6,20.9,16.0,20.0,43.6,22.0,16.0,80.0,9.0,37,,,Lambeth,True
https://snobe.co.uk/schools/st-helens-catholic-primary-school-0,100623,St Helen's Catholic Primary School,Lambeth,Knowle Close,London,SW9 0TQ,Primary,Roman Catholic,22.0,112,16.0,34.782609,295,51.467131,-0.114288,St Helen's Catholic Primary School,22.0,A+,Ofsted Outstanding,http://www.st-helens.newham.sch.uk/?utm_source=snobe-co-uk&utm_medium=school-profile&utm_campaign=organic,2026-03-19,43.6,20.9,16.0,20.0,43.6,22.0,16.0,80.0,9.0,38,,,Lambeth,True
https://snobe.co.uk/schools/st-marys-roman-catholic-primary-school,100636,St Mary's Roman Catholic Primary School,Lambeth,Crescent Lane,London,SW4 9QJ,Primary,Roman Catholic,34.0,89,33.0,37.078652,262,51.45925,-0.138293,St Mary's Roman Catholic Primary School,34.0,A+,Ofsted Outstanding,http://www.stmarys-lambeth.co.uk/?utm_source=snobe-co-uk&utm_medium=school-profile&utm_campaign=organic,2026-03-19,31.4,32.3,33.0,34.0,31.4,34.0,33.0,80.0,9.0,34,,,Lambeth,True
https://snobe.co.uk/schools/st-marys-roman-catholic-primary-school,100636,St Mary's Roman Catholic Primary School,Lambeth,Crescent Lane,London,SW4 9QJ,Primary,Roman Catholic,34.0,87,33.0,37.078652,348,51.45925,-0.138293,St Mary's Roman Catholic Primary School,34.0,A+,Ofsted Outstanding,http://www.stmarys-lambeth.co.uk/?utm_source=snobe-co-uk&utm_medium=school-profile&utm_campaign=organic,2026-03-19,31.4,32.3,33.0,34.0,31.4,34.0,33.0,80.0,9.0,25,,,Lambeth,True
https://snobe.co.uk/schools/st-marys-roman-catholic-primary-school,100636,St Mary's Roman Catholic Primary School,Lambeth,Crescent Lane,London,SW4 9QJ,Primary,Roman Catholic,34.0,82,33.0,37.078652,256,51.45925,-0.138293,St Mary's Roman Catholic Primary School,34.0,A+,Ofsted Outstanding,http://www.stmarys-lambeth.co.uk/?utm_source=snobe-co-uk&utm_medium=school-profile&utm_campaign=organic,2026-03-19,31.4,32.3,33.0,34.0,31.4,34.0,33.0,80.0,9.0,32,,,Lambeth,True
https://snobe.co.uk/schools/st-marys-roman-catholic-primary-school,100636,St Mary's Roman Catholic Primary School,Lambeth,Crescent Lane,London,SW4 9QJ,Primary,Roman Catholic,34.0,101,33.0,37.078652,240,51.45925,-0.138293,St Mary's Roman Catholic Primary School,34.0,A+,Ofsted Outstanding,http://www.stmarys-lambeth.co.uk/?utm_source=snobe-co-uk&utm_medium=school-profile&utm_campaign=organic,2026-03-19,31.4,32.3,33.0,34.0,31.4,34.0,33.0,80.0,9.0,42,,,Lambeth,True
https://snobe.co.uk/schools/st-marys-roman-catholic-primary-school,100636,St Mary's Roman Catholic Primary School,Lambeth,Crescent Lane,London,SW4 9QJ,Primary,Roman Catholic,34.0,113,33.0,37.078652,251,51.45925,-0.138293,St Mary's Roman Catholic Primary School,34.0,A+,Ofsted Outstanding,http://www.stmarys-lambeth.co.uk/?utm_source=snobe-co-uk&utm_medium=school-profile&utm_campaign=organic,2026-03-19,31.4,32.3,33.0,34.0,31.4,34.0,33.0,80.0,9.0,45,,,Lambeth,True
https://snobe.co.uk/schools/st-marys-roman-catholic-primary-school,100636,St Mary's Roman Catholic Primary School,Lambeth,Crescent Lane,London,SW4 9QJ,Primary,Roman Catholic,34.0,117,33.0,37.078652,266,51.45925,-0.138293,St Mary's Roman Catholic Primary School,34.0,A+,Ofsted Outstanding,http://www.stmarys-lambeth.co.uk/?utm_source=snobe-co-uk&utm_medium=school-profile&utm_campaign=organic,2026-03-19,31.4,32.3,33.0,34.0,31.4,34.0,33.0,80.0,9.0,44,,,Lambeth,True
https://snobe.co.uk/schools/st-marys-roman-catholic-primary-school,100636,St Mary's Roman Catholic Primary School,Lambeth,Crescent Lane,London,SW4 9QJ,Primary,Roman Catholic,34.0,126,33.0,37.078652,274,51.45925,-0.138293,St Mary's Roman Catholic Primary School,34.0,A+,Ofsted Outstanding,http://www.stmarys-lambeth.co.uk/?utm_source=snobe-co-uk&utm_medium=school-profile&utm_campaign=organic,2026-03-19,31.4,32.3,33.0,34.0,31.4,34.0,33.0,80.0,9.0,46,,,Lambeth,True
https://snobe.co.uk/schools/st-marys-roman-catholic-primary-school,100636,St Mary's Roman Catholic Primary School,Lambeth,Crescent Lane,London,SW4 9QJ,Primary,Roman Catholic,34.0,138,33.0,37.078652,276,51.45925,-0.138293,St Mary's Roman Catholic Primary School,34.0,A+,Ofsted Outstanding,http://www.stmarys-lambeth.co.uk/?utm_source=snobe-co-uk&utm_medium=school-profile&utm_campaign=organic,2026-03-19,31.4,32.3,33.0,34.0,31.4,34.0,33.0,80.0,9.0,50,,,Lambeth,True
https://snobe.co.uk/schools/st-marys-roman-catholic-primary-school,100636,St Mary's Roman Catholic Primary School,Lambeth,Crescent Lane,London,SW4 9QJ,Primary,Roman Catholic,34.0,159,33.0,37.078652,318,51.45925,-0.138293,St Mary's Roman Catholic Primary School,34.0,A+,Ofsted Outstanding,http://www.stmarys-lambeth.co.uk/?utm_source=snobe-co-uk&utm_medium=school-profile&utm_campaign=organic,2026-03-19,31.4,32.3,33.0,34.0,31.4,34.0,33.0,80.0,9.0,50,,,Lambeth,True
https://snobe.co.uk/schools/st-marys-roman-catholic-primary-school,100636,St Mary's Roman Catholic Primary School,Lambeth,Crescent Lane,London,SW4 9QJ,Primary,Roman Catholic,34.0,151,33.0,37.078652,302,51.45925,-0.138293,St Mary's Roman Catholic Primary School,34.0,A+,Ofsted Outstanding,http://www.stmarys-lambeth.co.uk/?utm_source=snobe-co-uk&utm_medium=school-profile&utm_campaign=organic,2026-03-19,31.4,32.3,33.0,34.0,31.4,34.0,33.0,80.0,9.0,50,,,Lambeth,True
https://snobe.co.uk/schools/st-marys-roman-catholic-primary-school,100636,St Mary's Roman Catholic Primary School,Lambeth,Crescent Lane,London,SW4 9QJ,Primary,Roman Catholic,34.0,160,33.0,37.078652,320,51.45925,-0.138293,St Mary's Roman Catholic Primary School,34.0,A+,Ofsted Outstanding,http://www.stmarys-lambeth.co.uk/?utm_source=snobe-co-uk&utm_medium=school-profile&utm_campaign=organic,2026-03-19,31.4,32.3,33.0,34.0,31.4,34.0,33.0,80.0,9.0,50,,,Lambeth,True
https://snobe.co.uk/schools/st-marys-roman-catholic-primary-school,100636,St Mary's Roman Catholic Primary School,Lambeth,Crescent Lane,London,SW4 9QJ,Primary,Roman Catholic,34.0,200,33.0,37.078652,400,51.45925,-0.138293,St Mary's Roman Catholic Primary School,34.0,A+,Ofsted Outstanding,http://www.stmarys-lambeth.co.uk/?utm_source=snobe-co-uk&utm_medium=school-profile&utm_campaign=organic,2026-03-19,31.4,32.3,33.0,34.0,31.4,34.0,33.0,80.0,9.0,50,,,Lambeth,True
https://snobe.co.uk/schools/bonus-pastor-catholic-college,100752,Bonus Pastor Catholic College,Lewisham,Winlaton Road,Bromley,BR1 5PZ,Secondary,Roman Catholic,168.0,745,143.0,19.376694,436,51.427684,-0.001679,Bonus Pastor Catholic College,171.0,B-,Ofsted Outstanding,http://www.bonuspastor.co.uk/?utm_source=snobe-co-uk&utm_medium=school-profile&utm_campaign=organic,2026-03-19,21.8,159.6,148.0,171.0,21.8,171.0,148.0,77.0,9.0,171,,,Lewisham,True
https://snobe.co.uk/schools/bonus-pastor-catholic-college,100752,Bonus Pastor Catholic College,Lewisham,Winlaton Road,Bromley,BR1 5PZ,Secondary,Roman Catholic,168.0,726,143.0,19.376694,425,51.427684,-0.001679,Bonus Pastor Catholic College,171.0,B-,Ofsted Outstanding,http://www.bonuspastor.co.uk/?utm_source=snobe-co-uk&utm_medium=school-profile&utm_campaign=organic,2026-03-19,21.8,159.6,148.0,171.0,21.8,171.0,148.0,77.0,9.0,171,,,Lewisham,True
https://snobe.co.uk/schools/bonus-pastor-catholic-college,100752,Bonus Pastor Catholic College,Lewisham,Winlaton Road,Bromley,BR1 5PZ,Secondary,Roman Catholic,168.0,730,143.0,19.376694,432,51.427684,-0.001679,Bonus Pastor Catholic College,171.0,B-,Ofsted Outstanding,http://www.bonuspastor.co.uk/?utm_source=snobe-co-uk&utm_medium=school-profile&utm_campaign=organic,2026-03-19,21.8,159.6,148.0,171.0,21.8,171.0,148.0,77.0,9.0,169,,,Lewisham,True
https://snobe.co.uk/schools/bonus-pastor-catholic-college,100752,Bonus Pastor Catholic College,Lewisham,Winlaton Road,Bromley,BR1 5PZ,Secondary,Roman Catholic,168.0,661,143.0,19.376694,387,51.427684,-0.001679,Bonus Pastor Catholic College,171.0,B-,Ofsted Outstanding,http://www.bonuspastor.co.uk/?utm_source=snobe-co-uk&utm_medium=school-profile&utm_campaign=organic,2026-03-19,21.8,159.6,148.0,171.0,21.8,171.0,148.0,77.0,9.0,171,,,Lewisham,True
https://snobe.co.uk/schools/bonus-pastor-catholic-college,100752,Bonus Pastor Catholic College,Lewisham,Winlaton Road,Bromley,BR1 5PZ,Secondary,Roman Catholic,168.0,703,143.0,19.376694,409,51.427684,-0.001679,Bonus Pastor Catholic College,171.0,B-,Ofsted Outstanding,http://www.bonuspastor.co.uk/?utm_source=snobe-co-uk&utm_medium=school-profile&utm_campaign=organic,2026-03-19,21.8,159.6,148.0,171.0,21.8,171.0,148.0,77.0,9.0,172,,,Lewisham,True
https://snobe.co.uk/schools/bonus-pastor-catholic-college,100752,Bonus Pastor Catholic College,Lewisham,Winlaton Road,Bromley,BR1 5PZ,Secondary,Roman Catholic,168.0,800,143.0,19.376694,465,51.427684,-0.001679,Bonus Pastor Catholic College,171.0,B-,Ofsted Outstanding,http://www.bonuspastor.co.uk/?utm_source=snobe-co-uk&utm_medium=school-profile&utm_campaign=organic,2026-03-19,21.8,159.6,148.0,171.0,21.8,171.0,148.0,77.0,9.0,172,,,Lewisham,True
https://snobe.co.uk/schools/bonus-pastor-catholic-college,100752,Bonus Pastor Catholic College,Lewisham,Winlaton Road,Bromley,BR1 5PZ,Secondary,Roman Catholic,168.0,690,143.0,19.376694,401,51.427684,-0.001679,Bonus Pastor Catholic College,171.0,B-,Ofsted Outstanding,http://www.bonuspastor.co.uk/?utm_source=snobe-co-uk&utm_medium=school-profile&utm_campaign=organic,2026-03-19,21.8,159.6,148.0,171.0,21.8,171.0,148.0,77.0,9.0,172,,,Lewisham,True
https://snobe.co.uk/schools/bonus-pastor-catholic-college,100752,Bonus Pastor Catholic College,Lewisham,Winlaton Road,Bromley,BR1 5PZ,Secondary,Roman Catholic,168.0,675,143.0,19.376694,388,51.427684,-0.001679,Bonus Pastor Catholic College,171.0,B-,Ofsted Outstanding,http://www.bonuspastor.co.uk/?utm_source=snobe-co-uk&utm_medium=school-profile&utm_campaign=organic,2026-03-19,21.8,159.6,148.0,171.0,21.8,171.0,148.0,77.0,9.0,174,,,Lewisham,True
https://snobe.co.uk/schools/bonus-pastor-catholic-college,100752,Bonus Pastor Catholic College,Lewisham,Winlaton Road,Bromley,BR1 5PZ,Secondary,Roman Catholic,168.0,650,143.0,19.376694,442,51.427684,-0.001679,Bonus Pastor Catholic College,171.0,B-,Ofsted Outstanding,http://www.bonuspastor.co.uk/?utm_source=snobe-co-uk&utm_medium=school-profile&utm_campaign=organic,2026-03-19,21.8,159.6,148.0,171.0,21.8,171.0,148.0,77.0,9.0,147,,,Lewisham,True
https://snobe.co.uk/schools/bonus-pastor-catholic-college,100752,Bonus Pastor Catholic College,Lewisham,Winlaton Road,Bromley,BR1 5PZ,Secondary,Roman Catholic,168.0,572,143.0,19.376694,381,51.427684,-0.001679,Bonus Pastor Catholic College,171.0,B-,Ofsted Outstanding,http://www.bonuspastor.co.uk/?utm_source=snobe-co-uk&utm_medium=school-profile&utm_campaign=organic,2026-03-19,21.8,159.6,148.0,171.0,21.8,171.0,148.0,77.0,9.0,150,,,Lewisham,True
https://snobe.co.uk/schools/bonus-pastor-catholic-college,100752,Bonus Pastor Catholic College,Lewisham,Winlaton Road,Bromley,BR1 5PZ,Secondary,Roman Catholic,168.0,554,143.0,19.376694,364,51.427684,-0.001679,Bonus Pastor Catholic College,171.0,B-,Ofsted Outstanding,http://www.bonuspastor.co.uk/?utm_source=snobe-co-uk&utm_medium=school-profile&utm_campaign=organic,2026-03-19,21.8,159.6,148.0,171.0,21.8,171.0,148.0,77.0,9.0,152,,,Lewisham,True
https://snobe.co.uk/schools/good-shepherd-rc-school,100722,Good Shepherd RC School,Lewisham,Moorside Road,Bromley,BR1 5EP,Primary,Roman Catholic,27.0,63,25.0,39.68254,233,51.426849,0.009836,Good Shepherd RC School,27.0,B-,Ofsted Good,http://www.goodshepherd.lewisham.sch.uk/?utm_source=snobe-co-uk&utm_medium=school-profile&utm_campaign=organic,2026-03-19,26.0,25.65,25.0,27.0,26.0,27.0,25.0,77.0,9.0,27,,,Lewisham,True
https://snobe.co.uk/schools/good-shepherd-rc-school,100722,Good Shepherd RC School,Lewisham,Moorside Road,Bromley,BR1 5EP,Primary,Roman Catholic,27.0,68,25.0,39.68254,234,51.426849,0.009836,Good Shepherd RC School,27.0,B-,Ofsted Good,http://www.goodshepherd.lewisham.sch.uk/?utm_source=snobe-co-uk&utm_medium=school-profile&utm_campaign=organic,2026-03-19,26.0,25.65,25.0,27.0,26.0,27.0,25.0,77.0,9.0,29,,,Lewisham,True
https://snobe.co.uk/schools/good-shepherd-rc-school,100722,Good Shepherd RC School,Lewisham,Moorside Road,Bromley,BR1 5EP,Primary,Roman Catholic,27.0,68,25.0,39.68254,296,51.426849,0.009836,Good Shepherd RC School,27.0,B-,Ofsted Good,http://www.goodshepherd.lewisham.sch.uk/?utm_source=snobe-co-uk&utm_medium=school-profile&utm_campaign=organic,2026-03-19,26.0,25.65,25.0,27.0,26.0,27.0,25.0,77.0,9.0,23,,,Lewisham,True
https://snobe.co.uk/schools/good-shepherd-rc-school,100722,Good Shepherd RC School,Lewisham,Moorside Road,Bromley,BR1 5EP,Primary,Roman Catholic,27.0,72,25.0,39.68254,240,51.426849,0.009836,Good Shepherd RC School,27.0,B-,Ofsted Good,http://www.goodshepherd.lewisham.sch.uk/?utm_source=snobe-co-uk&utm_medium=school-profile&utm_campaign=organic,2026-03-19,26.0,25.65,25.0,27.0,26.0,27.0,25.0,77.0,9.0,30,,,Lewisham,True
https://snobe.co.uk/schools/good-shepherd-rc-school,100722,Good Shepherd RC School,Lewisham,Moorside Road,Bromley,BR1 5EP,Primary,Roman Catholic,27.0,61,25.0,39.68254,277,51.426849,0.009836,Good Shepherd RC School,27.0,B-,Ofsted Good,http://www.goodshepherd.lewisham.sch.uk/?utm_source=snobe-co-uk&utm_medium=school-profile&utm_campaign=organic,2026-03-19,26.0,25.65,25.0,27.0,26.0,27.0,25.0,77.0,9.0,22,,,Lewisham,True
https://snobe.co.uk/schools/good-shepherd-rc-school,100722,Good Shepherd RC School,Lewisham,Moorside Road,Bromley,BR1 5EP,Primary,Roman Catholic,27.0,109,25.0,39.68254,363,51.426849,0.009836,Good Shepherd RC School,27.0,B-,Ofsted Good,http://www.goodshepherd.lewisham.sch.uk/?utm_source=snobe-co-uk&utm_medium=school-profile&utm_campaign=organic,2026-03-19,26.0,25.65,25.0,27.0,26.0,27.0,25.0,77.0,9.0,30,,,Lewisham,True
https://snobe.co.uk/schools/good-shepherd-rc-school,100722,Good Shepherd RC School,Lewisham,Moorside Road,Bromley,BR1 5EP,Primary,Roman Catholic,27.0,96,25.0,39.68254,320,51.426849,0.009836,Good Shepherd RC School,27.0,B-,Ofsted Good,http://www.goodshepherd.lewisham.sch.uk/?utm_source=snobe-co-uk&utm_medium=school-profile&utm_campaign=organic,2026-03-19,26.0,25.65,25.0,27.0,26.0,27.0,25.0,77.0,9.0,30,,,Lewisham,True
https://snobe.co.uk/schools/good-shepherd-rc-school,100722,Good Shepherd RC School,Lewisham,Moorside Road,Bromley,BR1 5EP,Primary,Roman Catholic,27.0,97,25.0,39.68254,323,51.426849,0.009836,Good Shepherd RC School,27.0,B-,Ofsted Good,http://www.goodshepherd.lewisham.sch.uk/?utm_source=snobe-co-uk&utm_medium=school-profile&utm_campaign=organic,2026-03-19,26.0,25.65,25.0,27.0,26.0,27.0,25.0,77.0,9.0,30,,,Lewisham,True
https://snobe.co.uk/schools/good-shepherd-rc-school,100722,Good Shepherd RC School,Lewisham,Moorside Road,Bromley,BR1 5EP,Primary,Roman Catholic,27.0,106,25.0,39.68254,353,51.426849,0.009836,Good Shepherd RC School,27.0,B-,Ofsted Good,http://www.goodshepherd.lewisham.sch.uk/?utm_source=snobe-co-uk&utm_medium=school-profile&utm_campaign=organic,2026-03-19,26.0,25.65,25.0,27.0,26.0,27.0,25.0,77.0,9.0,30,,,Lewisham,True
https://snobe.co.uk/schools/good-shepherd-rc-school,100722,Good Shepherd RC School,Lewisham,Moorside Road,Bromley,BR1 5EP,Primary,Roman Catholic,27.0,140,25.0,39.68254,467,51.426849,0.009836,Good Shepherd RC School,27.0,B-,Ofsted Good,http://www.goodshepherd.lewisham.sch.uk/?utm_source=snobe-co-uk&utm_medium=school-profile&utm_campaign=organic,2026-03-19,26.0,25.65,25.0,27.0,26.0,27.0,25.0,77.0,9.0,30,,,Lewisham,True
https://snobe.co.uk/schools/good-shepherd-rc-school,100722,Good Shepherd RC School,Lewisham,Moorside Road,Bromley,BR1 5EP,Primary,Roman Catholic,27.0,121,25.0,39.68254,417,51.426849,0.009836,Good Shepherd RC School,27.0,B-,Ofsted Good,http://www.goodshepherd.lewisham.sch.uk/?utm_source=snobe-co-uk&utm_medium=school-profile&utm_campaign=organic,2026-03-19,26.0,25.65,25.0,27.0,26.0,27.0,25.0,77.0,9.0,29,,,Lewisham,True
https://snobe.co.uk/schools/good-shepherd-rc-school,100722,Good Shepherd RC School,Lewisham,Moorside Road,Bromley,BR1 5EP,Primary,Roman Catholic,27.0,144,25.0,39.68254,480,51.426849,0.009836,Good Shepherd RC School,27.0,B-,Ofsted Good,http://www.goodshepherd.lewisham.sch.uk/?utm_source=snobe-co-uk&utm_medium=school-profile&utm_campaign=organic,2026-03-19,26.0,25.65,25.0,27.0,26.0,27.0,25.0,77.0,9.0,30,,,Lewisham,True
https://snobe.co.uk/schools/holy-cross-catholic-primary-school,100739,Holy Cross Catholic Primary School,Lewisham,Culverley Road,London,SE6 2LD,Primary,Roman Catholic,30.0,106,29.0,27.358491,353,51.442842,-0.016803,Holy Cross Catholic Primary School,30.0,A+,Ofsted Outstanding,http://www.holycross.lewisham.sch.uk/?utm_source=snobe-co-uk&utm_medium=school-profile&utm_campaign=organic,2026-03-19,19.5,28.5,29.0,30.0,19.5,30.0,29.0,77.0,9.0,30,,,Lewisham,True
https://snobe.co.uk/schools/holy-cross-catholic-primary-school,100739,Holy Cross Catholic Primary School,Lewisham,Culverley Road,London,SE6 2LD,Primary,Roman Catholic,30.0,129,29.0,27.358491,430,51.442842,-0.016803,Holy Cross Catholic Primary School,30.0,A+,Ofsted Outstanding,http://www.holycross.lewisham.sch.uk/?utm_source=snobe-co-uk&utm_medium=school-profile&utm_campaign=organic,2026-03-19,19.5,28.5,29.0,30.0,19.5,30.0,29.0,77.0,9.0,30,,,Lewisham,True
https://snobe.co.uk/schools/holy-cross-catholic-primary-school,100739,Holy Cross Catholic Primary School,Lewisham,Culverley Road,London,SE6 2LD,Primary,Roman Catholic,30.0,135,29.0,27.358491,450,51.442842,-0.016803,Holy Cross Catholic Primary School,30.0,A+,Ofsted Outstanding,http://www.holycross.lewisham.sch.uk/?utm_source=snobe-co-uk&utm_medium=school-profile&utm_campaign=organic,2026-03-19,19.5,28.5,29.0,30.0,19.5,30.0,29.0,77.0,9.0,30,,,Lewisham,True
https://snobe.co.uk/schools/holy-cross-catholic-primary-school,100739,Holy Cross Catholic Primary School,Lewisham,Culverley Road,London,SE6 2LD,Primary,Roman Catholic,30.0,131,29.0,27.358491,437,51.442842,-0.016803,Holy Cross Catholic Primary School,30.0,A+,Ofsted Outstanding,http://www.holycross.lewisham.sch.uk/?utm_source=snobe-co-uk&utm_medium=school-profile&utm_campaign=organic,2026-03-19,19.5,28.5,29.0,30.0,19.5,30.0,29.0,77.0,9.0,30,,,Lewisham,True
https://snobe.co.uk/schools/holy-cross-catholic-primary-school,100739,Holy Cross Catholic Primary School,Lewisham,Culverley Road,London,SE6 2LD,Primary,Roman Catholic,30.0,148,29.0,27.358491,510,51.442842,-0.016803,Holy Cross Catholic Primary School,30.0,A+,Ofsted Outstanding,http://www.holycross.lewisham.sch.uk/?utm_source=snobe-co-uk&utm_medium=school-profile&utm_campaign=organic,2026-03-19,19.5,28.5,29.0,30.0,19.5,30.0,29.0,77.0,9.0,29,,,Lewisham,True
https://snobe.co.uk/schools/holy-cross-catholic-primary-school,100739,Holy Cross Catholic Primary School,Lewisham,Culverley Road,London,SE6 2LD,Primary,Roman Catholic,30.0,137,29.0,27.358491,457,51.442842,-0.016803,Holy Cross Catholic Primary School,30.0,A+,Ofsted Outstanding,http://www.holycross.lewisham.sch.uk/?utm_source=snobe-co-uk&utm_medium=school-profile&utm_campaign=organic,2026-03-19,19.5,28.5,29.0,30.0,19.5,30.0,29.0,77.0,9.0,30,,,Lewisham,True
https://snobe.co.uk/schools/holy-cross-catholic-primary-school,100739,Holy Cross Catholic Primary School,Lewisham,Culverley Road,London,SE6 2LD,Primary,Roman Catholic,30.0,137,29.0,27.358491,457,51.442842,-0.016803,Holy Cross Catholic Primary School,30.0,A+,Ofsted Outstanding,http://www.holycross.lewisham.sch.uk/?utm_source=snobe-co-uk&utm_medium=school-profile&utm_campaign=organic,2026-03-19,19.5,28.5,29.0,30.0,19.5,30.0,29.0,77.0,9.0,30,,,Lewisham,True
https://snobe.co.uk/schools/holy-cross-catholic-primary-school,100739,Holy Cross Catholic Primary School,Lewisham,Culverley Road,London,SE6 2LD,Primary,Roman Catholic,30.0,151,29.0,27.358491,503,51.442842,-0.016803,Holy Cross Catholic Primary School,30.0,A+,Ofsted Outstanding,http://www.holycross.lewisham.sch.uk/?utm_source=snobe-co-uk&utm_medium=school-profile&utm_campaign=organic,2026-03-19,19.5,28.5,29.0,30.0,19.5,30.0,29.0,77.0,9.0,30,,,Lewisham,True
https://snobe.co.uk/schools/holy-cross-catholic-primary-school,100739,Holy Cross Catholic Primary School,Lewisham,Culverley Road,London,SE6 2LD,Primary,Roman Catholic,30.0,146,29.0,27.358491,503,51.442842,-0.016803,Holy Cross Catholic Primary School,30.0,A+,Ofsted Outstanding,http://www.holycross.lewisham.sch.uk/?utm_source=snobe-co-uk&utm_medium=school-profile&utm_campaign=organic,2026-03-19,19.5,28.5,29.0,30.0,19.5,30.0,29.0,77.0,9.0,29,,,Lewisham,True
https://snobe.co.uk/schools/holy-cross-catholic-primary-school,100739,Holy Cross Catholic Primary School,Lewisham,Culverley Road,London,SE6 2LD,Primary,Roman Catholic,30.0,167,29.0,27.358491,557,51.442842,-0.016803,Holy Cross Catholic Primary School,30.0,A+,Ofsted Outstanding,http://www.holycross.lewisham.sch.uk/?utm_source=snobe-co-uk&utm_medium=school-profile&utm_campaign=organic,2026-03-19,19.5,28.5,29.0,30.0,19.5,30.0,29.0,77.0,9.0,30,,,Lewisham,True
https://snobe.co.uk/schools/holy-cross-catholic-primary-school,100739,Holy Cross Catholic Primary School,Lewisham,Culverley Road,London,SE6 2LD,Primary,Roman Catholic,30.0,197,29.0,27.358491,657,51.442842,-0.016803,Holy Cross Catholic Primary School,30.0,A+,Ofsted Outstanding,http://www.holycross.lewisham.sch.uk/?utm_source=snobe-co-uk&utm_medium=school-profile&utm_campaign=organic,2026-03-19,19.5,28.5,29.0,30.0,19.5,30.0,29.0,77.0,9.0,30,,,Lewisham,True
https://snobe.co.uk/schools/holy-cross-catholic-primary-school,100739,Holy Cross Catholic Primary School,Lewisham,Culverley Road,London,SE6 2LD,Primary,Roman Catholic,30.0,198,29.0,27.358491,660,51.442842,-0.016803,Holy Cross Catholic Primary School,30.0,A+,Ofsted Outstanding,http://www.holycross.lewisham.sch.uk/?utm_source=snobe-co-uk&utm_medium=school-profile&utm_campaign=organic,2026-03-19,19.5,28.5,29.0,30.0,19.5,30.0,29.0,77.0,9.0,30,,,Lewisham,True
https://snobe.co.uk/schools/our-lady-and-st-philip-neri-catholic-primary-school,150552,Our Lady and St Philip Neri Catholic Primary School,Lewisham,208 Sydenham Road,London,SE26 5SE,Primary,Roman Catholic,30.0,57,30.0,52.631579,190,51.426431,-0.041465,Our Lady and St Philip Neri Catholic Primary School,30.0,A-,Ofsted Outstanding,http://www.olspn.lewisham.sch.uk?utm_source=snobe-co-uk&utm_medium=school-profile&utm_campaign=organic,2026-03-19,25.0,28.5,30.0,30.0,,30.0,30.0,77.0,9.0,30,,,Lewisham,True
https://snobe.co.uk/schools/our-lady-lourdes-catholic-primary-school-4,100736,Our Lady of Lourdes Catholic Primary School,Lewisham,Belmont Hill,London,SE13 5DZ,Primary,Roman Catholic,0.0,0,0.0,89.9625723,0,,,Our Lady of Lourdes Catholic Primary School,210.0,A-,Ofsted Good,http://www.lourdes.brent.sch.uk/?utm_source=snobe-co-uk&utm_medium=school-profile&utm_campaign=organic,2026-03-19,25.0,0.0,0.0,,,,,77.0,9.0,0,,,,False
https://snobe.co.uk/schools/st-augustines-catholic-primary-school-and-nursery,100725,St Augustine's Catholic Primary School and Nursery,Lewisham,Dunfield Road,London,SE6 3RD,Primary,Roman Catholic,30.0,60,28.0,46.666667,200,51.42436,-0.016697,St Augustine's Catholic Primary School and Nursery,30.0,A-,Ofsted Good,http://www.staugustines.lewisham.sch.uk?utm_source=snobe-co-uk&utm_medium=school-profile&utm_campaign=organic,2026-03-19,20.6,28.5,28.0,30.0,20.6,30.0,28.0,77.0,9.0,30,,,Lewisham,True
https://snobe.co.uk/schools/st-augustines-catholic-primary-school-and-nursery,100725,St Augustine's Catholic Primary School and Nursery,Lewisham,Dunfield Road,London,SE6 3RD,Primary,Roman Catholic,30.0,60,28.0,46.666667,240,51.42436,-0.016697,St Augustine's Catholic Primary School and Nursery,30.0,A-,Ofsted Good,http://www.staugustines.lewisham.sch.uk?utm_source=snobe-co-uk&utm_medium=school-profile&utm_campaign=organic,2026-03-19,20.6,28.5,28.0,30.0,20.6,30.0,28.0,77.0,9.0,25,,,Lewisham,True
https://snobe.co.uk/schools/st-augustines-catholic-primary-school-and-nursery,100725,St Augustine's Catholic Primary School and Nursery,Lewisham,Dunfield Road,London,SE6 3RD,Primary,Roman Catholic,30.0,69,28.0,46.666667,276,51.42436,-0.016697,St Augustine's Catholic Primary School and Nursery,30.0,A-,Ofsted Good,http://www.staugustines.lewisham.sch.uk?utm_source=snobe-co-uk&utm_medium=school-profile&utm_campaign=organic,2026-03-19,20.6,28.5,28.0,30.0,20.6,30.0,28.0,77.0,9.0,25,,,Lewisham,True
https://snobe.co.uk/schools/st-augustines-catholic-primary-school-and-nursery,100725,St Augustine's Catholic Primary School and Nursery,Lewisham,Dunfield Road,London,SE6 3RD,Primary,Roman Catholic,30.0,66,28.0,46.666667,236,51.42436,-0.016697,St Augustine's Catholic Primary School and Nursery,30.0,A-,Ofsted Good,http://www.staugustines.lewisham.sch.uk?utm_source=snobe-co-uk&utm_medium=school-profile&utm_campaign=organic,2026-03-19,20.6,28.5,28.0,30.0,20.6,30.0,28.0,77.0,9.0,28,,,Lewisham,True
https://snobe.co.uk/schools/st-augustines-catholic-primary-school-and-nursery,100725,St Augustine's Catholic Primary School and Nursery,Lewisham,Dunfield Road,London,SE6 3RD,Primary,Roman Catholic,30.0,72,28.0,46.666667,240,51.42436,-0.016697,St Augustine's Catholic Primary School and Nursery,30.0,A-,Ofsted Good,http://www.staugustines.lewisham.sch.uk?utm_source=snobe-co-uk&utm_medium=school-profile&utm_campaign=organic,2026-03-19,20.6,28.5,28.0,30.0,20.6,30.0,28.0,77.0,9.0,30,,,Lewisham,True
https://snobe.co.uk/schools/st-augustines-catholic-primary-school-and-nursery,100725,St Augustine's Catholic Primary School and Nursery,Lewisham,Dunfield Road,London,SE6 3RD,Primary,Roman Catholic,30.0,81,28.0,46.666667,270,51.42436,-0.016697,St Augustine's Catholic Primary School and Nursery,30.0,A-,Ofsted Good,http://www.staugustines.lewisham.sch.uk?utm_source=snobe-co-uk&utm_medium=school-profile&utm_campaign=organic,2026-03-19,20.6,28.5,28.0,30.0,20.6,30.0,28.0,77.0,9.0,30,,,Lewisham,True
https://snobe.co.uk/schools/st-augustines-catholic-primary-school-and-nursery,100725,St Augustine's Catholic Primary School and Nursery,Lewisham,Dunfield Road,London,SE6 3RD,Primary,Roman Catholic,30.0,75,28.0,46.666667,259,51.42436,-0.016697,St Augustine's Catholic Primary School and Nursery,30.0,A-,Ofsted Good,http://www.staugustines.lewisham.sch.uk?utm_source=snobe-co-uk&utm_medium=school-profile&utm_campaign=organic,2026-03-19,20.6,28.5,28.0,30.0,20.6,30.0,28.0,77.0,9.0,29,,,Lewisham,True
https://snobe.co.uk/schools/st-augustines-catholic-primary-school-and-nursery,100725,St Augustine's Catholic Primary School and Nursery,Lewisham,Dunfield Road,London,SE6 3RD,Primary,Roman Catholic,30.0,80,28.0,46.666667,348,51.42436,-0.016697,St Augustine's Catholic Primary School and Nursery,30.0,A-,Ofsted Good,http://www.staugustines.lewisham.sch.uk?utm_source=snobe-co-uk&utm_medium=school-profile&utm_campaign=organic,2026-03-19,20.6,28.5,28.0,30.0,20.6,30.0,28.0,77.0,9.0,23,,,Lewisham,True
https://snobe.co.uk/schools/st-augustines-catholic-primary-school-and-nursery,100725,St Augustine's Catholic Primary School and Nursery,Lewisham,Dunfield Road,London,SE6 3RD,Primary,Roman Catholic,30.0,94,28.0,46.666667,313,51.42436,-0.016697,St Augustine's Catholic Primary School and Nursery,30.0,A-,Ofsted Good,http://www.staugustines.lewisham.sch.uk?utm_source=snobe-co-uk&utm_medium=school-profile&utm_campaign=organic,2026-03-19,20.6,28.5,28.0,30.0,20.6,30.0,28.0,77.0,9.0,30,,,Lewisham,True
https://snobe.co.uk/schools/st-augustines-catholic-primary-school-and-nursery,100725,St Augustine's Catholic Primary School and Nursery,Lewisham,Dunfield Road,London,SE6 3RD,Primary,Roman Catholic,30.0,120,28.0,46.666667,400,51.42436,-0.016697,St Augustine's Catholic Primary School and Nursery,30.0,A-,Ofsted Good,http://www.staugustines.lewisham.sch.uk?utm_source=snobe-co-uk&utm_medium=school-profile&utm_campaign=organic,2026-03-19,20.6,28.5,28.0,30.0,20.6,30.0,28.0,77.0,9.0,30,,,Lewisham,True
https://snobe.co.uk/schools/st-augustines-catholic-primary-school-and-nursery,100725,St Augustine's Catholic Primary School and Nursery,Lewisham,Dunfield Road,London,SE6 3RD,Primary,Roman Catholic,30.0,118,28.0,46.666667,393,51.42436,-0.016697,St Augustine's Catholic Primary School and Nursery,30.0,A-,Ofsted Good,http://www.staugustines.lewisham.sch.uk?utm_source=snobe-co-uk&utm_medium=school-profile&utm_campaign=organic,2026-03-19,20.6,28.5,28.0,30.0,20.6,30.0,28.0,77.0,9.0,30,,,Lewisham,True
https://snobe.co.uk/schools/st-augustines-catholic-primary-school-and-nursery,100725,St Augustine's Catholic Primary School and Nursery,Lewisham,Dunfield Road,London,SE6 3RD,Primary,Roman Catholic,30.0,142,28.0,46.666667,473,51.42436,-0.016697,St Augustine's Catholic Primary School and Nursery,30.0,A-,Ofsted Good,http://www.staugustines.lewisham.sch.uk?utm_source=snobe-co-uk&utm_medium=school-profile&utm_campaign=organic,2026-03-19,20.6,28.5,28.0,30.0,20.6,30.0,28.0,77.0,9.0,30,,,Lewisham,True
https://snobe.co.uk/schools/st-mary-magdalens-catholic-primary-school-0,100720,St Mary Magdalen's Catholic Primary School,Lewisham,Howson Road,London,SE4 2BB,Primary,Roman Catholic,0.0,32,0.0,89.9625723,267,51.458146,-0.038107,St Mary Magdalen's Catholic Primary School,12.0,B+,Ofsted Good,http://www.st-marymagdalens.richmond.sch.uk/?utm_source=snobe-co-uk&utm_medium=school-profile&utm_campaign=organic,2026-03-19,21.9,0.0,12.0,12.0,21.9,12.0,12.0,77.0,9.0,12,,,Lewisham,True
https://snobe.co.uk/schools/st-mary-magdalens-catholic-primary-school-0,100720,St Mary Magdalen's Catholic Primary School,Lewisham,Howson Road,London,SE4 2BB,Primary,Roman Catholic,0.0,44,0.0,89.9625723,338,51.458146,-0.038107,St Mary Magdalen's Catholic Primary School,12.0,B+,Ofsted Good,http://www.st-marymagdalens.richmond.sch.uk/?utm_source=snobe-co-uk&utm_medium=school-profile&utm_campaign=organic,2026-03-19,21.9,0.0,12.0,12.0,21.9,12.0,12.0,77.0,9.0,13,,,Lewisham,True
https://snobe.co.uk/schools/st-mary-magdalens-catholic-primary-school-0,100720,St Mary Magdalen's Catholic Primary School,Lewisham,Howson Road,London,SE4 2BB,Primary,Roman Catholic,0.0,66,0.0,89.9625723,254,51.458146,-0.038107,St Mary Magdalen's Catholic Primary School,12.0,B+,Ofsted Good,http://www.st-marymagdalens.richmond.sch.uk/?utm_source=snobe-co-uk&utm_medium=school-profile&utm_campaign=organic,2026-03-19,21.9,0.0,12.0,12.0,21.9,12.0,12.0,77.0,9.0,26,,,Lewisham,True
https://snobe.co.uk/schools/st-mary-magdalens-catholic-primary-school-0,100720,St Mary Magdalen's Catholic Primary School,Lewisham,Howson Road,London,SE4 2BB,Primary,Roman Catholic,0.0,84,0.0,89.9625723,280,51.458146,-0.038107,St Mary Magdalen's Catholic Primary School,12.0,B+,Ofsted Good,http://www.st-marymagdalens.richmond.sch.uk/?utm_source=snobe-co-uk&utm_medium=school-profile&utm_campaign=organic,2026-03-19,21.9,0.0,12.0,12.0,21.9,12.0,12.0,77.0,9.0,30,,,Lewisham,True
https://snobe.co.uk/schools/st-mary-magdalens-catholic-primary-school-0,100720,St Mary Magdalen's Catholic Primary School,Lewisham,Howson Road,London,SE4 2BB,Primary,Roman Catholic,0.0,68,0.0,89.9625723,262,51.458146,-0.038107,St Mary Magdalen's Catholic Primary School,12.0,B+,Ofsted Good,http://www.st-marymagdalens.richmond.sch.uk/?utm_source=snobe-co-uk&utm_medium=school-profile&utm_campaign=organic,2026-03-19,21.9,0.0,12.0,12.0,21.9,12.0,12.0,77.0,9.0,26,,,Lewisham,True
https://snobe.co.uk/schools/st-mary-magdalens-catholic-primary-school-0,100720,St Mary Magdalen's Catholic Primary School,Lewisham,Howson Road,London,SE4 2BB,Primary,Roman Catholic,0.0,92,0.0,89.9625723,307,51.458146,-0.038107,St Mary Magdalen's Catholic Primary School,12.0,B+,Ofsted Good,http://www.st-marymagdalens.richmond.sch.uk/?utm_source=snobe-co-uk&utm_medium=school-profile&utm_campaign=organic,2026-03-19,21.9,0.0,12.0,12.0,21.9,12.0,12.0,77.0,9.0,30,,,Lewisham,True
https://snobe.co.uk/schools/st-mary-magdalens-catholic-primary-school-0,100720,St Mary Magdalen's Catholic Primary School,Lewisham,Howson Road,London,SE4 2BB,Primary,Roman Catholic,0.0,96,0.0,89.9625723,310,51.458146,-0.038107,St Mary Magdalen's Catholic Primary School,12.0,B+,Ofsted Good,http://www.st-marymagdalens.richmond.sch.uk/?utm_source=snobe-co-uk&utm_medium=school-profile&utm_campaign=organic,2026-03-19,21.9,0.0,12.0,12.0,21.9,12.0,12.0,77.0,9.0,31,,,Lewisham,True
https://snobe.co.uk/schools/st-mary-magdalens-catholic-primary-school-0,100720,St Mary Magdalen's Catholic Primary School,Lewisham,Howson Road,London,SE4 2BB,Primary,Roman Catholic,0.0,81,0.0,89.9625723,270,51.458146,-0.038107,St Mary Magdalen's Catholic Primary School,12.0,B+,Ofsted Good,http://www.st-marymagdalens.richmond.sch.uk/?utm_source=snobe-co-uk&utm_medium=school-profile&utm_campaign=organic,2026-03-19,21.9,0.0,12.0,12.0,21.9,12.0,12.0,77.0,9.0,30,,,Lewisham,True
https://snobe.co.uk/schools/st-matthew-academy,135264,St Matthew Academy,Lewisham,St Joseph's Vale,London,SE3 0XX,All-through,Roman Catholic,157.0,33,62.0,12.943633,206,51.464218,-0.000415,St Matthew Academy,16.0,B-,Ofsted Good,https://files.ofsted.gov.uk/v1/file/50129174,2026-03-19,34.8,149.15,13.0,16.0,34.8,16.0,13.0,77.0,9.0,16,,,Lewisham,True
https://snobe.co.uk/schools/st-matthew-academy,135264,St Matthew Academy,Lewisham,St Joseph's Vale,London,SE3 0XX,All-through,Roman Catholic,157.0,479,62.0,12.943633,305,51.464218,-0.000415,St Matthew Academy,16.0,B-,Ofsted Good,https://files.ofsted.gov.uk/v1/file/50129174,2026-03-19,34.8,149.15,13.0,16.0,34.8,16.0,13.0,77.0,9.0,157,,,Lewisham,True
https://snobe.co.uk/schools/st-matthew-academy,135264,St Matthew Academy,Lewisham,St Joseph's Vale,London,SE3 0XX,All-through,Roman Catholic,157.0,33,62.0,12.943633,275,51.464218,-0.000415,St Matthew Academy,16.0,B-,Ofsted Good,https://files.ofsted.gov.uk/v1/file/50129174,2026-03-19,34.8,149.15,13.0,16.0,34.8,16.0,13.0,77.0,9.0,12,,,Lewisham,True
https://snobe.co.uk/schools/st-matthew-academy,135264,St Matthew Academy,Lewisham,St Joseph's Vale,London,SE3 0XX,All-through,Roman Catholic,157.0,416,62.0,12.943633,285,51.464218,-0.000415,St Matthew Academy,16.0,B-,Ofsted Good,https://files.ofsted.gov.uk/v1/file/50129174,2026-03-19,34.8,149.15,13.0,16.0,34.8,16.0,13.0,77.0,9.0,146,,,Lewisham,True
https://snobe.co.uk/schools/st-matthew-academy,135264,St Matthew Academy,Lewisham,St Joseph's Vale,London,SE3 0XX,All-through,Roman Catholic,157.0,50,62.0,12.943633,263,51.464218,-0.000415,St Matthew Academy,16.0,B-,Ofsted Good,https://files.ofsted.gov.uk/v1/file/50129174,2026-03-19,34.8,149.15,13.0,16.0,34.8,16.0,13.0,77.0,9.0,19,,,Lewisham,True
https://snobe.co.uk/schools/st-matthew-academy,135264,St Matthew Academy,Lewisham,St Joseph's Vale,London,SE3 0XX,All-through,Roman Catholic,157.0,419,62.0,12.943633,287,51.464218,-0.000415,St Matthew Academy,16.0,B-,Ofsted Good,https://files.ofsted.gov.uk/v1/file/50129174,2026-03-19,34.8,149.15,13.0,16.0,34.8,16.0,13.0,77.0,9.0,146,,,Lewisham,True
https://snobe.co.uk/schools/st-matthew-academy,135264,St Matthew Academy,Lewisham,St Joseph's Vale,London,SE3 0XX,All-through,Roman Catholic,157.0,58,62.0,12.943633,414,51.464218,-0.000415,St Matthew Academy,16.0,B-,Ofsted Good,https://files.ofsted.gov.uk/v1/file/50129174,2026-03-19,34.8,149.15,13.0,16.0,34.8,16.0,13.0,77.0,9.0,14,,,Lewisham,True
https://snobe.co.uk/schools/st-matthew-academy,135264,St Matthew Academy,Lewisham,St Joseph's Vale,London,SE3 0XX,All-through,Roman Catholic,157.0,500,62.0,12.943633,379,51.464218,-0.000415,St Matthew Academy,16.0,B-,Ofsted Good,https://files.ofsted.gov.uk/v1/file/50129174,2026-03-19,34.8,149.15,13.0,16.0,34.8,16.0,13.0,77.0,9.0,132,,,Lewisham,True
https://snobe.co.uk/schools/st-matthew-academy,135264,St Matthew Academy,Lewisham,St Joseph's Vale,London,SE3 0XX,All-through,Roman Catholic,157.0,49,62.0,12.943633,258,51.464218,-0.000415,St Matthew Academy,16.0,B-,Ofsted Good,https://files.ofsted.gov.uk/v1/file/50129174,2026-03-19,34.8,149.15,13.0,16.0,34.8,16.0,13.0,77.0,9.0,19,,,Lewisham,True
https://snobe.co.uk/schools/st-matthew-academy,135264,St Matthew Academy,Lewisham,St Joseph's Vale,London,SE3 0XX,All-through,Roman Catholic,157.0,505,62.0,12.943633,377,51.464218,-0.000415,St Matthew Academy,16.0,B-,Ofsted Good,https://files.ofsted.gov.uk/v1/file/50129174,2026-03-19,34.8,149.15,13.0,16.0,34.8,16.0,13.0,77.0,9.0,134,,,Lewisham,True
https://snobe.co.uk/schools/st-matthew-academy,135264,St Matthew Academy,Lewisham,St Joseph's Vale,London,SE3 0XX,All-through,Roman Catholic,157.0,37,62.0,12.943633,336,51.464218,-0.000415,St Matthew Academy,16.0,B-,Ofsted Good,https://files.ofsted.gov.uk/v1/file/50129174,2026-03-19,34.8,149.15,13.0,16.0,34.8,16.0,13.0,77.0,9.0,11,,,Lewisham,True
https://snobe.co.uk/schools/st-matthew-academy,135264,St Matthew Academy,Lewisham,St Joseph's Vale,London,SE3 0XX,All-through,Roman Catholic,157.0,418,62.0,12.943633,301,51.464218,-0.000415,St Matthew Academy,16.0,B-,Ofsted Good,https://files.ofsted.gov.uk/v1/file/50129174,2026-03-19,34.8,149.15,13.0,16.0,34.8,16.0,13.0,77.0,9.0,139,,,Lewisham,True
https://snobe.co.uk/schools/st-matthew-academy,135264,St Matthew Academy,Lewisham,St Joseph's Vale,London,SE3 0XX,All-through,Roman Catholic,157.0,34,62.0,12.943633,243,51.464218,-0.000415,St Matthew Academy,16.0,B-,Ofsted Good,https://files.ofsted.gov.uk/v1/file/50129174,2026-03-19,34.8,149.15,13.0,16.0,34.8,16.0,13.0,77.0,9.0,14,,,Lewisham,True
https://snobe.co.uk/schools/st-matthew-academy,135264,St Matthew Academy,Lewisham,St Joseph's Vale,London,SE3 0XX,All-through,Roman Catholic,157.0,368,62.0,12.943633,344,51.464218,-0.000415,St Matthew Academy,16.0,B-,Ofsted Good,https://files.ofsted.gov.uk/v1/file/50129174,2026-03-19,34.8,149.15,13.0,16.0,34.8,16.0,13.0,77.0,9.0,107,,,Lewisham,True
https://snobe.co.uk/schools/st-matthew-academy,135264,St Matthew Academy,Lewisham,St Joseph's Vale,London,SE3 0XX,All-through,Roman Catholic,157.0,40,62.0,12.943633,200,51.464218,-0.000415,St Matthew Academy,16.0,B-,Ofsted Good,https://files.ofsted.gov.uk/v1/file/50129174,2026-03-19,34.8,149.15,13.0,16.0,34.8,16.0,13.0,77.0,9.0,20,,,Lewisham,True
https://snobe.co.uk/schools/st-matthew-academy,135264,St Matthew Academy,Lewisham,St Joseph's Vale,London,SE3 0XX,All-through,Roman Catholic,157.0,222,62.0,12.943633,383,51.464218,-0.000415,St Matthew Academy,16.0,B-,Ofsted Good,https://files.ofsted.gov.uk/v1/file/50129174,2026-03-19,34.8,149.15,13.0,16.0,34.8,16.0,13.0,77.0,9.0,58,,,Lewisham,True
https://snobe.co.uk/schools/st-matthew-academy,135264,St Matthew Academy,Lewisham,St Joseph's Vale,London,SE3 0XX,All-through,Roman Catholic,157.0,61,62.0,12.943633,339,51.464218,-0.000415,St Matthew Academy,16.0,B-,Ofsted Good,https://files.ofsted.gov.uk/v1/file/50129174,2026-03-19,34.8,149.15,13.0,16.0,34.8,16.0,13.0,77.0,9.0,18,,,Lewisham,True
https://snobe.co.uk/schools/st-matthew-academy,135264,St Matthew Academy,Lewisham,St Joseph's Vale,London,SE3 0XX,All-through,Roman Catholic,157.0,308,62.0,12.943633,481,51.464218,-0.000415,St Matthew Academy,16.0,B-,Ofsted Good,https://files.ofsted.gov.uk/v1/file/50129174,2026-03-19,34.8,149.15,13.0,16.0,34.8,16.0,13.0,77.0,9.0,64,,,Lewisham,True
https://snobe.co.uk/schools/st-matthew-academy,135264,St Matthew Academy,Lewisham,St Joseph's Vale,London,SE3 0XX,All-through,Roman Catholic,157.0,79,62.0,12.943633,226,51.464218,-0.000415,St Matthew Academy,16.0,B-,Ofsted Good,https://files.ofsted.gov.uk/v1/file/50129174,2026-03-19,34.8,149.15,13.0,16.0,34.8,16.0,13.0,77.0,9.0,35,,,Lewisham,True
https://snobe.co.uk/schools/st-matthew-academy,135264,St Matthew Academy,Lewisham,St Joseph's Vale,London,SE3 0XX,All-through,Roman Catholic,157.0,412,62.0,12.943633,280,51.464218,-0.000415,St Matthew Academy,16.0,B-,Ofsted Good,https://files.ofsted.gov.uk/v1/file/50129174,2026-03-19,34.8,149.15,13.0,16.0,34.8,16.0,13.0,77.0,9.0,147,,,Lewisham,True
https://snobe.co.uk/schools/st-matthew-academy,135264,St Matthew Academy,Lewisham,St Joseph's Vale,London,SE3 0XX,All-through,Roman Catholic,157.0,122,62.0,12.943633,203,51.464218,-0.000415,St Matthew Academy,16.0,B-,Ofsted Good,https://files.ofsted.gov.uk/v1/file/50129174,2026-03-19,34.8,149.15,13.0,16.0,34.8,16.0,13.0,77.0,9.0,60,,,Lewisham,True
https://snobe.co.uk/schools/st-matthew-academy,135264,St Matthew Academy,Lewisham,St Joseph's Vale,London,SE3 0XX,All-through,Roman Catholic,157.0,485,62.0,12.943633,373,51.464218,-0.000415,St Matthew Academy,16.0,B-,Ofsted Good,https://files.ofsted.gov.uk/v1/file/50129174,2026-03-19,34.8,149.15,13.0,16.0,34.8,16.0,13.0,77.0,9.0,130,,,Lewisham,True
https://snobe.co.uk/schools/st-matthew-academy,135264,St Matthew Academy,Lewisham,St Joseph's Vale,London,SE3 0XX,All-through,Roman Catholic,157.0,141,62.0,12.943633,235,51.464218,-0.000415,St Matthew Academy,16.0,B-,Ofsted Good,https://files.ofsted.gov.uk/v1/file/50129174,2026-03-19,34.8,149.15,13.0,16.0,34.8,16.0,13.0,77.0,9.0,60,,,Lewisham,True
https://snobe.co.uk/schools/st-matthew-academy,135264,St Matthew Academy,Lewisham,St Joseph's Vale,London,SE3 0XX,All-through,Roman Catholic,157.0,491,62.0,12.943633,321,51.464218,-0.000415,St Matthew Academy,16.0,B-,Ofsted Good,https://files.ofsted.gov.uk/v1/file/50129174,2026-03-19,34.8,149.15,13.0,16.0,34.8,16.0,13.0,77.0,9.0,153,,,Lewisham,True
https://snobe.co.uk/schools/st-saviours-catholic-primary-school,100733,St Saviour's Catholic Primary School,Lewisham,10 Bonfield Road,London,SE13 6AL,Primary,Roman Catholic,10.0,39,6.0,15.384615,390,51.459945,-0.010361,St Saviour's Catholic Primary School,10.0,B,Ofsted Good,http://www.stsaviours.lewisham.sch.uk?utm_source=snobe-co-uk&utm_medium=school-profile&utm_campaign=organic,2026-03-19,36.3,9.5,6.0,10.0,36.3,10.0,6.0,77.0,9.0,10,,,Lewisham,True
https://snobe.co.uk/schools/st-saviours-catholic-primary-school,100733,St Saviour's Catholic Primary School,Lewisham,10 Bonfield Road,London,SE13 6AL,Primary,Roman Catholic,10.0,73,6.0,15.384615,292,51.459945,-0.010361,St Saviour's Catholic Primary School,10.0,B,Ofsted Good,http://www.stsaviours.lewisham.sch.uk?utm_source=snobe-co-uk&utm_medium=school-profile&utm_campaign=organic,2026-03-19,36.3,9.5,6.0,10.0,36.3,10.0,6.0,77.0,9.0,25,,,Lewisham,True
https://snobe.co.uk/schools/st-saviours-catholic-primary-school,100733,St Saviour's Catholic Primary School,Lewisham,10 Bonfield Road,London,SE13 6AL,Primary,Roman Catholic,10.0,72,6.0,15.384615,277,51.459945,-0.010361,St Saviour's Catholic Primary School,10.0,B,Ofsted Good,http://www.stsaviours.lewisham.sch.uk?utm_source=snobe-co-uk&utm_medium=school-profile&utm_campaign=organic,2026-03-19,36.3,9.5,6.0,10.0,36.3,10.0,6.0,77.0,9.0,26,,,Lewisham,True
https://snobe.co.uk/schools/st-saviours-catholic-primary-school,100733,St Saviour's Catholic Primary School,Lewisham,10 Bonfield Road,London,SE13 6AL,Primary,Roman Catholic,10.0,87,6.0,15.384615,290,51.459945,-0.010361,St Saviour's Catholic Primary School,10.0,B,Ofsted Good,http://www.stsaviours.lewisham.sch.uk?utm_source=snobe-co-uk&utm_medium=school-profile&utm_campaign=organic,2026-03-19,36.3,9.5,6.0,10.0,36.3,10.0,6.0,77.0,9.0,30,,,Lewisham,True
https://snobe.co.uk/schools/st-saviours-catholic-primary-school,100733,St Saviour's Catholic Primary School,Lewisham,10 Bonfield Road,London,SE13 6AL,Primary,Roman Catholic,10.0,104,6.0,15.384615,347,51.459945,-0.010361,St Saviour's Catholic Primary School,10.0,B,Ofsted Good,http://www.stsaviours.lewisham.sch.uk?utm_source=snobe-co-uk&utm_medium=school-profile&utm_campaign=organic,2026-03-19,36.3,9.5,6.0,10.0,36.3,10.0,6.0,77.0,9.0,30,,,Lewisham,True
https://snobe.co.uk/schools/st-saviours-catholic-primary-school,100733,St Saviour's Catholic Primary School,Lewisham,10 Bonfield Road,London,SE13 6AL,Primary,Roman Catholic,10.0,107,6.0,15.384615,357,51.459945,-0.010361,St Saviour's Catholic Primary School,10.0,B,Ofsted Good,http://www.stsaviours.lewisham.sch.uk?utm_source=snobe-co-uk&utm_medium=school-profile&utm_campaign=organic,2026-03-19,36.3,9.5,6.0,10.0,36.3,10.0,6.0,77.0,9.0,30,,,Lewisham,True
https://snobe.co.uk/schools/st-saviours-catholic-primary-school,100733,St Saviour's Catholic Primary School,Lewisham,10 Bonfield Road,London,SE13 6AL,Primary,Roman Catholic,10.0,83,6.0,15.384615,277,51.459945,-0.010361,St Saviour's Catholic Primary School,10.0,B,Ofsted Good,http://www.stsaviours.lewisham.sch.uk?utm_source=snobe-co-uk&utm_medium=school-profile&utm_campaign=organic,2026-03-19,36.3,9.5,6.0,10.0,36.3,10.0,6.0,77.0,9.0,30,,,Lewisham,True
https://snobe.co.uk/schools/st-saviours-catholic-primary-school,100733,St Saviour's Catholic Primary School,Lewisham,10 Bonfield Road,London,SE13 6AL,Primary,Roman Catholic,10.0,82,6.0,15.384615,283,51.459945,-0.010361,St Saviour's Catholic Primary School,10.0,B,Ofsted Good,http://www.stsaviours.lewisham.sch.uk?utm_source=snobe-co-uk&utm_medium=school-profile&utm_campaign=organic,2026-03-19,36.3,9.5,6.0,10.0,36.3,10.0,6.0,77.0,9.0,29,,,Lewisham,True
https://snobe.co.uk/schools/st-saviours-catholic-primary-school,100733,St Saviour's Catholic Primary School,Lewisham,10 Bonfield Road,London,SE13 6AL,Primary,Roman Catholic,10.0,100,6.0,15.384615,370,51.459945,-0.010361,St Saviour's Catholic Primary School,10.0,B,Ofsted Good,http://www.stsaviours.lewisham.sch.uk?utm_source=snobe-co-uk&utm_medium=school-profile&utm_campaign=organic,2026-03-19,36.3,9.5,6.0,10.0,36.3,10.0,6.0,77.0,9.0,27,,,Lewisham,True
https://snobe.co.uk/schools/st-saviours-catholic-primary-school,100733,St Saviour's Catholic Primary School,Lewisham,10 Bonfield Road,London,SE13 6AL,Primary,Roman Catholic,10.0,121,6.0,15.384615,403,51.459945,-0.010361,St Saviour's Catholic Primary School,10.0,B,Ofsted Good,http://www.stsaviours.lewisham.sch.uk?utm_source=snobe-co-uk&utm_medium=school-profile&utm_campaign=organic,2026-03-19,36.3,9.5,6.0,10.0,36.3,10.0,6.0,77.0,9.0,30,,,Lewisham,True
https://snobe.co.uk/schools/st-saviours-catholic-primary-school,100733,St Saviour's Catholic Primary School,Lewisham,10 Bonfield Road,London,SE13 6AL,Primary,Roman Catholic,10.0,146,6.0,15.384615,487,51.459945,-0.010361,St Saviour's Catholic Primary School,10.0,B,Ofsted Good,http://www.stsaviours.lewisham.sch.uk?utm_source=snobe-co-uk&utm_medium=school-profile&utm_campaign=organic,2026-03-19,36.3,9.5,6.0,10.0,36.3,10.0,6.0,77.0,9.0,30,,,Lewisham,True
https://snobe.co.uk/schools/st-saviours-catholic-primary-school,100733,St Saviour's Catholic Primary School,Lewisham,10 Bonfield Road,London,SE13 6AL,Primary,Roman Catholic,10.0,167,6.0,15.384615,576,51.459945,-0.010361,St Saviour's Catholic Primary School,10.0,B,Ofsted Good,http://www.stsaviours.lewisham.sch.uk?utm_source=snobe-co-uk&utm_medium=school-profile&utm_campaign=organic,2026-03-19,36.3,9.5,6.0,10.0,36.3,10.0,6.0,77.0,9.0,29,,,Lewisham,True
https://snobe.co.uk/schools/st-william-york-catholic-primary-school,100737,St William of York Catholic Primary School,Lewisham,Brockley Park,London,SE23 1PS,Primary,Roman Catholic,22.0,76,22.0,28.947368,345,51.444306,-0.03916,St William of York Catholic Primary School,22.0,A-,Ofsted Good,http://www.swoy.lewisham.sch.uk?utm_source=snobe-co-uk&utm_medium=school-profile&utm_campaign=organic,2026-03-19,19.0,20.9,22.0,22.0,19.0,22.0,22.0,77.0,9.0,22,,,Lewisham,True
https://snobe.co.uk/schools/st-william-york-catholic-primary-school,100737,St William of York Catholic Primary School,Lewisham,Brockley Park,London,SE23 1PS,Primary,Roman Catholic,22.0,53,22.0,28.947368,442,51.444306,-0.03916,St William of York Catholic Primary School,22.0,A-,Ofsted Good,http://www.swoy.lewisham.sch.uk?utm_source=snobe-co-uk&utm_medium=school-profile&utm_campaign=organic,2026-03-19,19.0,20.9,22.0,22.0,19.0,22.0,22.0,77.0,9.0,12,,,Lewisham,True
https://snobe.co.uk/schools/st-william-york-catholic-primary-school,100737,St William of York Catholic Primary School,Lewisham,Brockley Park,London,SE23 1PS,Primary,Roman Catholic,22.0,59,22.0,28.947368,219,51.444306,-0.03916,St William of York Catholic Primary School,22.0,A-,Ofsted Good,http://www.swoy.lewisham.sch.uk?utm_source=snobe-co-uk&utm_medium=school-profile&utm_campaign=organic,2026-03-19,19.0,20.9,22.0,22.0,19.0,22.0,22.0,77.0,9.0,27,,,Lewisham,True
https://snobe.co.uk/schools/st-william-york-catholic-primary-school,100737,St William of York Catholic Primary School,Lewisham,Brockley Park,London,SE23 1PS,Primary,Roman Catholic,22.0,59,22.0,28.947368,268,51.444306,-0.03916,St William of York Catholic Primary School,22.0,A-,Ofsted Good,http://www.swoy.lewisham.sch.uk?utm_source=snobe-co-uk&utm_medium=school-profile&utm_campaign=organic,2026-03-19,19.0,20.9,22.0,22.0,19.0,22.0,22.0,77.0,9.0,22,,,Lewisham,True
https://snobe.co.uk/schools/st-william-york-catholic-primary-school,100737,St William of York Catholic Primary School,Lewisham,Brockley Park,London,SE23 1PS,Primary,Roman Catholic,22.0,68,22.0,28.947368,227,51.444306,-0.03916,St William of York Catholic Primary School,22.0,A-,Ofsted Good,http://www.swoy.lewisham.sch.uk?utm_source=snobe-co-uk&utm_medium=school-profile&utm_campaign=organic,2026-03-19,19.0,20.9,22.0,22.0,19.0,22.0,22.0,77.0,9.0,30,,,Lewisham,True
https://snobe.co.uk/schools/st-william-york-catholic-primary-school,100737,St William of York Catholic Primary School,Lewisham,Brockley Park,London,SE23 1PS,Primary,Roman Catholic,22.0,69,22.0,28.947368,300,51.444306,-0.03916,St William of York Catholic Primary School,22.0,A-,Ofsted Good,http://www.swoy.lewisham.sch.uk?utm_source=snobe-co-uk&utm_medium=school-profile&utm_campaign=organic,2026-03-19,19.0,20.9,22.0,22.0,19.0,22.0,22.0,77.0,9.0,23,,,Lewisham,True
https://snobe.co.uk/schools/st-william-york-catholic-primary-school,100737,St William of York Catholic Primary School,Lewisham,Brockley Park,London,SE23 1PS,Primary,Roman Catholic,22.0,78,22.0,28.947368,260,51.444306,-0.03916,St William of York Catholic Primary School,22.0,A-,Ofsted Good,http://www.swoy.lewisham.sch.uk?utm_source=snobe-co-uk&utm_medium=school-profile&utm_campaign=organic,2026-03-19,19.0,20.9,22.0,22.0,19.0,22.0,22.0,77.0,9.0,30,,,Lewisham,True
https://snobe.co.uk/schools/st-william-york-catholic-primary-school,100737,St William of York Catholic Primary School,Lewisham,Brockley Park,London,SE23 1PS,Primary,Roman Catholic,22.0,88,22.0,28.947368,293,51.444306,-0.03916,St William of York Catholic Primary School,22.0,A-,Ofsted Good,http://www.swoy.lewisham.sch.uk?utm_source=snobe-co-uk&utm_medium=school-profile&utm_campaign=organic,2026-03-19,19.0,20.9,22.0,22.0,19.0,22.0,22.0,77.0,9.0,30,,,Lewisham,True
https://snobe.co.uk/schools/st-william-york-catholic-primary-school,100737,St William of York Catholic Primary School,Lewisham,Brockley Park,London,SE23 1PS,Primary,Roman Catholic,22.0,90,22.0,28.947368,300,51.444306,-0.03916,St William of York Catholic Primary School,22.0,A-,Ofsted Good,http://www.swoy.lewisham.sch.uk?utm_source=snobe-co-uk&utm_medium=school-profile&utm_campaign=organic,2026-03-19,19.0,20.9,22.0,22.0,19.0,22.0,22.0,77.0,9.0,30,,,Lewisham,True
https://snobe.co.uk/schools/st-william-york-catholic-primary-school,100737,St William of York Catholic Primary School,Lewisham,Brockley Park,London,SE23 1PS,Primary,Roman Catholic,22.0,96,22.0,28.947368,320,51.444306,-0.03916,St William of York Catholic Primary School,22.0,A-,Ofsted Good,http://www.swoy.lewisham.sch.uk?utm_source=snobe-co-uk&utm_medium=school-profile&utm_campaign=organic,2026-03-19,19.0,20.9,22.0,22.0,19.0,22.0,22.0,77.0,9.0,30,,,Lewisham,True
https://snobe.co.uk/schools/st-william-york-catholic-primary-school,100737,St William of York Catholic Primary School,Lewisham,Brockley Park,London,SE23 1PS,Primary,Roman Catholic,22.0,116,22.0,28.947368,387,51.444306,-0.03916,St William of York Catholic Primary School,22.0,A-,Ofsted Good,http://www.swoy.lewisham.sch.uk?utm_source=snobe-co-uk&utm_medium=school-profile&utm_campaign=organic,2026-03-19,19.0,20.9,22.0,22.0,19.0,22.0,22.0,77.0,9.0,30,,,Lewisham,True
https://snobe.co.uk/schools/st-william-york-catholic-primary-school,100737,St William of York Catholic Primary School,Lewisham,Brockley Park,London,SE23 1PS,Primary,Roman Catholic,22.0,125,22.0,28.947368,431,51.444306,-0.03916,St William of York Catholic Primary School,22.0,A-,Ofsted Good,http://www.swoy.lewisham.sch.uk?utm_source=snobe-co-uk&utm_medium=school-profile&utm_campaign=organic,2026-03-19,19.0,20.9,22.0,22.0,19.0,22.0,22.0,77.0,9.0,29,,,Lewisham,True
https://snobe.co.uk/schools/st-winifreds-rc-primary-school,142456,St Winifred's RC Primary School,Lewisham,Newstead Road,London,SE12 0SJ,Primary,Roman Catholic,53.0,121,41.0,33.884298,228,51.447734,0.009602,St Winifred's RC Primary School,53.0,B-,Ofsted Good,http://www.swcps.lewisham.sch.uk?utm_source=snobe-co-uk&utm_medium=school-profile&utm_campaign=organic,2026-03-19,18.1,50.35,41.0,53.0,18.1,53.0,41.0,77.0,9.0,53,,,Lewisham,True
https://snobe.co.uk/schools/st-winifreds-rc-primary-school,142456,St Winifred's RC Primary School,Lewisham,Newstead Road,London,SE12 0SJ,Primary,Roman Catholic,53.0,93,41.0,33.884298,202,51.447734,0.009602,St Winifred's RC Primary School,53.0,B-,Ofsted Good,http://www.swcps.lewisham.sch.uk?utm_source=snobe-co-uk&utm_medium=school-profile&utm_campaign=organic,2026-03-19,18.1,50.35,41.0,53.0,18.1,53.0,41.0,77.0,9.0,46,,,Lewisham,True
https://snobe.co.uk/schools/st-winifreds-rc-primary-school,142456,St Winifred's RC Primary School,Lewisham,Newstead Road,London,SE12 0SJ,Primary,Roman Catholic,53.0,116,41.0,33.884298,207,51.447734,0.009602,St Winifred's RC Primary School,53.0,B-,Ofsted Good,http://www.swcps.lewisham.sch.uk?utm_source=snobe-co-uk&utm_medium=school-profile&utm_campaign=organic,2026-03-19,18.1,50.35,41.0,53.0,18.1,53.0,41.0,77.0,9.0,56,,,Lewisham,True
https://snobe.co.uk/schools/st-winifreds-rc-primary-school,142456,St Winifred's RC Primary School,Lewisham,Newstead Road,London,SE12 0SJ,Primary,Roman Catholic,53.0,132,41.0,33.884298,220,51.447734,0.009602,St Winifred's RC Primary School,53.0,B-,Ofsted Good,http://www.swcps.lewisham.sch.uk?utm_source=snobe-co-uk&utm_medium=school-profile&utm_campaign=organic,2026-03-19,18.1,50.35,41.0,53.0,18.1,53.0,41.0,77.0,9.0,60,,,Lewisham,True
https://snobe.co.uk/schools/st-winifreds-rc-primary-school,142456,St Winifred's RC Primary School,Lewisham,Newstead Road,London,SE12 0SJ,Primary,Roman Catholic,53.0,109,41.0,33.884298,227,51.447734,0.009602,St Winifred's RC Primary School,53.0,B-,Ofsted Good,http://www.swcps.lewisham.sch.uk?utm_source=snobe-co-uk&utm_medium=school-profile&utm_campaign=organic,2026-03-19,18.1,50.35,41.0,53.0,18.1,53.0,41.0,77.0,9.0,48,,,Lewisham,True
https://snobe.co.uk/schools/st-winifreds-rc-primary-school,142456,St Winifred's RC Primary School,Lewisham,Newstead Road,London,SE12 0SJ,Primary,Roman Catholic,53.0,135,41.0,33.884298,225,51.447734,0.009602,St Winifred's RC Primary School,53.0,B-,Ofsted Good,http://www.swcps.lewisham.sch.uk?utm_source=snobe-co-uk&utm_medium=school-profile&utm_campaign=organic,2026-03-19,18.1,50.35,41.0,53.0,18.1,53.0,41.0,77.0,9.0,60,,,Lewisham,True
https://snobe.co.uk/schools/st-winifreds-rc-primary-school,142456,St Winifred's RC Primary School,Lewisham,Newstead Road,London,SE12 0SJ,Primary,Roman Catholic,53.0,129,41.0,33.884298,215,51.447734,0.009602,St Winifred's RC Primary School,53.0,B-,Ofsted Good,http://www.swcps.lewisham.sch.uk?utm_source=snobe-co-uk&utm_medium=school-profile&utm_campaign=organic,2026-03-19,18.1,50.35,41.0,53.0,18.1,53.0,41.0,77.0,9.0,60,,,Lewisham,True
https://snobe.co.uk/schools/st-winifreds-rc-primary-school,142456,St Winifred's RC Primary School,Lewisham,Newstead Road,London,SE12 0SJ,Primary,Roman Catholic,53.0,133,41.0,33.884298,225,51.447734,0.009602,St Winifred's RC Primary School,53.0,B-,Ofsted Good,http://www.swcps.lewisham.sch.uk?utm_source=snobe-co-uk&utm_medium=school-profile&utm_campaign=organic,2026-03-19,18.1,50.35,41.0,53.0,18.1,53.0,41.0,77.0,9.0,59,,,Lewisham,True
https://snobe.co.uk/schools/st-winifreds-rc-primary-school,142456,St Winifred's RC Primary School,Lewisham,Newstead Road,London,SE12 0SJ,Primary,Roman Catholic,53.0,127,41.0,33.884298,310,51.447734,0.009602,St Winifred's RC Primary School,53.0,B-,Ofsted Good,http://www.swcps.lewisham.sch.uk?utm_source=snobe-co-uk&utm_medium=school-profile&utm_campaign=organic,2026-03-19,18.1,50.35,41.0,53.0,18.1,53.0,41.0,77.0,9.0,41,,,Lewisham,True
https://snobe.co.uk/schools/donhead-preparatory-school,102687,Donhead Preparatory School,Merton,33 Edge Hill,London,SW19 4ND,Not applicable,Roman Catholic,,0,,,0,51.420877,-0.219865,Donhead Preparatory School,210.0,A,Ofsted Outstanding,http://www.donhead.org.uk?utm_source=snobe-co-uk&utm_medium=school-profile&utm_campaign=organic,2026-03-19,25.0,323.0,0.0,,,,,42.0,4.0,0,,,,False
https://snobe.co.uk/schools/st-john-fisher-rc-primary-school,102671,St John Fisher RC Primary School,Merton,Grand Drive,London,SW20 9NA,Primary,Roman Catholic,37.0,104,33.0,31.730769,281,51.397101,-0.228796,St John Fisher RC Primary School,37.0,B-,Ofsted Good,http://www.st-johnfisher.merton.sch.uk?utm_source=snobe-co-uk&utm_medium=school-profile&utm_campaign=organic,2026-03-19,9.9,35.15,33.0,37.0,9.9,37.0,33.0,42.0,4.0,37,,,Merton,True
https://snobe.co.uk/schools/st-john-fisher-rc-primary-school,102671,St John Fisher RC Primary School,Merton,Grand Drive,London,SW20 9NA,Primary,Roman Catholic,37.0,135,33.0,31.730769,225,51.397101,-0.228796,St John Fisher RC Primary School,37.0,B-,Ofsted Good,http://www.st-johnfisher.merton.sch.uk?utm_source=snobe-co-uk&utm_medium=school-profile&utm_campaign=organic,2026-03-19,9.9,35.15,33.0,37.0,9.9,37.0,33.0,42.0,4.0,60,,,Merton,True
https://snobe.co.uk/schools/st-john-fisher-rc-primary-school,102671,St John Fisher RC Primary School,Merton,Grand Drive,London,SW20 9NA,Primary,Roman Catholic,37.0,147,33.0,31.730769,249,51.397101,-0.228796,St John Fisher RC Primary School,37.0,B-,Ofsted Good,http://www.st-johnfisher.merton.sch.uk?utm_source=snobe-co-uk&utm_medium=school-profile&utm_campaign=organic,2026-03-19,9.9,35.15,33.0,37.0,9.9,37.0,33.0,42.0,4.0,59,,,Merton,True
https://snobe.co.uk/schools/st-john-fisher-rc-primary-school,102671,St John Fisher RC Primary School,Merton,Grand Drive,London,SW20 9NA,Primary,Roman Catholic,37.0,159,33.0,31.730769,274,51.397101,-0.228796,St John Fisher RC Primary School,37.0,B-,Ofsted Good,http://www.st-johnfisher.merton.sch.uk?utm_source=snobe-co-uk&utm_medium=school-profile&utm_campaign=organic,2026-03-19,9.9,35.15,33.0,37.0,9.9,37.0,33.0,42.0,4.0,58,,,Merton,True
https://snobe.co.uk/schools/st-john-fisher-rc-primary-school,102671,St John Fisher RC Primary School,Merton,Grand Drive,London,SW20 9NA,Primary,Roman Catholic,37.0,150,33.0,31.730769,250,51.397101,-0.228796,St John Fisher RC Primary School,37.0,B-,Ofsted Good,http://www.st-johnfisher.merton.sch.uk?utm_source=snobe-co-uk&utm_medium=school-profile&utm_campaign=organic,2026-03-19,9.9,35.15,33.0,37.0,9.9,37.0,33.0,42.0,4.0,60,,,Merton,True
https://snobe.co.uk/schools/st-john-fisher-rc-primary-school,102671,St John Fisher RC Primary School,Merton,Grand Drive,London,SW20 9NA,Primary,Roman Catholic,37.0,148,33.0,31.730769,247,51.397101,-0.228796,St John Fisher RC Primary School,37.0,B-,Ofsted Good,http://www.st-johnfisher.merton.sch.uk?utm_source=snobe-co-uk&utm_medium=school-profile&utm_campaign=organic,2026-03-19,9.9,35.15,33.0,37.0,9.9,37.0,33.0,42.0,4.0,60,,,Merton,True
https://snobe.co.uk/schools/st-john-fisher-rc-primary-school,102671,St John Fisher RC Primary School,Merton,Grand Drive,London,SW20 9NA,Primary,Roman Catholic,37.0,134,33.0,31.730769,223,51.397101,-0.228796,St John Fisher RC Primary School,37.0,B-,Ofsted Good,http://www.st-johnfisher.merton.sch.uk?utm_source=snobe-co-uk&utm_medium=school-profile&utm_campaign=organic,2026-03-19,9.9,35.15,33.0,37.0,9.9,37.0,33.0,42.0,4.0,60,,,Merton,True
https://snobe.co.uk/schools/st-john-fisher-rc-primary-school,102671,St John Fisher RC Primary School,Merton,Grand Drive,London,SW20 9NA,Primary,Roman Catholic,37.0,142,33.0,31.730769,241,51.397101,-0.228796,St John Fisher RC Primary School,37.0,B-,Ofsted Good,http://www.st-johnfisher.merton.sch.uk?utm_source=snobe-co-uk&utm_medium=school-profile&utm_campaign=organic,2026-03-19,9.9,35.15,33.0,37.0,9.9,37.0,33.0,42.0,4.0,59,,,Merton,True
https://snobe.co.uk/schools/st-john-fisher-rc-primary-school,102671,St John Fisher RC Primary School,Merton,Grand Drive,London,SW20 9NA,Primary,Roman Catholic,37.0,144,33.0,31.730769,244,51.397101,-0.228796,St John Fisher RC Primary School,37.0,B-,Ofsted Good,http://www.st-johnfisher.merton.sch.uk?utm_source=snobe-co-uk&utm_medium=school-profile&utm_campaign=organic,2026-03-19,9.9,35.15,33.0,37.0,9.9,37.0,33.0,42.0,4.0,59,,,Merton,True
https://snobe.co.uk/schools/st-john-fisher-rc-primary-school,102671,St John Fisher RC Primary School,Merton,Grand Drive,London,SW20 9NA,Primary,Roman Catholic,37.0,173,33.0,31.730769,288,51.397101,-0.228796,St John Fisher RC Primary School,37.0,B-,Ofsted Good,http://www.st-johnfisher.merton.sch.uk?utm_source=snobe-co-uk&utm_medium=school-profile&utm_campaign=organic,2026-03-19,9.9,35.15,33.0,37.0,9.9,37.0,33.0,42.0,4.0,60,,,Merton,True
https://snobe.co.uk/schools/st-john-fisher-rc-primary-school,102671,St John Fisher RC Primary School,Merton,Grand Drive,London,SW20 9NA,Primary,Roman Catholic,37.0,168,33.0,31.730769,280,51.397101,-0.228796,St John Fisher RC Primary School,37.0,B-,Ofsted Good,http://www.st-johnfisher.merton.sch.uk?utm_source=snobe-co-uk&utm_medium=school-profile&utm_campaign=organic,2026-03-19,9.9,35.15,33.0,37.0,9.9,37.0,33.0,42.0,4.0,60,,,Merton,True
https://snobe.co.uk/schools/st-john-fisher-rc-primary-school,102671,St John Fisher RC Primary School,Merton,Grand Drive,London,SW20 9NA,Primary,Roman Catholic,37.0,167,33.0,31.730769,278,51.397101,-0.228796,St John Fisher RC Primary School,37.0,B-,Ofsted Good,http://www.st-johnfisher.merton.sch.uk?utm_source=snobe-co-uk&utm_medium=school-profile&utm_campaign=organic,2026-03-19,9.9,35.15,33.0,37.0,9.9,37.0,33.0,42.0,4.0,60,,,Merton,True
https://snobe.co.uk/schools/st-peter-and-paul-catholic-primary-school,102667,St Peter and Paul Catholic Primary School,Merton,Cricket Green,MITCHAM,CR4 4LA,Primary,Roman Catholic,29.0,59,29.0,49.152542,203,51.400117,-0.167047,St Peter and Paul Catholic Primary School,29.0,A+,Ofsted Good,http://www.sspp.merton.sch.uk?utm_source=snobe-co-uk&utm_medium=school-profile&utm_campaign=organic,2026-03-19,29.8,27.55,29.0,29.0,29.8,29.0,29.0,42.0,4.0,29,,,Merton,True
https://snobe.co.uk/schools/st-peter-and-paul-catholic-primary-school,102667,St Peter and Paul Catholic Primary School,Merton,Cricket Green,MITCHAM,CR4 4LA,Primary,Roman Catholic,29.0,61,29.0,49.152542,265,51.400117,-0.167047,St Peter and Paul Catholic Primary School,29.0,A+,Ofsted Good,http://www.sspp.merton.sch.uk?utm_source=snobe-co-uk&utm_medium=school-profile&utm_campaign=organic,2026-03-19,29.8,27.55,29.0,29.0,29.8,29.0,29.0,42.0,4.0,23,,,Merton,True
https://snobe.co.uk/schools/st-peter-and-paul-catholic-primary-school,102667,St Peter and Paul Catholic Primary School,Merton,Cricket Green,MITCHAM,CR4 4LA,Primary,Roman Catholic,29.0,57,29.0,49.152542,219,51.400117,-0.167047,St Peter and Paul Catholic Primary School,29.0,A+,Ofsted Good,http://www.sspp.merton.sch.uk?utm_source=snobe-co-uk&utm_medium=school-profile&utm_campaign=organic,2026-03-19,29.8,27.55,29.0,29.0,29.8,29.0,29.0,42.0,4.0,26,,,Merton,True
https://snobe.co.uk/schools/st-peter-and-paul-catholic-primary-school,102667,St Peter and Paul Catholic Primary School,Merton,Cricket Green,MITCHAM,CR4 4LA,Primary,Roman Catholic,29.0,69,29.0,49.152542,265,51.400117,-0.167047,St Peter and Paul Catholic Primary School,29.0,A+,Ofsted Good,http://www.sspp.merton.sch.uk?utm_source=snobe-co-uk&utm_medium=school-profile&utm_campaign=organic,2026-03-19,29.8,27.55,29.0,29.0,29.8,29.0,29.0,42.0,4.0,26,,,Merton,True
https://snobe.co.uk/schools/st-peter-and-paul-catholic-primary-school,102667,St Peter and Paul Catholic Primary School,Merton,Cricket Green,MITCHAM,CR4 4LA,Primary,Roman Catholic,29.0,76,29.0,49.152542,245,51.400117,-0.167047,St Peter and Paul Catholic Primary School,29.0,A+,Ofsted Good,http://www.sspp.merton.sch.uk?utm_source=snobe-co-uk&utm_medium=school-profile&utm_campaign=organic,2026-03-19,29.8,27.55,29.0,29.0,29.8,29.0,29.0,42.0,4.0,31,,,Merton,True
https://snobe.co.uk/schools/st-peter-and-paul-catholic-primary-school,102667,St Peter and Paul Catholic Primary School,Merton,Cricket Green,MITCHAM,CR4 4LA,Primary,Roman Catholic,29.0,86,29.0,49.152542,191,51.400117,-0.167047,St Peter and Paul Catholic Primary School,29.0,A+,Ofsted Good,http://www.sspp.merton.sch.uk?utm_source=snobe-co-uk&utm_medium=school-profile&utm_campaign=organic,2026-03-19,29.8,27.55,29.0,29.0,29.8,29.0,29.0,42.0,4.0,45,,,Merton,True
https://snobe.co.uk/schools/st-peter-and-paul-catholic-primary-school,102667,St Peter and Paul Catholic Primary School,Merton,Cricket Green,MITCHAM,CR4 4LA,Primary,Roman Catholic,29.0,95,29.0,49.152542,161,51.400117,-0.167047,St Peter and Paul Catholic Primary School,29.0,A+,Ofsted Good,http://www.sspp.merton.sch.uk?utm_source=snobe-co-uk&utm_medium=school-profile&utm_campaign=organic,2026-03-19,29.8,27.55,29.0,29.0,29.8,29.0,29.0,42.0,4.0,59,,,Merton,True
https://snobe.co.uk/schools/st-peter-and-paul-catholic-primary-school,102667,St Peter and Paul Catholic Primary School,Merton,Cricket Green,MITCHAM,CR4 4LA,Primary,Roman Catholic,29.0,98,29.0,49.152542,258,51.400117,-0.167047,St Peter and Paul Catholic Primary School,29.0,A+,Ofsted Good,http://www.sspp.merton.sch.uk?utm_source=snobe-co-uk&utm_medium=school-profile&utm_campaign=organic,2026-03-19,29.8,27.55,29.0,29.0,29.8,29.0,29.0,42.0,4.0,38,,,Merton,True
https://snobe.co.uk/schools/st-peter-and-paul-catholic-primary-school,102667,St Peter and Paul Catholic Primary School,Merton,Cricket Green,MITCHAM,CR4 4LA,Primary,Roman Catholic,29.0,139,29.0,49.152542,236,51.400117,-0.167047,St Peter and Paul Catholic Primary School,29.0,A+,Ofsted Good,http://www.sspp.merton.sch.uk?utm_source=snobe-co-uk&utm_medium=school-profile&utm_campaign=organic,2026-03-19,29.8,27.55,29.0,29.0,29.8,29.0,29.0,42.0,4.0,59,,,Merton,True
https://snobe.co.uk/schools/st-peter-and-paul-catholic-primary-school,102667,St Peter and Paul Catholic Primary School,Merton,Cricket Green,MITCHAM,CR4 4LA,Primary,Roman Catholic,29.0,111,29.0,49.152542,202,51.400117,-0.167047,St Peter and Paul Catholic Primary School,29.0,A+,Ofsted Good,http://www.sspp.merton.sch.uk?utm_source=snobe-co-uk&utm_medium=school-profile&utm_campaign=organic,2026-03-19,29.8,27.55,29.0,29.0,29.8,29.0,29.0,42.0,4.0,55,,,Merton,True
https://snobe.co.uk/schools/st-peter-and-paul-catholic-primary-school,102667,St Peter and Paul Catholic Primary School,Merton,Cricket Green,MITCHAM,CR4 4LA,Primary,Roman Catholic,29.0,138,29.0,49.152542,230,51.400117,-0.167047,St Peter and Paul Catholic Primary School,29.0,A+,Ofsted Good,http://www.sspp.merton.sch.uk?utm_source=snobe-co-uk&utm_medium=school-profile&utm_campaign=organic,2026-03-19,29.8,27.55,29.0,29.0,29.8,29.0,29.0,42.0,4.0,60,,,Merton,True
https://snobe.co.uk/schools/st-peter-and-paul-catholic-primary-school,102667,St Peter and Paul Catholic Primary School,Merton,Cricket Green,MITCHAM,CR4 4LA,Primary,Roman Catholic,29.0,148,29.0,49.152542,251,51.400117,-0.167047,St Peter and Paul Catholic Primary School,29.0,A+,Ofsted Good,http://www.sspp.merton.sch.uk?utm_source=snobe-co-uk&utm_medium=school-profile&utm_campaign=organic,2026-03-19,29.8,27.55,29.0,29.0,29.8,29.0,29.0,42.0,4.0,59,,,Merton,True
https://snobe.co.uk/schools/st-teresas-catholic-primary-school,102669,St Teresa's Catholic Primary School,Merton,Montacute Road,Morden,SM4 6RL,Primary,Roman Catholic,48.0,85,47.0,55.294118,177,51.389697,-0.181664,St Teresa's Catholic Primary School,48.0,A,Ofsted Good,http://www.st-teresas.merton.sch.uk?utm_source=snobe-co-uk&utm_medium=school-profile&utm_campaign=organic,2026-03-19,12.0,45.6,47.0,48.0,12.0,48.0,47.0,42.0,4.0,48,,,Merton,True
https://snobe.co.uk/schools/st-teresas-catholic-primary-school,102669,St Teresa's Catholic Primary School,Merton,Montacute Road,Morden,SM4 6RL,Primary,Roman Catholic,48.0,111,47.0,55.294118,213,51.389697,-0.181664,St Teresa's Catholic Primary School,48.0,A,Ofsted Good,http://www.st-teresas.merton.sch.uk?utm_source=snobe-co-uk&utm_medium=school-profile&utm_campaign=organic,2026-03-19,12.0,45.6,47.0,48.0,12.0,48.0,47.0,42.0,4.0,52,,,Merton,True
https://snobe.co.uk/schools/st-teresas-catholic-primary-school,102669,St Teresa's Catholic Primary School,Merton,Montacute Road,Morden,SM4 6RL,Primary,Roman Catholic,48.0,97,47.0,55.294118,162,51.389697,-0.181664,St Teresa's Catholic Primary School,48.0,A,Ofsted Good,http://www.st-teresas.merton.sch.uk?utm_source=snobe-co-uk&utm_medium=school-profile&utm_campaign=organic,2026-03-19,12.0,45.6,47.0,48.0,12.0,48.0,47.0,42.0,4.0,60,,,Merton,True
https://snobe.co.uk/schools/st-teresas-catholic-primary-school,102669,St Teresa's Catholic Primary School,Merton,Montacute Road,Morden,SM4 6RL,Primary,Roman Catholic,48.0,110,47.0,55.294118,183,51.389697,-0.181664,St Teresa's Catholic Primary School,48.0,A,Ofsted Good,http://www.st-teresas.merton.sch.uk?utm_source=snobe-co-uk&utm_medium=school-profile&utm_campaign=organic,2026-03-19,12.0,45.6,47.0,48.0,12.0,48.0,47.0,42.0,4.0,60,,,Merton,True
https://snobe.co.uk/schools/st-teresas-catholic-primary-school,102669,St Teresa's Catholic Primary School,Merton,Montacute Road,Morden,SM4 6RL,Primary,Roman Catholic,48.0,119,47.0,55.294118,198,51.389697,-0.181664,St Teresa's Catholic Primary School,48.0,A,Ofsted Good,http://www.st-teresas.merton.sch.uk?utm_source=snobe-co-uk&utm_medium=school-profile&utm_campaign=organic,2026-03-19,12.0,45.6,47.0,48.0,12.0,48.0,47.0,42.0,4.0,60,,,Merton,True
https://snobe.co.uk/schools/st-teresas-catholic-primary-school,102669,St Teresa's Catholic Primary School,Merton,Montacute Road,Morden,SM4 6RL,Primary,Roman Catholic,48.0,109,47.0,55.294118,185,51.389697,-0.181664,St Teresa's Catholic Primary School,48.0,A,Ofsted Good,http://www.st-teresas.merton.sch.uk?utm_source=snobe-co-uk&utm_medium=school-profile&utm_campaign=organic,2026-03-19,12.0,45.6,47.0,48.0,12.0,48.0,47.0,42.0,4.0,59,,,Merton,True
https://snobe.co.uk/schools/st-teresas-catholic-primary-school,102669,St Teresa's Catholic Primary School,Merton,Montacute Road,Morden,SM4 6RL,Primary,Roman Catholic,48.0,119,47.0,55.294118,202,51.389697,-0.181664,St Teresa's Catholic Primary School,48.0,A,Ofsted Good,http://www.st-teresas.merton.sch.uk?utm_source=snobe-co-uk&utm_medium=school-profile&utm_campaign=organic,2026-03-19,12.0,45.6,47.0,48.0,12.0,48.0,47.0,42.0,4.0,59,,,Merton,True
https://snobe.co.uk/schools/st-teresas-catholic-primary-school,102669,St Teresa's Catholic Primary School,Merton,Montacute Road,Morden,SM4 6RL,Primary,Roman Catholic,48.0,90,47.0,55.294118,150,51.389697,-0.181664,St Teresa's Catholic Primary School,48.0,A,Ofsted Good,http://www.st-teresas.merton.sch.uk?utm_source=snobe-co-uk&utm_medium=school-profile&utm_campaign=organic,2026-03-19,12.0,45.6,47.0,48.0,12.0,48.0,47.0,42.0,4.0,60,,,Merton,True
https://snobe.co.uk/schools/st-teresas-catholic-primary-school,102669,St Teresa's Catholic Primary School,Merton,Montacute Road,Morden,SM4 6RL,Primary,Roman Catholic,48.0,127,47.0,55.294118,212,51.389697,-0.181664,St Teresa's Catholic Primary School,48.0,A,Ofsted Good,http://www.st-teresas.merton.sch.uk?utm_source=snobe-co-uk&utm_medium=school-profile&utm_campaign=organic,2026-03-19,12.0,45.6,47.0,48.0,12.0,48.0,47.0,42.0,4.0,60,,,Merton,True
https://snobe.co.uk/schools/st-teresas-catholic-primary-school,102669,St Teresa's Catholic Primary School,Merton,Montacute Road,Morden,SM4 6RL,Primary,Roman Catholic,48.0,109,47.0,55.294118,182,51.389697,-0.181664,St Teresa's Catholic Primary School,48.0,A,Ofsted Good,http://www.st-teresas.merton.sch.uk?utm_source=snobe-co-uk&utm_medium=school-profile&utm_campaign=organic,2026-03-19,12.0,45.6,47.0,48.0,12.0,48.0,47.0,42.0,4.0,60,,,Merton,True
https://snobe.co.uk/schools/st-teresas-catholic-primary-school,102669,St Teresa's Catholic Primary School,Merton,Montacute Road,Morden,SM4 6RL,Primary,Roman Catholic,48.0,121,47.0,55.294118,202,51.389697,-0.181664,St Teresa's Catholic Primary School,48.0,A,Ofsted Good,http://www.st-teresas.merton.sch.uk?utm_source=snobe-co-uk&utm_medium=school-profile&utm_campaign=organic,2026-03-19,12.0,45.6,47.0,48.0,12.0,48.0,47.0,42.0,4.0,60,,,Merton,True
https://snobe.co.uk/schools/st-teresas-catholic-primary-school,102669,St Teresa's Catholic Primary School,Merton,Montacute Road,Morden,SM4 6RL,Primary,Roman Catholic,48.0,127,47.0,55.294118,212,51.389697,-0.181664,St Teresa's Catholic Primary School,48.0,A,Ofsted Good,http://www.st-teresas.merton.sch.uk?utm_source=snobe-co-uk&utm_medium=school-profile&utm_campaign=organic,2026-03-19,12.0,45.6,47.0,48.0,12.0,48.0,47.0,42.0,4.0,60,,,Merton,True
https://snobe.co.uk/schools/ursuline-high-school-wimbledon,102683,Ursuline High School Wimbledon,Merton,Crescent Road,London,SW20 8HA,Secondary,Roman Catholic,207.0,839,169.0,20.143027,405,51.414024,-0.222821,Ursuline High School Wimbledon,207.0,B,Ofsted Good,http://www.ursulinehigh.merton.sch.uk?utm_source=snobe-co-uk&utm_medium=school-profile&utm_campaign=organic,2026-03-19,13.4,196.65,169.0,207.0,13.4,207.0,169.0,42.0,4.0,207,,,Merton,True
https://snobe.co.uk/schools/ursuline-high-school-wimbledon,102683,Ursuline High School Wimbledon,Merton,Crescent Road,London,SW20 8HA,Secondary,Roman Catholic,207.0,862,169.0,20.143027,370,51.414024,-0.222821,Ursuline High School Wimbledon,207.0,B,Ofsted Good,http://www.ursulinehigh.merton.sch.uk?utm_source=snobe-co-uk&utm_medium=school-profile&utm_campaign=organic,2026-03-19,13.4,196.65,169.0,207.0,13.4,207.0,169.0,42.0,4.0,233,,,Merton,True
https://snobe.co.uk/schools/ursuline-high-school-wimbledon,102683,Ursuline High School Wimbledon,Merton,Crescent Road,London,SW20 8HA,Secondary,Roman Catholic,207.0,834,169.0,20.143027,340,51.414024,-0.222821,Ursuline High School Wimbledon,207.0,B,Ofsted Good,http://www.ursulinehigh.merton.sch.uk?utm_source=snobe-co-uk&utm_medium=school-profile&utm_campaign=organic,2026-03-19,13.4,196.65,169.0,207.0,13.4,207.0,169.0,42.0,4.0,245,,,Merton,True
https://snobe.co.uk/schools/ursuline-high-school-wimbledon,102683,Ursuline High School Wimbledon,Merton,Crescent Road,London,SW20 8HA,Secondary,Roman Catholic,207.0,884,169.0,20.143027,371,51.414024,-0.222821,Ursuline High School Wimbledon,207.0,B,Ofsted Good,http://www.ursulinehigh.merton.sch.uk?utm_source=snobe-co-uk&utm_medium=school-profile&utm_campaign=organic,2026-03-19,13.4,196.65,169.0,207.0,13.4,207.0,169.0,42.0,4.0,238,,,Merton,True
https://snobe.co.uk/schools/ursuline-high-school-wimbledon,102683,Ursuline High School Wimbledon,Merton,Crescent Road,London,SW20 8HA,Secondary,Roman Catholic,207.0,942,169.0,20.143027,396,51.414024,-0.222821,Ursuline High School Wimbledon,207.0,B,Ofsted Good,http://www.ursulinehigh.merton.sch.uk?utm_source=snobe-co-uk&utm_medium=school-profile&utm_campaign=organic,2026-03-19,13.4,196.65,169.0,207.0,13.4,207.0,169.0,42.0,4.0,238,,,Merton,True
https://snobe.co.uk/schools/ursuline-high-school-wimbledon,102683,Ursuline High School Wimbledon,Merton,Crescent Road,London,SW20 8HA,Secondary,Roman Catholic,207.0,1004,169.0,20.143027,444,51.414024,-0.222821,Ursuline High School Wimbledon,207.0,B,Ofsted Good,http://www.ursulinehigh.merton.sch.uk?utm_source=snobe-co-uk&utm_medium=school-profile&utm_campaign=organic,2026-03-19,13.4,196.65,169.0,207.0,13.4,207.0,169.0,42.0,4.0,226,,,Merton,True
https://snobe.co.uk/schools/ursuline-high-school-wimbledon,102683,Ursuline High School Wimbledon,Merton,Crescent Road,London,SW20 8HA,Secondary,Roman Catholic,207.0,1043,169.0,20.143027,499,51.414024,-0.222821,Ursuline High School Wimbledon,207.0,B,Ofsted Good,http://www.ursulinehigh.merton.sch.uk?utm_source=snobe-co-uk&utm_medium=school-profile&utm_campaign=organic,2026-03-19,13.4,196.65,169.0,207.0,13.4,207.0,169.0,42.0,4.0,209,,,Merton,True
https://snobe.co.uk/schools/ursuline-high-school-wimbledon,102683,Ursuline High School Wimbledon,Merton,Crescent Road,London,SW20 8HA,Secondary,Roman Catholic,207.0,1052,169.0,20.143027,506,51.414024,-0.222821,Ursuline High School Wimbledon,207.0,B,Ofsted Good,http://www.ursulinehigh.merton.sch.uk?utm_source=snobe-co-uk&utm_medium=school-profile&utm_campaign=organic,2026-03-19,13.4,196.65,169.0,207.0,13.4,207.0,169.0,42.0,4.0,208,,,Merton,True
https://snobe.co.uk/schools/ursuline-high-school-wimbledon,102683,Ursuline High School Wimbledon,Merton,Crescent Road,London,SW20 8HA,Secondary,Roman Catholic,207.0,1009,169.0,20.143027,492,51.414024,-0.222821,Ursuline High School Wimbledon,207.0,B,Ofsted Good,http://www.ursulinehigh.merton.sch.uk?utm_source=snobe-co-uk&utm_medium=school-profile&utm_campaign=organic,2026-03-19,13.4,196.65,169.0,207.0,13.4,207.0,169.0,42.0,4.0,205,,,Merton,True
https://snobe.co.uk/schools/ursuline-high-school-wimbledon,102683,Ursuline High School Wimbledon,Merton,Crescent Road,London,SW20 8HA,Secondary,Roman Catholic,207.0,946,169.0,20.143027,471,51.414024,-0.222821,Ursuline High School Wimbledon,207.0,B,Ofsted Good,http://www.ursulinehigh.merton.sch.uk?utm_source=snobe-co-uk&utm_medium=school-profile&utm_campaign=organic,2026-03-19,13.4,196.65,169.0,207.0,13.4,207.0,169.0,42.0,4.0,201,,,Merton,True
https://snobe.co.uk/schools/ursuline-high-school-wimbledon,102683,Ursuline High School Wimbledon,Merton,Crescent Road,London,SW20 8HA,Secondary,Roman Catholic,207.0,947,169.0,20.143027,457,51.414024,-0.222821,Ursuline High School Wimbledon,207.0,B,Ofsted Good,http://www.ursulinehigh.merton.sch.uk?utm_source=snobe-co-uk&utm_medium=school-profile&utm_campaign=organic,2026-03-19,13.4,196.65,169.0,207.0,13.4,207.0,169.0,42.0,4.0,207,,,Merton,True
https://snobe.co.uk/schools/ursuline-high-school-wimbledon,102683,Ursuline High School Wimbledon,Merton,Crescent Road,London,SW20 8HA,Secondary,Roman Catholic,207.0,896,169.0,20.143027,435,51.414024,-0.222821,Ursuline High School Wimbledon,207.0,B,Ofsted Good,http://www.ursulinehigh.merton.sch.uk?utm_source=snobe-co-uk&utm_medium=school-profile&utm_campaign=organic,2026-03-19,13.4,196.65,169.0,207.0,13.4,207.0,169.0,42.0,4.0,206,,,Merton,True
https://snobe.co.uk/schools/wimbledon-college,102681,Wimbledon College,Merton,Edge Hill,London,SW19 4NS,Secondary,Roman Catholic,196.0,731,136.0,18.604651,373,51.418667,-0.221792,Wimbledon College,196.0,B,Ofsted Good,http://www.wimbledoncollege.org.uk/?utm_source=snobe-co-uk&utm_medium=school-profile&utm_campaign=organic,2026-03-19,18.1,186.2,136.0,196.0,18.1,196.0,136.0,42.0,4.0,196,,,Merton,True
https://snobe.co.uk/schools/wimbledon-college,102681,Wimbledon College,Merton,Edge Hill,London,SW19 4NS,Secondary,Roman Catholic,196.0,770,136.0,18.604651,368,51.418667,-0.221792,Wimbledon College,196.0,B,Ofsted Good,http://www.wimbledoncollege.org.uk/?utm_source=snobe-co-uk&utm_medium=school-profile&utm_campaign=organic,2026-03-19,18.1,186.2,136.0,196.0,18.1,196.0,136.0,42.0,4.0,209,,,Merton,True
https://snobe.co.uk/schools/wimbledon-college,102681,Wimbledon College,Merton,Edge Hill,London,SW19 4NS,Secondary,Roman Catholic,196.0,701,136.0,18.604651,329,51.418667,-0.221792,Wimbledon College,196.0,B,Ofsted Good,http://www.wimbledoncollege.org.uk/?utm_source=snobe-co-uk&utm_medium=school-profile&utm_campaign=organic,2026-03-19,18.1,186.2,136.0,196.0,18.1,196.0,136.0,42.0,4.0,213,,,Merton,True
https://snobe.co.uk/schools/wimbledon-college,102681,Wimbledon College,Merton,Edge Hill,London,SW19 4NS,Secondary,Roman Catholic,196.0,716,136.0,18.604651,343,51.418667,-0.221792,Wimbledon College,196.0,B,Ofsted Good,http://www.wimbledoncollege.org.uk/?utm_source=snobe-co-uk&utm_medium=school-profile&utm_campaign=organic,2026-03-19,18.1,186.2,136.0,196.0,18.1,196.0,136.0,42.0,4.0,209,,,Merton,True
https://snobe.co.uk/schools/wimbledon-college,102681,Wimbledon College,Merton,Edge Hill,London,SW19 4NS,Secondary,Roman Catholic,196.0,807,136.0,18.604651,398,51.418667,-0.221792,Wimbledon College,196.0,B,Ofsted Good,http://www.wimbledoncollege.org.uk/?utm_source=snobe-co-uk&utm_medium=school-profile&utm_campaign=organic,2026-03-19,18.1,186.2,136.0,196.0,18.1,196.0,136.0,42.0,4.0,203,,,Merton,True
https://snobe.co.uk/schools/wimbledon-college,102681,Wimbledon College,Merton,Edge Hill,London,SW19 4NS,Secondary,Roman Catholic,196.0,789,136.0,18.604651,417,51.418667,-0.221792,Wimbledon College,196.0,B,Ofsted Good,http://www.wimbledoncollege.org.uk/?utm_source=snobe-co-uk&utm_medium=school-profile&utm_campaign=organic,2026-03-19,18.1,186.2,136.0,196.0,18.1,196.0,136.0,42.0,4.0,189,,,Merton,True
https://snobe.co.uk/schools/wimbledon-college,102681,Wimbledon College,Merton,Edge Hill,London,SW19 4NS,Secondary,Roman Catholic,196.0,840,136.0,18.604651,457,51.418667,-0.221792,Wimbledon College,196.0,B,Ofsted Good,http://www.wimbledoncollege.org.uk/?utm_source=snobe-co-uk&utm_medium=school-profile&utm_campaign=organic,2026-03-19,18.1,186.2,136.0,196.0,18.1,196.0,136.0,42.0,4.0,184,,,Merton,True
https://snobe.co.uk/schools/wimbledon-college,102681,Wimbledon College,Merton,Edge Hill,London,SW19 4NS,Secondary,Roman Catholic,196.0,873,136.0,18.604651,462,51.418667,-0.221792,Wimbledon College,196.0,B,Ofsted Good,http://www.wimbledoncollege.org.uk/?utm_source=snobe-co-uk&utm_medium=school-profile&utm_campaign=organic,2026-03-19,18.1,186.2,136.0,196.0,18.1,196.0,136.0,42.0,4.0,189,,,Merton,True
https://snobe.co.uk/schools/wimbledon-college,102681,Wimbledon College,Merton,Edge Hill,London,SW19 4NS,Secondary,Roman Catholic,196.0,844,136.0,18.604651,437,51.418667,-0.221792,Wimbledon College,196.0,B,Ofsted Good,http://www.wimbledoncollege.org.uk/?utm_source=snobe-co-uk&utm_medium=school-profile&utm_campaign=organic,2026-03-19,18.1,186.2,136.0,196.0,18.1,196.0,136.0,42.0,4.0,193,,,Merton,True
https://snobe.co.uk/schools/wimbledon-college,102681,Wimbledon College,Merton,Edge Hill,London,SW19 4NS,Secondary,Roman Catholic,196.0,830,136.0,18.604651,439,51.418667,-0.221792,Wimbledon College,196.0,B,Ofsted Good,http://www.wimbledoncollege.org.uk/?utm_source=snobe-co-uk&utm_medium=school-profile&utm_campaign=organic,2026-03-19,18.1,186.2,136.0,196.0,18.1,196.0,136.0,42.0,4.0,189,,,Merton,True
https://snobe.co.uk/schools/wimbledon-college,102681,Wimbledon College,Merton,Edge Hill,London,SW19 4NS,Secondary,Roman Catholic,196.0,833,136.0,18.604651,445,51.418667,-0.221792,Wimbledon College,196.0,B,Ofsted Good,http://www.wimbledoncollege.org.uk/?utm_source=snobe-co-uk&utm_medium=school-profile&utm_campaign=organic,2026-03-19,18.1,186.2,136.0,196.0,18.1,196.0,136.0,42.0,4.0,187,,,Merton,True
https://snobe.co.uk/schools/wimbledon-college,102681,Wimbledon College,Merton,Edge Hill,London,SW19 4NS,Secondary,Roman Catholic,196.0,777,136.0,18.604651,416,51.418667,-0.221792,Wimbledon College,196.0,B,Ofsted Good,http://www.wimbledoncollege.org.uk/?utm_source=snobe-co-uk&utm_medium=school-profile&utm_campaign=organic,2026-03-19,18.1,186.2,136.0,196.0,18.1,196.0,136.0,42.0,4.0,187,,,Merton,True
https://snobe.co.uk/schools/st-angelas-ursuline-school,102786,St Angela's Ursuline School,Newham,St George's Road,London,E7 8HU,Secondary,Roman Catholic,189.0,504,147.0,29.166667,267,51.542111,0.029636,St Angela's Ursuline School,189.0,A,Ofsted Outstanding,http://www.stangelas-ursuline.co.uk?utm_source=snobe-co-uk&utm_medium=school-profile&utm_campaign=organic,2026-03-19,32.8,179.54999999999998,147.0,189.0,32.8,189.0,147.0,88.0,10.0,189,,,Newham,True
https://snobe.co.uk/schools/st-angelas-ursuline-school,102786,St Angela's Ursuline School,Newham,St George's Road,London,E7 8HU,Secondary,Roman Catholic,189.0,477,147.0,29.166667,250,51.542111,0.029636,St Angela's Ursuline School,189.0,A,Ofsted Outstanding,http://www.stangelas-ursuline.co.uk?utm_source=snobe-co-uk&utm_medium=school-profile&utm_campaign=organic,2026-03-19,32.8,179.54999999999998,147.0,189.0,32.8,189.0,147.0,88.0,10.0,191,,,Newham,True
https://snobe.co.uk/schools/st-angelas-ursuline-school,102786,St Angela's Ursuline School,Newham,St George's Road,London,E7 8HU,Secondary,Roman Catholic,189.0,363,147.0,29.166667,190,51.542111,0.029636,St Angela's Ursuline School,189.0,A,Ofsted Outstanding,http://www.stangelas-ursuline.co.uk?utm_source=snobe-co-uk&utm_medium=school-profile&utm_campaign=organic,2026-03-19,32.8,179.54999999999998,147.0,189.0,32.8,189.0,147.0,88.0,10.0,191,,,Newham,True
https://snobe.co.uk/schools/st-angelas-ursuline-school,102786,St Angela's Ursuline School,Newham,St George's Road,London,E7 8HU,Secondary,Roman Catholic,189.0,401,147.0,29.166667,209,51.542111,0.029636,St Angela's Ursuline School,189.0,A,Ofsted Outstanding,http://www.stangelas-ursuline.co.uk?utm_source=snobe-co-uk&utm_medium=school-profile&utm_campaign=organic,2026-03-19,32.8,179.54999999999998,147.0,189.0,32.8,189.0,147.0,88.0,10.0,192,,,Newham,True
https://snobe.co.uk/schools/st-angelas-ursuline-school,102786,St Angela's Ursuline School,Newham,St George's Road,London,E7 8HU,Secondary,Roman Catholic,189.0,364,147.0,29.166667,190,51.542111,0.029636,St Angela's Ursuline School,189.0,A,Ofsted Outstanding,http://www.stangelas-ursuline.co.uk?utm_source=snobe-co-uk&utm_medium=school-profile&utm_campaign=organic,2026-03-19,32.8,179.54999999999998,147.0,189.0,32.8,189.0,147.0,88.0,10.0,192,,,Newham,True
https://snobe.co.uk/schools/st-angelas-ursuline-school,102786,St Angela's Ursuline School,Newham,St George's Road,London,E7 8HU,Secondary,Roman Catholic,189.0,393,147.0,29.166667,207,51.542111,0.029636,St Angela's Ursuline School,189.0,A,Ofsted Outstanding,http://www.stangelas-ursuline.co.uk?utm_source=snobe-co-uk&utm_medium=school-profile&utm_campaign=organic,2026-03-19,32.8,179.54999999999998,147.0,189.0,32.8,189.0,147.0,88.0,10.0,190,,,Newham,True
https://snobe.co.uk/schools/st-angelas-ursuline-school,102786,St Angela's Ursuline School,Newham,St George's Road,London,E7 8HU,Secondary,Roman Catholic,189.0,466,147.0,29.166667,247,51.542111,0.029636,St Angela's Ursuline School,189.0,A,Ofsted Outstanding,http://www.stangelas-ursuline.co.uk?utm_source=snobe-co-uk&utm_medium=school-profile&utm_campaign=organic,2026-03-19,32.8,179.54999999999998,147.0,189.0,32.8,189.0,147.0,88.0,10.0,189,,,Newham,True
https://snobe.co.uk/schools/st-angelas-ursuline-school,102786,St Angela's Ursuline School,Newham,St George's Road,London,E7 8HU,Secondary,Roman Catholic,189.0,439,147.0,29.166667,229,51.542111,0.029636,St Angela's Ursuline School,189.0,A,Ofsted Outstanding,http://www.stangelas-ursuline.co.uk?utm_source=snobe-co-uk&utm_medium=school-profile&utm_campaign=organic,2026-03-19,32.8,179.54999999999998,147.0,189.0,32.8,189.0,147.0,88.0,10.0,192,,,Newham,True
https://snobe.co.uk/schools/st-angelas-ursuline-school,102786,St Angela's Ursuline School,Newham,St George's Road,London,E7 8HU,Secondary,Roman Catholic,189.0,504,147.0,29.166667,271,51.542111,0.029636,St Angela's Ursuline School,189.0,A,Ofsted Outstanding,http://www.stangelas-ursuline.co.uk?utm_source=snobe-co-uk&utm_medium=school-profile&utm_campaign=organic,2026-03-19,32.8,179.54999999999998,147.0,189.0,32.8,189.0,147.0,88.0,10.0,186,,,Newham,True
https://snobe.co.uk/schools/st-angelas-ursuline-school,102786,St Angela's Ursuline School,Newham,St George's Road,London,E7 8HU,Secondary,Roman Catholic,189.0,589,147.0,29.166667,317,51.542111,0.029636,St Angela's Ursuline School,189.0,A,Ofsted Outstanding,http://www.stangelas-ursuline.co.uk?utm_source=snobe-co-uk&utm_medium=school-profile&utm_campaign=organic,2026-03-19,32.8,179.54999999999998,147.0,189.0,32.8,189.0,147.0,88.0,10.0,186,,,Newham,True
https://snobe.co.uk/schools/st-angelas-ursuline-school,102786,St Angela's Ursuline School,Newham,St George's Road,London,E7 8HU,Secondary,Roman Catholic,189.0,531,147.0,29.166667,290,51.542111,0.029636,St Angela's Ursuline School,189.0,A,Ofsted Outstanding,http://www.stangelas-ursuline.co.uk?utm_source=snobe-co-uk&utm_medium=school-profile&utm_campaign=organic,2026-03-19,32.8,179.54999999999998,147.0,189.0,32.8,189.0,147.0,88.0,10.0,183,,,Newham,True
https://snobe.co.uk/schools/st-angelas-ursuline-school,102786,St Angela's Ursuline School,Newham,St George's Road,London,E7 8HU,Secondary,Roman Catholic,189.0,565,147.0,29.166667,321,51.542111,0.029636,St Angela's Ursuline School,189.0,A,Ofsted Outstanding,http://www.stangelas-ursuline.co.uk?utm_source=snobe-co-uk&utm_medium=school-profile&utm_campaign=organic,2026-03-19,32.8,179.54999999999998,147.0,189.0,32.8,189.0,147.0,88.0,10.0,176,,,Newham,True
https://snobe.co.uk/schools/st-bonaventures-rc-school,102787,St Bonaventure's RC School,Newham,Boleyn Road,London,E7 9QD,Secondary,Roman Catholic,199.0,470,149.0,31.702128,236,51.53864,0.025473,St Bonaventure's RC School,199.0,A,Ofsted Outstanding,http://www.stbons.org/?utm_source=snobe-co-uk&utm_medium=school-profile&utm_campaign=organic,2026-03-19,34.0,189.05,149.0,199.0,34.0,199.0,149.0,88.0,10.0,199,,,Newham,True
https://snobe.co.uk/schools/st-bonaventures-rc-school,102787,St Bonaventure's RC School,Newham,Boleyn Road,London,E7 9QD,Secondary,Roman Catholic,199.0,460,149.0,31.702128,227,51.53864,0.025473,St Bonaventure's RC School,199.0,A,Ofsted Outstanding,http://www.stbons.org/?utm_source=snobe-co-uk&utm_medium=school-profile&utm_campaign=organic,2026-03-19,34.0,189.05,149.0,199.0,34.0,199.0,149.0,88.0,10.0,203,,,Newham,True
https://snobe.co.uk/schools/st-bonaventures-rc-school,102787,St Bonaventure's RC School,Newham,Boleyn Road,London,E7 9QD,Secondary,Roman Catholic,199.0,392,149.0,31.702128,191,51.53864,0.025473,St Bonaventure's RC School,199.0,A,Ofsted Outstanding,http://www.stbons.org/?utm_source=snobe-co-uk&utm_medium=school-profile&utm_campaign=organic,2026-03-19,34.0,189.05,149.0,199.0,34.0,199.0,149.0,88.0,10.0,205,,,Newham,True
https://snobe.co.uk/schools/st-bonaventures-rc-school,102787,St Bonaventure's RC School,Newham,Boleyn Road,London,E7 9QD,Secondary,Roman Catholic,199.0,376,149.0,31.702128,183,51.53864,0.025473,St Bonaventure's RC School,199.0,A,Ofsted Outstanding,http://www.stbons.org/?utm_source=snobe-co-uk&utm_medium=school-profile&utm_campaign=organic,2026-03-19,34.0,189.05,149.0,199.0,34.0,199.0,149.0,88.0,10.0,206,,,Newham,True
https://snobe.co.uk/schools/st-bonaventures-rc-school,102787,St Bonaventure's RC School,Newham,Boleyn Road,London,E7 9QD,Secondary,Roman Catholic,199.0,332,149.0,31.702128,161,51.53864,0.025473,St Bonaventure's RC School,199.0,A,Ofsted Outstanding,http://www.stbons.org/?utm_source=snobe-co-uk&utm_medium=school-profile&utm_campaign=organic,2026-03-19,34.0,189.05,149.0,199.0,34.0,199.0,149.0,88.0,10.0,206,,,Newham,True
https://snobe.co.uk/schools/st-bonaventures-rc-school,102787,St Bonaventure's RC School,Newham,Boleyn Road,London,E7 9QD,Secondary,Roman Catholic,199.0,375,149.0,31.702128,186,51.53864,0.025473,St Bonaventure's RC School,199.0,A,Ofsted Outstanding,http://www.stbons.org/?utm_source=snobe-co-uk&utm_medium=school-profile&utm_campaign=organic,2026-03-19,34.0,189.05,149.0,199.0,34.0,199.0,149.0,88.0,10.0,202,,,Newham,True
https://snobe.co.uk/schools/st-bonaventures-rc-school,102787,St Bonaventure's RC School,Newham,Boleyn Road,London,E7 9QD,Secondary,Roman Catholic,199.0,459,149.0,31.702128,221,51.53864,0.025473,St Bonaventure's RC School,199.0,A,Ofsted Outstanding,http://www.stbons.org/?utm_source=snobe-co-uk&utm_medium=school-profile&utm_campaign=organic,2026-03-19,34.0,189.05,149.0,199.0,34.0,199.0,149.0,88.0,10.0,208,,,Newham,True
https://snobe.co.uk/schools/st-bonaventures-rc-school,102787,St Bonaventure's RC School,Newham,Boleyn Road,London,E7 9QD,Secondary,Roman Catholic,199.0,488,149.0,31.702128,261,51.53864,0.025473,St Bonaventure's RC School,199.0,A,Ofsted Outstanding,http://www.stbons.org/?utm_source=snobe-co-uk&utm_medium=school-profile&utm_campaign=organic,2026-03-19,34.0,189.05,149.0,199.0,34.0,199.0,149.0,88.0,10.0,187,,,Newham,True
https://snobe.co.uk/schools/st-bonaventures-rc-school,102787,St Bonaventure's RC School,Newham,Boleyn Road,London,E7 9QD,Secondary,Roman Catholic,199.0,473,149.0,31.702128,227,51.53864,0.025473,St Bonaventure's RC School,199.0,A,Ofsted Outstanding,http://www.stbons.org/?utm_source=snobe-co-uk&utm_medium=school-profile&utm_campaign=organic,2026-03-19,34.0,189.05,149.0,199.0,34.0,199.0,149.0,88.0,10.0,208,,,Newham,True
https://snobe.co.uk/schools/st-bonaventures-rc-school,102787,St Bonaventure's RC School,Newham,Boleyn Road,London,E7 9QD,Secondary,Roman Catholic,199.0,517,149.0,31.702128,246,51.53864,0.025473,St Bonaventure's RC School,199.0,A,Ofsted Outstanding,http://www.stbons.org/?utm_source=snobe-co-uk&utm_medium=school-profile&utm_campaign=organic,2026-03-19,34.0,189.05,149.0,199.0,34.0,199.0,149.0,88.0,10.0,210,,,Newham,True
https://snobe.co.uk/schools/st-bonaventures-rc-school,102787,St Bonaventure's RC School,Newham,Boleyn Road,London,E7 9QD,Secondary,Roman Catholic,199.0,470,149.0,31.702128,226,51.53864,0.025473,St Bonaventure's RC School,199.0,A,Ofsted Outstanding,http://www.stbons.org/?utm_source=snobe-co-uk&utm_medium=school-profile&utm_campaign=organic,2026-03-19,34.0,189.05,149.0,199.0,34.0,199.0,149.0,88.0,10.0,208,,,Newham,True
https://snobe.co.uk/schools/st-bonaventures-rc-school,102787,St Bonaventure's RC School,Newham,Boleyn Road,London,E7 9QD,Secondary,Roman Catholic,199.0,512,149.0,31.702128,286,51.53864,0.025473,St Bonaventure's RC School,199.0,A,Ofsted Outstanding,http://www.stbons.org/?utm_source=snobe-co-uk&utm_medium=school-profile&utm_campaign=organic,2026-03-19,34.0,189.05,149.0,199.0,34.0,199.0,149.0,88.0,10.0,179,,,Newham,True
https://snobe.co.uk/schools/st-francis-catholic-primary-school-5,102770,St Francis' Catholic Primary School,Newham,Maryland Park,London,E15 1HD,Primary,Roman Catholic,20.0,86,19.0,31.666667,307,51.548597,0.005982,St Francis' Catholic Primary School,28.0,B,Ofsted Good,http://www.st-francis.newham.sch.uk?utm_source=snobe-co-uk&utm_medium=school-profile&utm_campaign=organic,2026-03-19,14.6,19.0,27.0,28.0,14.6,28.0,27.0,88.0,10.0,28,,,Newham,True
https://snobe.co.uk/schools/st-francis-catholic-primary-school-5,102770,St Francis' Catholic Primary School,Newham,Maryland Park,London,E15 1HD,Primary,Roman Catholic,20.0,124,19.0,31.666667,270,51.548597,0.005982,St Francis' Catholic Primary School,28.0,B,Ofsted Good,http://www.st-francis.newham.sch.uk?utm_source=snobe-co-uk&utm_medium=school-profile&utm_campaign=organic,2026-03-19,14.6,19.0,27.0,28.0,14.6,28.0,27.0,88.0,10.0,46,,,Newham,True
https://snobe.co.uk/schools/st-francis-catholic-primary-school-5,102770,St Francis' Catholic Primary School,Newham,Maryland Park,London,E15 1HD,Primary,Roman Catholic,20.0,128,19.0,31.666667,251,51.548597,0.005982,St Francis' Catholic Primary School,28.0,B,Ofsted Good,http://www.st-francis.newham.sch.uk?utm_source=snobe-co-uk&utm_medium=school-profile&utm_campaign=organic,2026-03-19,14.6,19.0,27.0,28.0,14.6,28.0,27.0,88.0,10.0,51,,,Newham,True
https://snobe.co.uk/schools/st-francis-catholic-primary-school-5,102770,St Francis' Catholic Primary School,Newham,Maryland Park,London,E15 1HD,Primary,Roman Catholic,20.0,134,19.0,31.666667,223,51.548597,0.005982,St Francis' Catholic Primary School,28.0,B,Ofsted Good,http://www.st-francis.newham.sch.uk?utm_source=snobe-co-uk&utm_medium=school-profile&utm_campaign=organic,2026-03-19,14.6,19.0,27.0,28.0,14.6,28.0,27.0,88.0,10.0,60,,,Newham,True
https://snobe.co.uk/schools/st-francis-catholic-primary-school-5,102770,St Francis' Catholic Primary School,Newham,Maryland Park,London,E15 1HD,Primary,Roman Catholic,20.0,125,19.0,31.666667,278,51.548597,0.005982,St Francis' Catholic Primary School,28.0,B,Ofsted Good,http://www.st-francis.newham.sch.uk?utm_source=snobe-co-uk&utm_medium=school-profile&utm_campaign=organic,2026-03-19,14.6,19.0,27.0,28.0,14.6,28.0,27.0,88.0,10.0,45,,,Newham,True
https://snobe.co.uk/schools/st-francis-catholic-primary-school-5,102770,St Francis' Catholic Primary School,Newham,Maryland Park,London,E15 1HD,Primary,Roman Catholic,20.0,137,19.0,31.666667,232,51.548597,0.005982,St Francis' Catholic Primary School,28.0,B,Ofsted Good,http://www.st-francis.newham.sch.uk?utm_source=snobe-co-uk&utm_medium=school-profile&utm_campaign=organic,2026-03-19,14.6,19.0,27.0,28.0,14.6,28.0,27.0,88.0,10.0,59,,,Newham,True
https://snobe.co.uk/schools/st-joachims-catholic-primary-school,141927,St Joachim's Catholic Primary School,Newham,Shipman Road,London,E16 3DT,Primary,Roman Catholic,30.0,74,25.0,33.783784,247,51.511747,0.03088,St Joachim's Catholic Primary School,30.0,A+,Ofsted Good,http://www.st-joachims.newham.sch.uk/?utm_source=snobe-co-uk&utm_medium=school-profile&utm_campaign=organic,2026-03-19,28.2,28.5,25.0,27.0,28.2,30.0,25.0,88.0,10.0,30,,,Newham,True
https://snobe.co.uk/schools/st-joachims-catholic-primary-school,141927,St Joachim's Catholic Primary School,Newham,Shipman Road,London,E16 3DT,Primary,Roman Catholic,30.0,79,25.0,33.783784,293,51.511747,0.03088,St Joachim's Catholic Primary School,30.0,A+,Ofsted Good,http://www.st-joachims.newham.sch.uk/?utm_source=snobe-co-uk&utm_medium=school-profile&utm_campaign=organic,2026-03-19,28.2,28.5,25.0,27.0,28.2,30.0,25.0,88.0,10.0,27,,,Newham,True
https://snobe.co.uk/schools/st-joachims-catholic-primary-school,141927,St Joachim's Catholic Primary School,Newham,Shipman Road,London,E16 3DT,Primary,Roman Catholic,30.0,87,25.0,33.783784,223,51.511747,0.03088,St Joachim's Catholic Primary School,30.0,A+,Ofsted Good,http://www.st-joachims.newham.sch.uk/?utm_source=snobe-co-uk&utm_medium=school-profile&utm_campaign=organic,2026-03-19,28.2,28.5,25.0,27.0,28.2,30.0,25.0,88.0,10.0,39,,,Newham,True
https://snobe.co.uk/schools/st-joachims-catholic-primary-school,141927,St Joachim's Catholic Primary School,Newham,Shipman Road,London,E16 3DT,Primary,Roman Catholic,30.0,92,25.0,33.783784,214,51.511747,0.03088,St Joachim's Catholic Primary School,30.0,A+,Ofsted Good,http://www.st-joachims.newham.sch.uk/?utm_source=snobe-co-uk&utm_medium=school-profile&utm_campaign=organic,2026-03-19,28.2,28.5,25.0,27.0,28.2,30.0,25.0,88.0,10.0,43,,,Newham,True
https://snobe.co.uk/schools/st-joachims-catholic-primary-school,141927,St Joachim's Catholic Primary School,Newham,Shipman Road,London,E16 3DT,Primary,Roman Catholic,30.0,105,25.0,33.783784,214,51.511747,0.03088,St Joachim's Catholic Primary School,30.0,A+,Ofsted Good,http://www.st-joachims.newham.sch.uk/?utm_source=snobe-co-uk&utm_medium=school-profile&utm_campaign=organic,2026-03-19,28.2,28.5,25.0,27.0,28.2,30.0,25.0,88.0,10.0,49,,,Newham,True
https://snobe.co.uk/schools/st-joachims-catholic-primary-school,141927,St Joachim's Catholic Primary School,Newham,Shipman Road,London,E16 3DT,Primary,Roman Catholic,30.0,115,25.0,33.783784,303,51.511747,0.03088,St Joachim's Catholic Primary School,30.0,A+,Ofsted Good,http://www.st-joachims.newham.sch.uk/?utm_source=snobe-co-uk&utm_medium=school-profile&utm_campaign=organic,2026-03-19,28.2,28.5,25.0,27.0,28.2,30.0,25.0,88.0,10.0,38,,,Newham,True
https://snobe.co.uk/schools/st-joachims-catholic-primary-school,141927,St Joachim's Catholic Primary School,Newham,Shipman Road,London,E16 3DT,Primary,Roman Catholic,30.0,100,25.0,33.783784,312,51.511747,0.03088,St Joachim's Catholic Primary School,30.0,A+,Ofsted Good,http://www.st-joachims.newham.sch.uk/?utm_source=snobe-co-uk&utm_medium=school-profile&utm_campaign=organic,2026-03-19,28.2,28.5,25.0,27.0,28.2,30.0,25.0,88.0,10.0,32,,,Newham,True
https://snobe.co.uk/schools/st-joachims-catholic-primary-school,141927,St Joachim's Catholic Primary School,Newham,Shipman Road,London,E16 3DT,Primary,Roman Catholic,30.0,119,25.0,33.783784,259,51.511747,0.03088,St Joachim's Catholic Primary School,30.0,A+,Ofsted Good,http://www.st-joachims.newham.sch.uk/?utm_source=snobe-co-uk&utm_medium=school-profile&utm_campaign=organic,2026-03-19,28.2,28.5,25.0,27.0,28.2,30.0,25.0,88.0,10.0,46,,,Newham,True
https://snobe.co.uk/schools/st-joachims-catholic-primary-school,141927,St Joachim's Catholic Primary School,Newham,Shipman Road,London,E16 3DT,Primary,Roman Catholic,30.0,123,25.0,33.783784,410,51.511747,0.03088,St Joachim's Catholic Primary School,30.0,A+,Ofsted Good,http://www.st-joachims.newham.sch.uk/?utm_source=snobe-co-uk&utm_medium=school-profile&utm_campaign=organic,2026-03-19,28.2,28.5,25.0,27.0,28.2,30.0,25.0,88.0,10.0,30,,,Newham,True
https://snobe.co.uk/schools/st-joachims-catholic-primary-school,141927,St Joachim's Catholic Primary School,Newham,Shipman Road,London,E16 3DT,Primary,Roman Catholic,30.0,124,25.0,33.783784,428,51.511747,0.03088,St Joachim's Catholic Primary School,30.0,A+,Ofsted Good,http://www.st-joachims.newham.sch.uk/?utm_source=snobe-co-uk&utm_medium=school-profile&utm_campaign=organic,2026-03-19,28.2,28.5,25.0,27.0,28.2,30.0,25.0,88.0,10.0,29,,,Newham,True
https://snobe.co.uk/schools/st-michaels-catholic-primary-school,102773,St Michael's Catholic Primary School,Newham,Howard Road,London,E6 6EE,Primary,Roman Catholic,12.0,76,12.0,20.689655,345,51.530222,0.058,St Michael's Catholic Primary School,22.0,A+,Ofsted Outstanding,http://www.st-michaels.newham.sch.uk/?utm_source=snobe-co-uk&utm_medium=school-profile&utm_campaign=organic,2026-03-19,24.2,11.4,21.0,22.0,24.2,22.0,21.0,88.0,10.0,22,,,Newham,True
https://snobe.co.uk/schools/st-michaels-catholic-primary-school,102773,St Michael's Catholic Primary School,Newham,Howard Road,London,E6 6EE,Primary,Roman Catholic,12.0,90,12.0,20.689655,333,51.530222,0.058,St Michael's Catholic Primary School,22.0,A+,Ofsted Outstanding,http://www.st-michaels.newham.sch.uk/?utm_source=snobe-co-uk&utm_medium=school-profile&utm_campaign=organic,2026-03-19,24.2,11.4,21.0,22.0,24.2,22.0,21.0,88.0,10.0,27,,,Newham,True
https://snobe.co.uk/schools/st-michaels-catholic-primary-school,102773,St Michael's Catholic Primary School,Newham,Howard Road,London,E6 6EE,Primary,Roman Catholic,12.0,77,12.0,20.689655,257,51.530222,0.058,St Michael's Catholic Primary School,22.0,A+,Ofsted Outstanding,http://www.st-michaels.newham.sch.uk/?utm_source=snobe-co-uk&utm_medium=school-profile&utm_campaign=organic,2026-03-19,24.2,11.4,21.0,22.0,24.2,22.0,21.0,88.0,10.0,30,,,Newham,True
https://snobe.co.uk/schools/st-michaels-catholic-primary-school,102773,St Michael's Catholic Primary School,Newham,Howard Road,London,E6 6EE,Primary,Roman Catholic,12.0,99,12.0,20.689655,330,51.530222,0.058,St Michael's Catholic Primary School,22.0,A+,Ofsted Outstanding,http://www.st-michaels.newham.sch.uk/?utm_source=snobe-co-uk&utm_medium=school-profile&utm_campaign=organic,2026-03-19,24.2,11.4,21.0,22.0,24.2,22.0,21.0,88.0,10.0,30,,,Newham,True
https://snobe.co.uk/schools/st-michaels-catholic-primary-school,102773,St Michael's Catholic Primary School,Newham,Howard Road,London,E6 6EE,Primary,Roman Catholic,12.0,90,12.0,20.689655,321,51.530222,0.058,St Michael's Catholic Primary School,22.0,A+,Ofsted Outstanding,http://www.st-michaels.newham.sch.uk/?utm_source=snobe-co-uk&utm_medium=school-profile&utm_campaign=organic,2026-03-19,24.2,11.4,21.0,22.0,24.2,22.0,21.0,88.0,10.0,28,,,Newham,True
https://snobe.co.uk/schools/st-michaels-catholic-primary-school,102773,St Michael's Catholic Primary School,Newham,Howard Road,London,E6 6EE,Primary,Roman Catholic,12.0,97,12.0,20.689655,323,51.530222,0.058,St Michael's Catholic Primary School,22.0,A+,Ofsted Outstanding,http://www.st-michaels.newham.sch.uk/?utm_source=snobe-co-uk&utm_medium=school-profile&utm_campaign=organic,2026-03-19,24.2,11.4,21.0,22.0,24.2,22.0,21.0,88.0,10.0,30,,,Newham,True
https://snobe.co.uk/schools/st-michaels-catholic-primary-school,102773,St Michael's Catholic Primary School,Newham,Howard Road,London,E6 6EE,Primary,Roman Catholic,12.0,105,12.0,20.689655,350,51.530222,0.058,St Michael's Catholic Primary School,22.0,A+,Ofsted Outstanding,http://www.st-michaels.newham.sch.uk/?utm_source=snobe-co-uk&utm_medium=school-profile&utm_campaign=organic,2026-03-19,24.2,11.4,21.0,22.0,24.2,22.0,21.0,88.0,10.0,30,,,Newham,True
https://snobe.co.uk/schools/st-michaels-catholic-primary-school,102773,St Michael's Catholic Primary School,Newham,Howard Road,London,E6 6EE,Primary,Roman Catholic,12.0,108,12.0,20.689655,372,51.530222,0.058,St Michael's Catholic Primary School,22.0,A+,Ofsted Outstanding,http://www.st-michaels.newham.sch.uk/?utm_source=snobe-co-uk&utm_medium=school-profile&utm_campaign=organic,2026-03-19,24.2,11.4,21.0,22.0,24.2,22.0,21.0,88.0,10.0,29,,,Newham,True
https://snobe.co.uk/schools/st-michaels-catholic-primary-school,102773,St Michael's Catholic Primary School,Newham,Howard Road,London,E6 6EE,Primary,Roman Catholic,12.0,121,12.0,20.689655,403,51.530222,0.058,St Michael's Catholic Primary School,22.0,A+,Ofsted Outstanding,http://www.st-michaels.newham.sch.uk/?utm_source=snobe-co-uk&utm_medium=school-profile&utm_campaign=organic,2026-03-19,24.2,11.4,21.0,22.0,24.2,22.0,21.0,88.0,10.0,30,,,Newham,True
https://snobe.co.uk/schools/st-michaels-catholic-primary-school,102773,St Michael's Catholic Primary School,Newham,Howard Road,London,E6 6EE,Primary,Roman Catholic,12.0,148,12.0,20.689655,493,51.530222,0.058,St Michael's Catholic Primary School,22.0,A+,Ofsted Outstanding,http://www.st-michaels.newham.sch.uk/?utm_source=snobe-co-uk&utm_medium=school-profile&utm_campaign=organic,2026-03-19,24.2,11.4,21.0,22.0,24.2,22.0,21.0,88.0,10.0,30,,,Newham,True
https://snobe.co.uk/schools/st-michaels-catholic-primary-school,102773,St Michael's Catholic Primary School,Newham,Howard Road,London,E6 6EE,Primary,Roman Catholic,12.0,150,12.0,20.689655,500,51.530222,0.058,St Michael's Catholic Primary School,22.0,A+,Ofsted Outstanding,http://www.st-michaels.newham.sch.uk/?utm_source=snobe-co-uk&utm_medium=school-profile&utm_campaign=organic,2026-03-19,24.2,11.4,21.0,22.0,24.2,22.0,21.0,88.0,10.0,30,,,Newham,True
https://snobe.co.uk/schools/st-winefrides-rc-primary-school,102774,St Winefride's RC Primary School,Newham,Church Road,London,E12 6HB,Primary,Roman Catholic,26.0,57,24.0,47.058824,190,51.548569,0.057919,St Winefride's RC Primary School,30.0,A+,Ofsted Good,http://www.st-winefrides.newham.sch.uk/?utm_source=snobe-co-uk&utm_medium=school-profile&utm_campaign=organic,2026-03-19,28.0,24.7,29.0,29.0,28.0,30.0,29.0,88.0,10.0,30,,,Newham,True
https://snobe.co.uk/schools/st-winefrides-rc-primary-school,102774,St Winefride's RC Primary School,Newham,Church Road,London,E12 6HB,Primary,Roman Catholic,26.0,61,24.0,47.058824,210,51.548569,0.057919,St Winefride's RC Primary School,30.0,A+,Ofsted Good,http://www.st-winefrides.newham.sch.uk/?utm_source=snobe-co-uk&utm_medium=school-profile&utm_campaign=organic,2026-03-19,28.0,24.7,29.0,29.0,28.0,30.0,29.0,88.0,10.0,29,,,Newham,True
https://snobe.co.uk/schools/st-winefrides-rc-primary-school,102774,St Winefride's RC Primary School,Newham,Church Road,London,E12 6HB,Primary,Roman Catholic,26.0,76,24.0,47.058824,281,51.548569,0.057919,St Winefride's RC Primary School,30.0,A+,Ofsted Good,http://www.st-winefrides.newham.sch.uk/?utm_source=snobe-co-uk&utm_medium=school-profile&utm_campaign=organic,2026-03-19,28.0,24.7,29.0,29.0,28.0,30.0,29.0,88.0,10.0,27,,,Newham,True
https://snobe.co.uk/schools/st-winefrides-rc-primary-school,102774,St Winefride's RC Primary School,Newham,Church Road,London,E12 6HB,Primary,Roman Catholic,26.0,88,24.0,47.058824,232,51.548569,0.057919,St Winefride's RC Primary School,30.0,A+,Ofsted Good,http://www.st-winefrides.newham.sch.uk/?utm_source=snobe-co-uk&utm_medium=school-profile&utm_campaign=organic,2026-03-19,28.0,24.7,29.0,29.0,28.0,30.0,29.0,88.0,10.0,38,,,Newham,True
https://snobe.co.uk/schools/st-winefrides-rc-primary-school,102774,St Winefride's RC Primary School,Newham,Church Road,London,E12 6HB,Primary,Roman Catholic,26.0,92,24.0,47.058824,230,51.548569,0.057919,St Winefride's RC Primary School,30.0,A+,Ofsted Good,http://www.st-winefrides.newham.sch.uk/?utm_source=snobe-co-uk&utm_medium=school-profile&utm_campaign=organic,2026-03-19,28.0,24.7,29.0,29.0,28.0,30.0,29.0,88.0,10.0,40,,,Newham,True
https://snobe.co.uk/schools/st-winefrides-rc-primary-school,102774,St Winefride's RC Primary School,Newham,Church Road,London,E12 6HB,Primary,Roman Catholic,26.0,117,24.0,47.058824,260,51.548569,0.057919,St Winefride's RC Primary School,30.0,A+,Ofsted Good,http://www.st-winefrides.newham.sch.uk/?utm_source=snobe-co-uk&utm_medium=school-profile&utm_campaign=organic,2026-03-19,28.0,24.7,29.0,29.0,28.0,30.0,29.0,88.0,10.0,45,,,Newham,True
https://snobe.co.uk/schools/st-winefrides-rc-primary-school,102774,St Winefride's RC Primary School,Newham,Church Road,London,E12 6HB,Primary,Roman Catholic,26.0,132,24.0,47.058824,264,51.548569,0.057919,St Winefride's RC Primary School,30.0,A+,Ofsted Good,http://www.st-winefrides.newham.sch.uk/?utm_source=snobe-co-uk&utm_medium=school-profile&utm_campaign=organic,2026-03-19,28.0,24.7,29.0,29.0,28.0,30.0,29.0,88.0,10.0,50,,,Newham,True
https://snobe.co.uk/schools/st-winefrides-rc-primary-school,102774,St Winefride's RC Primary School,Newham,Church Road,London,E12 6HB,Primary,Roman Catholic,26.0,155,24.0,47.058824,344,51.548569,0.057919,St Winefride's RC Primary School,30.0,A+,Ofsted Good,http://www.st-winefrides.newham.sch.uk/?utm_source=snobe-co-uk&utm_medium=school-profile&utm_campaign=organic,2026-03-19,28.0,24.7,29.0,29.0,28.0,30.0,29.0,88.0,10.0,45,,,Newham,True
https://snobe.co.uk/schools/st-winefrides-rc-primary-school,102774,St Winefride's RC Primary School,Newham,Church Road,London,E12 6HB,Primary,Roman Catholic,26.0,153,24.0,47.058824,348,51.548569,0.057919,St Winefride's RC Primary School,30.0,A+,Ofsted Good,http://www.st-winefrides.newham.sch.uk/?utm_source=snobe-co-uk&utm_medium=school-profile&utm_campaign=organic,2026-03-19,28.0,24.7,29.0,29.0,28.0,30.0,29.0,88.0,10.0,44,,,Newham,True
https://snobe.co.uk/schools/our-lady-lourdes-rc-primary-school-1,102843,Our Lady of Lourdes RC Primary School,Redbridge,Chestnut Drive,London,E11 2TA,Primary,Roman Catholic,59.0,162,55.0,29.569892,270,51.574659,0.02055,Our Lady of Lourdes RC Primary School,60.0,B,Ofsted Outstanding,http://www.ourladyoflourdesrcprimary.org?utm_source=snobe-co-uk&utm_medium=school-profile&utm_campaign=organic,2026-03-19,5.0,56.05,56.0,60.0,5.0,60.0,56.0,58.0,6.0,60,,,Redbridge,True
https://snobe.co.uk/schools/our-lady-lourdes-rc-primary-school-1,102843,Our Lady of Lourdes RC Primary School,Redbridge,Chestnut Drive,London,E11 2TA,Primary,Roman Catholic,59.0,140,55.0,29.569892,233,51.574659,0.02055,Our Lady of Lourdes RC Primary School,60.0,B,Ofsted Outstanding,http://www.ourladyoflourdesrcprimary.org?utm_source=snobe-co-uk&utm_medium=school-profile&utm_campaign=organic,2026-03-19,5.0,56.05,56.0,60.0,5.0,60.0,56.0,58.0,6.0,60,,,Redbridge,True
https://snobe.co.uk/schools/our-lady-lourdes-rc-primary-school-1,102843,Our Lady of Lourdes RC Primary School,Redbridge,Chestnut Drive,London,E11 2TA,Primary,Roman Catholic,59.0,152,55.0,29.569892,253,51.574659,0.02055,Our Lady of Lourdes RC Primary School,60.0,B,Ofsted Outstanding,http://www.ourladyoflourdesrcprimary.org?utm_source=snobe-co-uk&utm_medium=school-profile&utm_campaign=organic,2026-03-19,5.0,56.05,56.0,60.0,5.0,60.0,56.0,58.0,6.0,60,,,Redbridge,True
https://snobe.co.uk/schools/our-lady-lourdes-rc-primary-school-1,102843,Our Lady of Lourdes RC Primary School,Redbridge,Chestnut Drive,London,E11 2TA,Primary,Roman Catholic,59.0,162,55.0,29.569892,270,51.574659,0.02055,Our Lady of Lourdes RC Primary School,60.0,B,Ofsted Outstanding,http://www.ourladyoflourdesrcprimary.org?utm_source=snobe-co-uk&utm_medium=school-profile&utm_campaign=organic,2026-03-19,5.0,56.05,56.0,60.0,5.0,60.0,56.0,58.0,6.0,60,,,Redbridge,True
https://snobe.co.uk/schools/our-lady-lourdes-rc-primary-school-1,102843,Our Lady of Lourdes RC Primary School,Redbridge,Chestnut Drive,London,E11 2TA,Primary,Roman Catholic,59.0,142,55.0,29.569892,237,51.574659,0.02055,Our Lady of Lourdes RC Primary School,60.0,B,Ofsted Outstanding,http://www.ourladyoflourdesrcprimary.org?utm_source=snobe-co-uk&utm_medium=school-profile&utm_campaign=organic,2026-03-19,5.0,56.05,56.0,60.0,5.0,60.0,56.0,58.0,6.0,60,,,Redbridge,True
https://snobe.co.uk/schools/our-lady-lourdes-rc-primary-school-1,102843,Our Lady of Lourdes RC Primary School,Redbridge,Chestnut Drive,London,E11 2TA,Primary,Roman Catholic,59.0,167,55.0,29.569892,283,51.574659,0.02055,Our Lady of Lourdes RC Primary School,60.0,B,Ofsted Outstanding,http://www.ourladyoflourdesrcprimary.org?utm_source=snobe-co-uk&utm_medium=school-profile&utm_campaign=organic,2026-03-19,5.0,56.05,56.0,60.0,5.0,60.0,56.0,58.0,6.0,59,,,Redbridge,True
https://snobe.co.uk/schools/ss-peter-and-pauls-catholic-primary-school-0,102848,SS Peter and Paul's Catholic Primary School,Redbridge,Gordon Road,Ilford,IG1 1SA,Primary,Roman Catholic,33.0,162,28.0,45.16129,270,51.558133,0.08719,SS Peter and Paul's Catholic Primary School,60.0,A,Ofsted Outstanding,http://www.sspeterandpauls.redbridge.sch.uk?utm_source=snobe-co-uk&utm_medium=school-profile&utm_campaign=organic,2026-03-19,12.1,31.35,48.0,60.0,12.1,60.0,48.0,58.0,6.0,60,,,Redbridge,True
https://snobe.co.uk/schools/ss-peter-and-pauls-catholic-primary-school-0,102848,SS Peter and Paul's Catholic Primary School,Redbridge,Gordon Road,Ilford,IG1 1SA,Primary,Roman Catholic,33.0,137,28.0,45.16129,298,51.558133,0.08719,SS Peter and Paul's Catholic Primary School,60.0,A,Ofsted Outstanding,http://www.sspeterandpauls.redbridge.sch.uk?utm_source=snobe-co-uk&utm_medium=school-profile&utm_campaign=organic,2026-03-19,12.1,31.35,48.0,60.0,12.1,60.0,48.0,58.0,6.0,46,,,Redbridge,True
https://snobe.co.uk/schools/ss-peter-and-pauls-catholic-primary-school-0,102848,SS Peter and Paul's Catholic Primary School,Redbridge,Gordon Road,Ilford,IG1 1SA,Primary,Roman Catholic,33.0,156,28.0,45.16129,260,51.558133,0.08719,SS Peter and Paul's Catholic Primary School,60.0,A,Ofsted Outstanding,http://www.sspeterandpauls.redbridge.sch.uk?utm_source=snobe-co-uk&utm_medium=school-profile&utm_campaign=organic,2026-03-19,12.1,31.35,48.0,60.0,12.1,60.0,48.0,58.0,6.0,60,,,Redbridge,True
https://snobe.co.uk/schools/ss-peter-and-pauls-catholic-primary-school-0,102848,SS Peter and Paul's Catholic Primary School,Redbridge,Gordon Road,Ilford,IG1 1SA,Primary,Roman Catholic,33.0,182,28.0,45.16129,303,51.558133,0.08719,SS Peter and Paul's Catholic Primary School,60.0,A,Ofsted Outstanding,http://www.sspeterandpauls.redbridge.sch.uk?utm_source=snobe-co-uk&utm_medium=school-profile&utm_campaign=organic,2026-03-19,12.1,31.35,48.0,60.0,12.1,60.0,48.0,58.0,6.0,60,,,Redbridge,True
https://snobe.co.uk/schools/ss-peter-and-pauls-catholic-primary-school-0,102848,SS Peter and Paul's Catholic Primary School,Redbridge,Gordon Road,Ilford,IG1 1SA,Primary,Roman Catholic,33.0,176,28.0,45.16129,293,51.558133,0.08719,SS Peter and Paul's Catholic Primary School,60.0,A,Ofsted Outstanding,http://www.sspeterandpauls.redbridge.sch.uk?utm_source=snobe-co-uk&utm_medium=school-profile&utm_campaign=organic,2026-03-19,12.1,31.35,48.0,60.0,12.1,60.0,48.0,58.0,6.0,60,,,Redbridge,True
https://snobe.co.uk/schools/ss-peter-and-pauls-catholic-primary-school-0,102848,SS Peter and Paul's Catholic Primary School,Redbridge,Gordon Road,Ilford,IG1 1SA,Primary,Roman Catholic,33.0,179,28.0,45.16129,298,51.558133,0.08719,SS Peter and Paul's Catholic Primary School,60.0,A,Ofsted Outstanding,http://www.sspeterandpauls.redbridge.sch.uk?utm_source=snobe-co-uk&utm_medium=school-profile&utm_campaign=organic,2026-03-19,12.1,31.35,48.0,60.0,12.1,60.0,48.0,58.0,6.0,60,,,Redbridge,True
https://snobe.co.uk/schools/st-aidans-catholic-primary-academy,140295,St Aidan's Catholic Primary Academy,Redbridge,Benton Road,Ilford,IG1 4AS,Primary,Roman Catholic,24.0,56,20.0,35.714286,233,51.566731,0.090657,St Aidan's Catholic Primary Academy,24.0,B-,Ofsted Good,http://www.staidansacademy.org/?utm_source=snobe-co-uk&utm_medium=school-profile&utm_campaign=organic,2026-03-19,27.1,22.8,20.0,24.0,27.1,24.0,20.0,58.0,6.0,24,,,Redbridge,True
https://snobe.co.uk/schools/st-aidans-catholic-primary-academy,140295,St Aidan's Catholic Primary Academy,Redbridge,Benton Road,Ilford,IG1 4AS,Primary,Roman Catholic,24.0,44,20.0,35.714286,275,51.566731,0.090657,St Aidan's Catholic Primary Academy,24.0,B-,Ofsted Good,http://www.staidansacademy.org/?utm_source=snobe-co-uk&utm_medium=school-profile&utm_campaign=organic,2026-03-19,27.1,22.8,20.0,24.0,27.1,24.0,20.0,58.0,6.0,16,,,Redbridge,True
https://snobe.co.uk/schools/st-aidans-catholic-primary-academy,140295,St Aidan's Catholic Primary Academy,Redbridge,Benton Road,Ilford,IG1 4AS,Primary,Roman Catholic,24.0,66,20.0,35.714286,213,51.566731,0.090657,St Aidan's Catholic Primary Academy,24.0,B-,Ofsted Good,http://www.staidansacademy.org/?utm_source=snobe-co-uk&utm_medium=school-profile&utm_campaign=organic,2026-03-19,27.1,22.8,20.0,24.0,27.1,24.0,20.0,58.0,6.0,31,,,Redbridge,True
https://snobe.co.uk/schools/st-aidans-catholic-primary-academy,140295,St Aidan's Catholic Primary Academy,Redbridge,Benton Road,Ilford,IG1 4AS,Primary,Roman Catholic,24.0,51,20.0,35.714286,268,51.566731,0.090657,St Aidan's Catholic Primary Academy,24.0,B-,Ofsted Good,http://www.staidansacademy.org/?utm_source=snobe-co-uk&utm_medium=school-profile&utm_campaign=organic,2026-03-19,27.1,22.8,20.0,24.0,27.1,24.0,20.0,58.0,6.0,19,,,Redbridge,True
https://snobe.co.uk/schools/st-aidans-catholic-primary-academy,140295,St Aidan's Catholic Primary Academy,Redbridge,Benton Road,Ilford,IG1 4AS,Primary,Roman Catholic,24.0,36,20.0,35.714286,360,51.566731,0.090657,St Aidan's Catholic Primary Academy,24.0,B-,Ofsted Good,http://www.staidansacademy.org/?utm_source=snobe-co-uk&utm_medium=school-profile&utm_campaign=organic,2026-03-19,27.1,22.8,20.0,24.0,27.1,24.0,20.0,58.0,6.0,10,,,Redbridge,True
https://snobe.co.uk/schools/st-aidans-catholic-primary-academy,140295,St Aidan's Catholic Primary Academy,Redbridge,Benton Road,Ilford,IG1 4AS,Primary,Roman Catholic,24.0,47,20.0,35.714286,181,51.566731,0.090657,St Aidan's Catholic Primary Academy,24.0,B-,Ofsted Good,http://www.staidansacademy.org/?utm_source=snobe-co-uk&utm_medium=school-profile&utm_campaign=organic,2026-03-19,27.1,22.8,20.0,24.0,27.1,24.0,20.0,58.0,6.0,26,,,Redbridge,True
https://snobe.co.uk/schools/st-aidans-catholic-primary-academy,140295,St Aidan's Catholic Primary Academy,Redbridge,Benton Road,Ilford,IG1 4AS,Primary,Roman Catholic,24.0,75,20.0,35.714286,227,51.566731,0.090657,St Aidan's Catholic Primary Academy,24.0,B-,Ofsted Good,http://www.staidansacademy.org/?utm_source=snobe-co-uk&utm_medium=school-profile&utm_campaign=organic,2026-03-19,27.1,22.8,20.0,24.0,27.1,24.0,20.0,58.0,6.0,33,,,Redbridge,True
https://snobe.co.uk/schools/st-aidans-catholic-primary-academy,140295,St Aidan's Catholic Primary Academy,Redbridge,Benton Road,Ilford,IG1 4AS,Primary,Roman Catholic,24.0,66,20.0,35.714286,367,51.566731,0.090657,St Aidan's Catholic Primary Academy,24.0,B-,Ofsted Good,http://www.staidansacademy.org/?utm_source=snobe-co-uk&utm_medium=school-profile&utm_campaign=organic,2026-03-19,27.1,22.8,20.0,24.0,27.1,24.0,20.0,58.0,6.0,18,,,Redbridge,True
https://snobe.co.uk/schools/st-aidans-catholic-primary-academy,140295,St Aidan's Catholic Primary Academy,Redbridge,Benton Road,Ilford,IG1 4AS,Primary,Roman Catholic,24.0,105,20.0,35.714286,262,51.566731,0.090657,St Aidan's Catholic Primary Academy,24.0,B-,Ofsted Good,http://www.staidansacademy.org/?utm_source=snobe-co-uk&utm_medium=school-profile&utm_campaign=organic,2026-03-19,27.1,22.8,20.0,24.0,27.1,24.0,20.0,58.0,6.0,40,,,Redbridge,True
https://snobe.co.uk/schools/st-aidans-catholic-primary-academy,140295,St Aidan's Catholic Primary Academy,Redbridge,Benton Road,Ilford,IG1 4AS,Primary,Roman Catholic,24.0,159,20.0,35.714286,265,51.566731,0.090657,St Aidan's Catholic Primary Academy,24.0,B-,Ofsted Good,http://www.staidansacademy.org/?utm_source=snobe-co-uk&utm_medium=school-profile&utm_campaign=organic,2026-03-19,27.1,22.8,20.0,24.0,27.1,24.0,20.0,58.0,6.0,60,,,Redbridge,True
https://snobe.co.uk/schools/st-aidans-catholic-primary-academy,140295,St Aidan's Catholic Primary Academy,Redbridge,Benton Road,Ilford,IG1 4AS,Primary,Roman Catholic,24.0,175,20.0,35.714286,292,51.566731,0.090657,St Aidan's Catholic Primary Academy,24.0,B-,Ofsted Good,http://www.staidansacademy.org/?utm_source=snobe-co-uk&utm_medium=school-profile&utm_campaign=organic,2026-03-19,27.1,22.8,20.0,24.0,27.1,24.0,20.0,58.0,6.0,60,,,Redbridge,True
https://snobe.co.uk/schools/st-aidans-catholic-primary-academy,140295,St Aidan's Catholic Primary Academy,Redbridge,Benton Road,Ilford,IG1 4AS,Primary,Roman Catholic,24.0,195,20.0,35.714286,331,51.566731,0.090657,St Aidan's Catholic Primary Academy,24.0,B-,Ofsted Good,http://www.staidansacademy.org/?utm_source=snobe-co-uk&utm_medium=school-profile&utm_campaign=organic,2026-03-19,27.1,22.8,20.0,24.0,27.1,24.0,20.0,58.0,6.0,59,,,Redbridge,True
https://snobe.co.uk/schools/st-antonys-catholic-primary-school,102844,St Antony's Catholic Primary School,Redbridge,Mornington Road,Woodford Green,IG8 0TX,Primary,Roman Catholic,58.0,101,44.0,43.564356,174,51.616125,0.024139,St Antony's Catholic Primary School,58.0,B-,Ofsted Good,http://www.stantonyscatholicps.co.uk/?utm_source=snobe-co-uk&utm_medium=school-profile&utm_campaign=organic,2026-03-19,3.9,55.1,44.0,49.0,3.9,58.0,44.0,58.0,6.0,58,,,Redbridge,True
https://snobe.co.uk/schools/st-antonys-catholic-primary-school,102844,St Antony's Catholic Primary School,Redbridge,Mornington Road,Woodford Green,IG8 0TX,Primary,Roman Catholic,58.0,108,44.0,43.564356,193,51.616125,0.024139,St Antony's Catholic Primary School,58.0,B-,Ofsted Good,http://www.stantonyscatholicps.co.uk/?utm_source=snobe-co-uk&utm_medium=school-profile&utm_campaign=organic,2026-03-19,3.9,55.1,44.0,49.0,3.9,58.0,44.0,58.0,6.0,56,,,Redbridge,True
https://snobe.co.uk/schools/st-antonys-catholic-primary-school,102844,St Antony's Catholic Primary School,Redbridge,Mornington Road,Woodford Green,IG8 0TX,Primary,Roman Catholic,58.0,125,44.0,43.564356,208,51.616125,0.024139,St Antony's Catholic Primary School,58.0,B-,Ofsted Good,http://www.stantonyscatholicps.co.uk/?utm_source=snobe-co-uk&utm_medium=school-profile&utm_campaign=organic,2026-03-19,3.9,55.1,44.0,49.0,3.9,58.0,44.0,58.0,6.0,60,,,Redbridge,True
https://snobe.co.uk/schools/st-antonys-catholic-primary-school,102844,St Antony's Catholic Primary School,Redbridge,Mornington Road,Woodford Green,IG8 0TX,Primary,Roman Catholic,58.0,104,44.0,43.564356,170,51.616125,0.024139,St Antony's Catholic Primary School,58.0,B-,Ofsted Good,http://www.stantonyscatholicps.co.uk/?utm_source=snobe-co-uk&utm_medium=school-profile&utm_campaign=organic,2026-03-19,3.9,55.1,44.0,49.0,3.9,58.0,44.0,58.0,6.0,61,,,Redbridge,True
https://snobe.co.uk/schools/st-antonys-catholic-primary-school,102844,St Antony's Catholic Primary School,Redbridge,Mornington Road,Woodford Green,IG8 0TX,Primary,Roman Catholic,58.0,131,44.0,43.564356,218,51.616125,0.024139,St Antony's Catholic Primary School,58.0,B-,Ofsted Good,http://www.stantonyscatholicps.co.uk/?utm_source=snobe-co-uk&utm_medium=school-profile&utm_campaign=organic,2026-03-19,3.9,55.1,44.0,49.0,3.9,58.0,44.0,58.0,6.0,60,,,Redbridge,True
https://snobe.co.uk/schools/st-antonys-catholic-primary-school,102844,St Antony's Catholic Primary School,Redbridge,Mornington Road,Woodford Green,IG8 0TX,Primary,Roman Catholic,58.0,114,44.0,43.564356,193,51.616125,0.024139,St Antony's Catholic Primary School,58.0,B-,Ofsted Good,http://www.stantonyscatholicps.co.uk/?utm_source=snobe-co-uk&utm_medium=school-profile&utm_campaign=organic,2026-03-19,3.9,55.1,44.0,49.0,3.9,58.0,44.0,58.0,6.0,59,,,Redbridge,True
https://snobe.co.uk/schools/st-antonys-catholic-primary-school,102844,St Antony's Catholic Primary School,Redbridge,Mornington Road,Woodford Green,IG8 0TX,Primary,Roman Catholic,58.0,150,44.0,43.564356,250,51.616125,0.024139,St Antony's Catholic Primary School,58.0,B-,Ofsted Good,http://www.stantonyscatholicps.co.uk/?utm_source=snobe-co-uk&utm_medium=school-profile&utm_campaign=organic,2026-03-19,3.9,55.1,44.0,49.0,3.9,58.0,44.0,58.0,6.0,60,,,Redbridge,True
https://snobe.co.uk/schools/st-antonys-catholic-primary-school,102844,St Antony's Catholic Primary School,Redbridge,Mornington Road,Woodford Green,IG8 0TX,Primary,Roman Catholic,58.0,147,44.0,43.564356,245,51.616125,0.024139,St Antony's Catholic Primary School,58.0,B-,Ofsted Good,http://www.stantonyscatholicps.co.uk/?utm_source=snobe-co-uk&utm_medium=school-profile&utm_campaign=organic,2026-03-19,3.9,55.1,44.0,49.0,3.9,58.0,44.0,58.0,6.0,60,,,Redbridge,True
https://snobe.co.uk/schools/st-antonys-catholic-primary-school,102844,St Antony's Catholic Primary School,Redbridge,Mornington Road,Woodford Green,IG8 0TX,Primary,Roman Catholic,58.0,145,44.0,43.564356,246,51.616125,0.024139,St Antony's Catholic Primary School,58.0,B-,Ofsted Good,http://www.stantonyscatholicps.co.uk/?utm_source=snobe-co-uk&utm_medium=school-profile&utm_campaign=organic,2026-03-19,3.9,55.1,44.0,49.0,3.9,58.0,44.0,58.0,6.0,59,,,Redbridge,True
https://snobe.co.uk/schools/st-antonys-catholic-primary-school,102844,St Antony's Catholic Primary School,Redbridge,Mornington Road,Woodford Green,IG8 0TX,Primary,Roman Catholic,58.0,141,44.0,43.564356,235,51.616125,0.024139,St Antony's Catholic Primary School,58.0,B-,Ofsted Good,http://www.stantonyscatholicps.co.uk/?utm_source=snobe-co-uk&utm_medium=school-profile&utm_campaign=organic,2026-03-19,3.9,55.1,44.0,49.0,3.9,58.0,44.0,58.0,6.0,60,,,Redbridge,True
https://snobe.co.uk/schools/st-antonys-catholic-primary-school,102844,St Antony's Catholic Primary School,Redbridge,Mornington Road,Woodford Green,IG8 0TX,Primary,Roman Catholic,58.0,153,44.0,43.564356,255,51.616125,0.024139,St Antony's Catholic Primary School,58.0,B-,Ofsted Good,http://www.stantonyscatholicps.co.uk/?utm_source=snobe-co-uk&utm_medium=school-profile&utm_campaign=organic,2026-03-19,3.9,55.1,44.0,49.0,3.9,58.0,44.0,58.0,6.0,60,,,Redbridge,True
https://snobe.co.uk/schools/st-antonys-catholic-primary-school,102844,St Antony's Catholic Primary School,Redbridge,Mornington Road,Woodford Green,IG8 0TX,Primary,Roman Catholic,58.0,167,44.0,43.564356,283,51.616125,0.024139,St Antony's Catholic Primary School,58.0,B-,Ofsted Good,http://www.stantonyscatholicps.co.uk/?utm_source=snobe-co-uk&utm_medium=school-profile&utm_campaign=organic,2026-03-19,3.9,55.1,44.0,49.0,3.9,58.0,44.0,58.0,6.0,59,,,Redbridge,True
https://snobe.co.uk/schools/st-augustines-catholic-primary-school,102842,St Augustine's Catholic Primary School,Redbridge,Cranbrook Road,Ilford,IG2 6RG,Primary,Roman Catholic,42.0,111,38.0,34.234234,264,51.580447,0.073807,St Augustine's Catholic Primary School,42.0,A,Ofsted Good,http://www.staugustinesschool.org.uk?utm_source=snobe-co-uk&utm_medium=school-profile&utm_campaign=organic,2026-03-19,16.2,39.9,38.0,41.0,16.2,42.0,38.0,58.0,6.0,42,,,Redbridge,True
https://snobe.co.uk/schools/st-augustines-catholic-primary-school,102842,St Augustine's Catholic Primary School,Redbridge,Cranbrook Road,Ilford,IG2 6RG,Primary,Roman Catholic,42.0,137,38.0,34.234234,240,51.580447,0.073807,St Augustine's Catholic Primary School,42.0,A,Ofsted Good,http://www.staugustinesschool.org.uk?utm_source=snobe-co-uk&utm_medium=school-profile&utm_campaign=organic,2026-03-19,16.2,39.9,38.0,41.0,16.2,42.0,38.0,58.0,6.0,57,,,Redbridge,True
https://snobe.co.uk/schools/st-augustines-catholic-primary-school,102842,St Augustine's Catholic Primary School,Redbridge,Cranbrook Road,Ilford,IG2 6RG,Primary,Roman Catholic,42.0,103,38.0,34.234234,229,51.580447,0.073807,St Augustine's Catholic Primary School,42.0,A,Ofsted Good,http://www.staugustinesschool.org.uk?utm_source=snobe-co-uk&utm_medium=school-profile&utm_campaign=organic,2026-03-19,16.2,39.9,38.0,41.0,16.2,42.0,38.0,58.0,6.0,45,,,Redbridge,True
https://snobe.co.uk/schools/st-augustines-catholic-primary-school,102842,St Augustine's Catholic Primary School,Redbridge,Cranbrook Road,Ilford,IG2 6RG,Primary,Roman Catholic,42.0,135,38.0,34.234234,241,51.580447,0.073807,St Augustine's Catholic Primary School,42.0,A,Ofsted Good,http://www.staugustinesschool.org.uk?utm_source=snobe-co-uk&utm_medium=school-profile&utm_campaign=organic,2026-03-19,16.2,39.9,38.0,41.0,16.2,42.0,38.0,58.0,6.0,56,,,Redbridge,True
https://snobe.co.uk/schools/st-augustines-catholic-primary-school,102842,St Augustine's Catholic Primary School,Redbridge,Cranbrook Road,Ilford,IG2 6RG,Primary,Roman Catholic,42.0,101,38.0,34.234234,198,51.580447,0.073807,St Augustine's Catholic Primary School,42.0,A,Ofsted Good,http://www.staugustinesschool.org.uk?utm_source=snobe-co-uk&utm_medium=school-profile&utm_campaign=organic,2026-03-19,16.2,39.9,38.0,41.0,16.2,42.0,38.0,58.0,6.0,51,,,Redbridge,True
https://snobe.co.uk/schools/st-augustines-catholic-primary-school,102842,St Augustine's Catholic Primary School,Redbridge,Cranbrook Road,Ilford,IG2 6RG,Primary,Roman Catholic,42.0,110,38.0,34.234234,183,51.580447,0.073807,St Augustine's Catholic Primary School,42.0,A,Ofsted Good,http://www.staugustinesschool.org.uk?utm_source=snobe-co-uk&utm_medium=school-profile&utm_campaign=organic,2026-03-19,16.2,39.9,38.0,41.0,16.2,42.0,38.0,58.0,6.0,60,,,Redbridge,True
https://snobe.co.uk/schools/st-augustines-catholic-primary-school,102842,St Augustine's Catholic Primary School,Redbridge,Cranbrook Road,Ilford,IG2 6RG,Primary,Roman Catholic,42.0,146,38.0,34.234234,286,51.580447,0.073807,St Augustine's Catholic Primary School,42.0,A,Ofsted Good,http://www.staugustinesschool.org.uk?utm_source=snobe-co-uk&utm_medium=school-profile&utm_campaign=organic,2026-03-19,16.2,39.9,38.0,41.0,16.2,42.0,38.0,58.0,6.0,51,,,Redbridge,True
https://snobe.co.uk/schools/st-augustines-catholic-primary-school,102842,St Augustine's Catholic Primary School,Redbridge,Cranbrook Road,Ilford,IG2 6RG,Primary,Roman Catholic,42.0,112,38.0,34.234234,243,51.580447,0.073807,St Augustine's Catholic Primary School,42.0,A,Ofsted Good,http://www.staugustinesschool.org.uk?utm_source=snobe-co-uk&utm_medium=school-profile&utm_campaign=organic,2026-03-19,16.2,39.9,38.0,41.0,16.2,42.0,38.0,58.0,6.0,46,,,Redbridge,True
https://snobe.co.uk/schools/st-augustines-catholic-primary-school,102842,St Augustine's Catholic Primary School,Redbridge,Cranbrook Road,Ilford,IG2 6RG,Primary,Roman Catholic,42.0,108,38.0,34.234234,235,51.580447,0.073807,St Augustine's Catholic Primary School,42.0,A,Ofsted Good,http://www.staugustinesschool.org.uk?utm_source=snobe-co-uk&utm_medium=school-profile&utm_campaign=organic,2026-03-19,16.2,39.9,38.0,41.0,16.2,42.0,38.0,58.0,6.0,46,,,Redbridge,True
https://snobe.co.uk/schools/st-augustines-catholic-primary-school,102842,St Augustine's Catholic Primary School,Redbridge,Cranbrook Road,Ilford,IG2 6RG,Primary,Roman Catholic,42.0,141,38.0,34.234234,256,51.580447,0.073807,St Augustine's Catholic Primary School,42.0,A,Ofsted Good,http://www.staugustinesschool.org.uk?utm_source=snobe-co-uk&utm_medium=school-profile&utm_campaign=organic,2026-03-19,16.2,39.9,38.0,41.0,16.2,42.0,38.0,58.0,6.0,55,,,Redbridge,True
https://snobe.co.uk/schools/st-augustines-catholic-primary-school,102842,St Augustine's Catholic Primary School,Redbridge,Cranbrook Road,Ilford,IG2 6RG,Primary,Roman Catholic,42.0,139,38.0,34.234234,232,51.580447,0.073807,St Augustine's Catholic Primary School,42.0,A,Ofsted Good,http://www.staugustinesschool.org.uk?utm_source=snobe-co-uk&utm_medium=school-profile&utm_campaign=organic,2026-03-19,16.2,39.9,38.0,41.0,16.2,42.0,38.0,58.0,6.0,60,,,Redbridge,True
https://snobe.co.uk/schools/st-augustines-catholic-primary-school,102842,St Augustine's Catholic Primary School,Redbridge,Cranbrook Road,Ilford,IG2 6RG,Primary,Roman Catholic,42.0,121,38.0,34.234234,205,51.580447,0.073807,St Augustine's Catholic Primary School,42.0,A,Ofsted Good,http://www.staugustinesschool.org.uk?utm_source=snobe-co-uk&utm_medium=school-profile&utm_campaign=organic,2026-03-19,16.2,39.9,38.0,41.0,16.2,42.0,38.0,58.0,6.0,59,,,Redbridge,True
https://snobe.co.uk/schools/palmer-catholic-academy,137088,The Palmer Catholic Academy,Redbridge,Aldborough Road South,Ilford,IG3 8EU,Secondary,Roman Catholic,161.0,334,76.0,22.754491,207,51.5653,0.092207,The Palmer Catholic Academy,161.0,B,Ofsted Good,http://www.tpc.academy?utm_source=snobe-co-uk&utm_medium=school-profile&utm_campaign=organic,2026-03-19,22.9,152.95,76.0,136.0,22.9,161.0,76.0,58.0,6.0,161,,,Redbridge,True
https://snobe.co.uk/schools/palmer-catholic-academy,137088,The Palmer Catholic Academy,Redbridge,Aldborough Road South,Ilford,IG3 8EU,Secondary,Roman Catholic,161.0,343,76.0,22.754491,196,51.5653,0.092207,The Palmer Catholic Academy,161.0,B,Ofsted Good,http://www.tpc.academy?utm_source=snobe-co-uk&utm_medium=school-profile&utm_campaign=organic,2026-03-19,22.9,152.95,76.0,136.0,22.9,161.0,76.0,58.0,6.0,175,,,Redbridge,True
https://snobe.co.uk/schools/palmer-catholic-academy,137088,The Palmer Catholic Academy,Redbridge,Aldborough Road South,Ilford,IG3 8EU,Secondary,Roman Catholic,161.0,340,76.0,22.754491,181,51.5653,0.092207,The Palmer Catholic Academy,161.0,B,Ofsted Good,http://www.tpc.academy?utm_source=snobe-co-uk&utm_medium=school-profile&utm_campaign=organic,2026-03-19,22.9,152.95,76.0,136.0,22.9,161.0,76.0,58.0,6.0,188,,,Redbridge,True
https://snobe.co.uk/schools/palmer-catholic-academy,137088,The Palmer Catholic Academy,Redbridge,Aldborough Road South,Ilford,IG3 8EU,Secondary,Roman Catholic,161.0,393,76.0,22.754491,210,51.5653,0.092207,The Palmer Catholic Academy,161.0,B,Ofsted Good,http://www.tpc.academy?utm_source=snobe-co-uk&utm_medium=school-profile&utm_campaign=organic,2026-03-19,22.9,152.95,76.0,136.0,22.9,161.0,76.0,58.0,6.0,187,,,Redbridge,True
https://snobe.co.uk/schools/palmer-catholic-academy,137088,The Palmer Catholic Academy,Redbridge,Aldborough Road South,Ilford,IG3 8EU,Secondary,Roman Catholic,161.0,385,76.0,22.754491,210,51.5653,0.092207,The Palmer Catholic Academy,161.0,B,Ofsted Good,http://www.tpc.academy?utm_source=snobe-co-uk&utm_medium=school-profile&utm_campaign=organic,2026-03-19,22.9,152.95,76.0,136.0,22.9,161.0,76.0,58.0,6.0,183,,,Redbridge,True
https://snobe.co.uk/schools/palmer-catholic-academy,137088,The Palmer Catholic Academy,Redbridge,Aldborough Road South,Ilford,IG3 8EU,Secondary,Roman Catholic,161.0,400,76.0,22.754491,212,51.5653,0.092207,The Palmer Catholic Academy,161.0,B,Ofsted Good,http://www.tpc.academy?utm_source=snobe-co-uk&utm_medium=school-profile&utm_campaign=organic,2026-03-19,22.9,152.95,76.0,136.0,22.9,161.0,76.0,58.0,6.0,189,,,Redbridge,True
https://snobe.co.uk/schools/palmer-catholic-academy,137088,The Palmer Catholic Academy,Redbridge,Aldborough Road South,Ilford,IG3 8EU,Secondary,Roman Catholic,161.0,444,76.0,22.754491,236,51.5653,0.092207,The Palmer Catholic Academy,161.0,B,Ofsted Good,http://www.tpc.academy?utm_source=snobe-co-uk&utm_medium=school-profile&utm_campaign=organic,2026-03-19,22.9,152.95,76.0,136.0,22.9,161.0,76.0,58.0,6.0,188,,,Redbridge,True
https://snobe.co.uk/schools/palmer-catholic-academy,137088,The Palmer Catholic Academy,Redbridge,Aldborough Road South,Ilford,IG3 8EU,Secondary,Roman Catholic,161.0,476,76.0,22.754491,262,51.5653,0.092207,The Palmer Catholic Academy,161.0,B,Ofsted Good,http://www.tpc.academy?utm_source=snobe-co-uk&utm_medium=school-profile&utm_campaign=organic,2026-03-19,22.9,152.95,76.0,136.0,22.9,161.0,76.0,58.0,6.0,182,,,Redbridge,True
https://snobe.co.uk/schools/palmer-catholic-academy,137088,The Palmer Catholic Academy,Redbridge,Aldborough Road South,Ilford,IG3 8EU,Secondary,Roman Catholic,161.0,471,76.0,22.754491,279,51.5653,0.092207,The Palmer Catholic Academy,161.0,B,Ofsted Good,http://www.tpc.academy?utm_source=snobe-co-uk&utm_medium=school-profile&utm_campaign=organic,2026-03-19,22.9,152.95,76.0,136.0,22.9,161.0,76.0,58.0,6.0,169,,,Redbridge,True
https://snobe.co.uk/schools/palmer-catholic-academy,137088,The Palmer Catholic Academy,Redbridge,Aldborough Road South,Ilford,IG3 8EU,Secondary,Roman Catholic,161.0,521,76.0,22.754491,274,51.5653,0.092207,The Palmer Catholic Academy,161.0,B,Ofsted Good,http://www.tpc.academy?utm_source=snobe-co-uk&utm_medium=school-profile&utm_campaign=organic,2026-03-19,22.9,152.95,76.0,136.0,22.9,161.0,76.0,58.0,6.0,190,,,Redbridge,True
https://snobe.co.uk/schools/palmer-catholic-academy,137088,The Palmer Catholic Academy,Redbridge,Aldborough Road South,Ilford,IG3 8EU,Secondary,Roman Catholic,161.0,597,76.0,22.754491,318,51.5653,0.092207,The Palmer Catholic Academy,161.0,B,Ofsted Good,http://www.tpc.academy?utm_source=snobe-co-uk&utm_medium=school-profile&utm_campaign=organic,2026-03-19,22.9,152.95,76.0,136.0,22.9,161.0,76.0,58.0,6.0,188,,,Redbridge,True
https://snobe.co.uk/schools/palmer-catholic-academy,137088,The Palmer Catholic Academy,Redbridge,Aldborough Road South,Ilford,IG3 8EU,Secondary,Roman Catholic,161.0,633,76.0,22.754491,335,51.5653,0.092207,The Palmer Catholic Academy,161.0,B,Ofsted Good,http://www.tpc.academy?utm_source=snobe-co-uk&utm_medium=school-profile&utm_campaign=organic,2026-03-19,22.9,152.95,76.0,136.0,22.9,161.0,76.0,58.0,6.0,189,,,Redbridge,True
https://snobe.co.uk/schools/ursuline-academy-ilford,137418,The Ursuline Academy Ilford,Redbridge,Morland Road,Ilford,IG1 4JU,Secondary,Roman Catholic,118.0,321,69.0,21.495327,272,51.562644,0.070111,The Ursuline Academy Ilford,118.0,B-,Ofsted Good,http://www.uai.org.uk?utm_source=snobe-co-uk&utm_medium=school-profile&utm_campaign=organic,2026-03-19,19.5,112.1,69.0,118.0,19.5,118.0,69.0,58.0,6.0,118,,,Redbridge,True
https://snobe.co.uk/schools/ursuline-academy-ilford,137418,The Ursuline Academy Ilford,Redbridge,Morland Road,Ilford,IG1 4JU,Secondary,Roman Catholic,118.0,319,69.0,21.495327,261,51.562644,0.070111,The Ursuline Academy Ilford,118.0,B-,Ofsted Good,http://www.uai.org.uk?utm_source=snobe-co-uk&utm_medium=school-profile&utm_campaign=organic,2026-03-19,19.5,112.1,69.0,118.0,19.5,118.0,69.0,58.0,6.0,122,,,Redbridge,True
https://snobe.co.uk/schools/ursuline-academy-ilford,137418,The Ursuline Academy Ilford,Redbridge,Morland Road,Ilford,IG1 4JU,Secondary,Roman Catholic,118.0,375,69.0,21.495327,315,51.562644,0.070111,The Ursuline Academy Ilford,118.0,B-,Ofsted Good,http://www.uai.org.uk?utm_source=snobe-co-uk&utm_medium=school-profile&utm_campaign=organic,2026-03-19,19.5,112.1,69.0,118.0,19.5,118.0,69.0,58.0,6.0,119,,,Redbridge,True
https://snobe.co.uk/schools/ursuline-academy-ilford,137418,The Ursuline Academy Ilford,Redbridge,Morland Road,Ilford,IG1 4JU,Secondary,Roman Catholic,118.0,344,69.0,21.495327,289,51.562644,0.070111,The Ursuline Academy Ilford,118.0,B-,Ofsted Good,http://www.uai.org.uk?utm_source=snobe-co-uk&utm_medium=school-profile&utm_campaign=organic,2026-03-19,19.5,112.1,69.0,118.0,19.5,118.0,69.0,58.0,6.0,119,,,Redbridge,True
https://snobe.co.uk/schools/ursuline-academy-ilford,137418,The Ursuline Academy Ilford,Redbridge,Morland Road,Ilford,IG1 4JU,Secondary,Roman Catholic,118.0,347,69.0,21.495327,289,51.562644,0.070111,The Ursuline Academy Ilford,118.0,B-,Ofsted Good,http://www.uai.org.uk?utm_source=snobe-co-uk&utm_medium=school-profile&utm_campaign=organic,2026-03-19,19.5,112.1,69.0,118.0,19.5,118.0,69.0,58.0,6.0,120,,,Redbridge,True
https://snobe.co.uk/schools/ursuline-academy-ilford,137418,The Ursuline Academy Ilford,Redbridge,Morland Road,Ilford,IG1 4JU,Secondary,Roman Catholic,118.0,388,69.0,21.495327,318,51.562644,0.070111,The Ursuline Academy Ilford,118.0,B-,Ofsted Good,http://www.uai.org.uk?utm_source=snobe-co-uk&utm_medium=school-profile&utm_campaign=organic,2026-03-19,19.5,112.1,69.0,118.0,19.5,118.0,69.0,58.0,6.0,122,,,Redbridge,True
https://snobe.co.uk/schools/ursuline-academy-ilford,137418,The Ursuline Academy Ilford,Redbridge,Morland Road,Ilford,IG1 4JU,Secondary,Roman Catholic,118.0,402,69.0,21.495327,338,51.562644,0.070111,The Ursuline Academy Ilford,118.0,B-,Ofsted Good,http://www.uai.org.uk?utm_source=snobe-co-uk&utm_medium=school-profile&utm_campaign=organic,2026-03-19,19.5,112.1,69.0,118.0,19.5,118.0,69.0,58.0,6.0,119,,,Redbridge,True
https://snobe.co.uk/schools/ursuline-academy-ilford,137418,The Ursuline Academy Ilford,Redbridge,Morland Road,Ilford,IG1 4JU,Secondary,Roman Catholic,118.0,495,69.0,21.495327,412,51.562644,0.070111,The Ursuline Academy Ilford,118.0,B-,Ofsted Good,http://www.uai.org.uk?utm_source=snobe-co-uk&utm_medium=school-profile&utm_campaign=organic,2026-03-19,19.5,112.1,69.0,118.0,19.5,118.0,69.0,58.0,6.0,120,,,Redbridge,True
https://snobe.co.uk/schools/ursuline-academy-ilford,137418,The Ursuline Academy Ilford,Redbridge,Morland Road,Ilford,IG1 4JU,Secondary,Roman Catholic,118.0,514,69.0,21.495327,425,51.562644,0.070111,The Ursuline Academy Ilford,118.0,B-,Ofsted Good,http://www.uai.org.uk?utm_source=snobe-co-uk&utm_medium=school-profile&utm_campaign=organic,2026-03-19,19.5,112.1,69.0,118.0,19.5,118.0,69.0,58.0,6.0,121,,,Redbridge,True
https://snobe.co.uk/schools/ursuline-academy-ilford,137418,The Ursuline Academy Ilford,Redbridge,Morland Road,Ilford,IG1 4JU,Secondary,Roman Catholic,118.0,531,69.0,21.495327,446,51.562644,0.070111,The Ursuline Academy Ilford,118.0,B-,Ofsted Good,http://www.uai.org.uk?utm_source=snobe-co-uk&utm_medium=school-profile&utm_campaign=organic,2026-03-19,19.5,112.1,69.0,118.0,19.5,118.0,69.0,58.0,6.0,119,,,Redbridge,True
https://snobe.co.uk/schools/ursuline-academy-ilford,137418,The Ursuline Academy Ilford,Redbridge,Morland Road,Ilford,IG1 4JU,Secondary,Roman Catholic,118.0,555,69.0,21.495327,514,51.562644,0.070111,The Ursuline Academy Ilford,118.0,B-,Ofsted Good,http://www.uai.org.uk?utm_source=snobe-co-uk&utm_medium=school-profile&utm_campaign=organic,2026-03-19,19.5,112.1,69.0,118.0,19.5,118.0,69.0,58.0,6.0,108,,,Redbridge,True
https://snobe.co.uk/schools/ursuline-academy-ilford,137418,The Ursuline Academy Ilford,Redbridge,Morland Road,Ilford,IG1 4JU,Secondary,Roman Catholic,118.0,576,69.0,21.495327,514,51.562644,0.070111,The Ursuline Academy Ilford,118.0,B-,Ofsted Good,http://www.uai.org.uk?utm_source=snobe-co-uk&utm_medium=school-profile&utm_campaign=organic,2026-03-19,19.5,112.1,69.0,118.0,19.5,118.0,69.0,58.0,6.0,112,,,Redbridge,True
https://snobe.co.uk/schools/ursuline-prep-school-ilford,102874,The Ursuline Prep School Ilford,Redbridge,2-4 Coventry Road,Ilford,IG1 4QR,Not applicable,Roman Catholic,,0,,,0,51.563398,0.069165,The Ursuline Prep School Ilford,210.0,A+,Ofsted Outstanding,http://www.urspsi.org.uk?utm_source=snobe-co-uk&utm_medium=school-profile&utm_campaign=organic,2026-03-19,25.0,285.0,0.0,,,,,58.0,6.0,0,,,,False
https://snobe.co.uk/schools/trinity-catholic-high-school,102860,Trinity Catholic High School,Redbridge,Mornington Road,Woodford Green,IG8 0TP,Secondary,Roman Catholic,236.0,582,194.0,33.333333,247,51.616663,0.0211,Trinity Catholic High School,236.0,B-,Ofsted Good,http://tchs.org.uk?utm_source=snobe-co-uk&utm_medium=school-profile&utm_campaign=organic,2026-03-19,12.2,224.2,194.0,236.0,12.2,236.0,194.0,58.0,6.0,236,,,Redbridge,True
https://snobe.co.uk/schools/trinity-catholic-high-school,102860,Trinity Catholic High School,Redbridge,Mornington Road,Woodford Green,IG8 0TP,Secondary,Roman Catholic,236.0,651,194.0,33.333333,281,51.616663,0.0211,Trinity Catholic High School,236.0,B-,Ofsted Good,http://tchs.org.uk?utm_source=snobe-co-uk&utm_medium=school-profile&utm_campaign=organic,2026-03-19,12.2,224.2,194.0,236.0,12.2,236.0,194.0,58.0,6.0,232,,,Redbridge,True
https://snobe.co.uk/schools/trinity-catholic-high-school,102860,Trinity Catholic High School,Redbridge,Mornington Road,Woodford Green,IG8 0TP,Secondary,Roman Catholic,236.0,620,194.0,33.333333,281,51.616663,0.0211,Trinity Catholic High School,236.0,B-,Ofsted Good,http://tchs.org.uk?utm_source=snobe-co-uk&utm_medium=school-profile&utm_campaign=organic,2026-03-19,12.2,224.2,194.0,236.0,12.2,236.0,194.0,58.0,6.0,221,,,Redbridge,True
https://snobe.co.uk/schools/trinity-catholic-high-school,102860,Trinity Catholic High School,Redbridge,Mornington Road,Woodford Green,IG8 0TP,Secondary,Roman Catholic,236.0,684,194.0,33.333333,296,51.616663,0.0211,Trinity Catholic High School,236.0,B-,Ofsted Good,http://tchs.org.uk?utm_source=snobe-co-uk&utm_medium=school-profile&utm_campaign=organic,2026-03-19,12.2,224.2,194.0,236.0,12.2,236.0,194.0,58.0,6.0,231,,,Redbridge,True
https://snobe.co.uk/schools/trinity-catholic-high-school,102860,Trinity Catholic High School,Redbridge,Mornington Road,Woodford Green,IG8 0TP,Secondary,Roman Catholic,236.0,546,194.0,33.333333,236,51.616663,0.0211,Trinity Catholic High School,236.0,B-,Ofsted Good,http://tchs.org.uk?utm_source=snobe-co-uk&utm_medium=school-profile&utm_campaign=organic,2026-03-19,12.2,224.2,194.0,236.0,12.2,236.0,194.0,58.0,6.0,231,,,Redbridge,True
https://snobe.co.uk/schools/trinity-catholic-high-school,102860,Trinity Catholic High School,Redbridge,Mornington Road,Woodford Green,IG8 0TP,Secondary,Roman Catholic,236.0,653,194.0,33.333333,281,51.616663,0.0211,Trinity Catholic High School,236.0,B-,Ofsted Good,http://tchs.org.uk?utm_source=snobe-co-uk&utm_medium=school-profile&utm_campaign=organic,2026-03-19,12.2,224.2,194.0,236.0,12.2,236.0,194.0,58.0,6.0,232,,,Redbridge,True
https://snobe.co.uk/schools/trinity-catholic-high-school,102860,Trinity Catholic High School,Redbridge,Mornington Road,Woodford Green,IG8 0TP,Secondary,Roman Catholic,236.0,666,194.0,33.333333,288,51.616663,0.0211,Trinity Catholic High School,236.0,B-,Ofsted Good,http://tchs.org.uk?utm_source=snobe-co-uk&utm_medium=school-profile&utm_campaign=organic,2026-03-19,12.2,224.2,194.0,236.0,12.2,236.0,194.0,58.0,6.0,231,,,Redbridge,True
https://snobe.co.uk/schools/trinity-catholic-high-school,102860,Trinity Catholic High School,Redbridge,Mornington Road,Woodford Green,IG8 0TP,Secondary,Roman Catholic,236.0,699,194.0,33.333333,297,51.616663,0.0211,Trinity Catholic High School,236.0,B-,Ofsted Good,http://tchs.org.uk?utm_source=snobe-co-uk&utm_medium=school-profile&utm_campaign=organic,2026-03-19,12.2,224.2,194.0,236.0,12.2,236.0,194.0,58.0,6.0,235,,,Redbridge,True
https://snobe.co.uk/schools/trinity-catholic-high-school,102860,Trinity Catholic High School,Redbridge,Mornington Road,Woodford Green,IG8 0TP,Secondary,Roman Catholic,236.0,688,194.0,33.333333,299,51.616663,0.0211,Trinity Catholic High School,236.0,B-,Ofsted Good,http://tchs.org.uk?utm_source=snobe-co-uk&utm_medium=school-profile&utm_campaign=organic,2026-03-19,12.2,224.2,194.0,236.0,12.2,236.0,194.0,58.0,6.0,230,,,Redbridge,True
https://snobe.co.uk/schools/trinity-catholic-high-school,102860,Trinity Catholic High School,Redbridge,Mornington Road,Woodford Green,IG8 0TP,Secondary,Roman Catholic,236.0,730,194.0,33.333333,315,51.616663,0.0211,Trinity Catholic High School,236.0,B-,Ofsted Good,http://tchs.org.uk?utm_source=snobe-co-uk&utm_medium=school-profile&utm_campaign=organic,2026-03-19,12.2,224.2,194.0,236.0,12.2,236.0,194.0,58.0,6.0,232,,,Redbridge,True
https://snobe.co.uk/schools/trinity-catholic-high-school,102860,Trinity Catholic High School,Redbridge,Mornington Road,Woodford Green,IG8 0TP,Secondary,Roman Catholic,236.0,669,194.0,33.333333,290,51.616663,0.0211,Trinity Catholic High School,236.0,B-,Ofsted Good,http://tchs.org.uk?utm_source=snobe-co-uk&utm_medium=school-profile&utm_campaign=organic,2026-03-19,12.2,224.2,194.0,236.0,12.2,236.0,194.0,58.0,6.0,231,,,Redbridge,True
https://snobe.co.uk/schools/trinity-catholic-high-school,102860,Trinity Catholic High School,Redbridge,Mornington Road,Woodford Green,IG8 0TP,Secondary,Roman Catholic,236.0,578,194.0,33.333333,364,51.616663,0.0211,Trinity Catholic High School,236.0,B-,Ofsted Good,http://tchs.org.uk?utm_source=snobe-co-uk&utm_medium=school-profile&utm_campaign=organic,2026-03-19,12.2,224.2,194.0,236.0,12.2,236.0,194.0,58.0,6.0,159,,,Redbridge,True
https://snobe.co.uk/schools/st-elizabeths-catholic-primary-school,102910,St Elizabeth's Catholic Primary School,Richmond upon Thames,Queen's Road,Richmond,TW10 6HN,Primary,Roman Catholic,30.0,95,28.0,32.55814,317,51.456653,-0.290201,St Elizabeth's Catholic Primary School,30.0,C-,Ofsted Outstanding,http://www.st-elizabeths.richmond.sch.uk?utm_source=snobe-co-uk&utm_medium=school-profile&utm_campaign=organic,2026-03-19,8.2,28.5,27.0,30.0,8.2,30.0,27.0,35.0,2.0,30,,,Richmond upon Thames,True
https://snobe.co.uk/schools/st-elizabeths-catholic-primary-school,102910,St Elizabeth's Catholic Primary School,Richmond upon Thames,Queen's Road,Richmond,TW10 6HN,Primary,Roman Catholic,30.0,119,28.0,32.55814,397,51.456653,-0.290201,St Elizabeth's Catholic Primary School,30.0,C-,Ofsted Outstanding,http://www.st-elizabeths.richmond.sch.uk?utm_source=snobe-co-uk&utm_medium=school-profile&utm_campaign=organic,2026-03-19,8.2,28.5,27.0,30.0,8.2,30.0,27.0,35.0,2.0,30,,,Richmond upon Thames,True
https://snobe.co.uk/schools/st-elizabeths-catholic-primary-school,102910,St Elizabeth's Catholic Primary School,Richmond upon Thames,Queen's Road,Richmond,TW10 6HN,Primary,Roman Catholic,30.0,121,28.0,32.55814,403,51.456653,-0.290201,St Elizabeth's Catholic Primary School,30.0,C-,Ofsted Outstanding,http://www.st-elizabeths.richmond.sch.uk?utm_source=snobe-co-uk&utm_medium=school-profile&utm_campaign=organic,2026-03-19,8.2,28.5,27.0,30.0,8.2,30.0,27.0,35.0,2.0,30,,,Richmond upon Thames,True
https://snobe.co.uk/schools/st-elizabeths-catholic-primary-school,102910,St Elizabeth's Catholic Primary School,Richmond upon Thames,Queen's Road,Richmond,TW10 6HN,Primary,Roman Catholic,30.0,110,28.0,32.55814,367,51.456653,-0.290201,St Elizabeth's Catholic Primary School,30.0,C-,Ofsted Outstanding,http://www.st-elizabeths.richmond.sch.uk?utm_source=snobe-co-uk&utm_medium=school-profile&utm_campaign=organic,2026-03-19,8.2,28.5,27.0,30.0,8.2,30.0,27.0,35.0,2.0,30,,,Richmond upon Thames,True
https://snobe.co.uk/schools/st-elizabeths-catholic-primary-school,102910,St Elizabeth's Catholic Primary School,Richmond upon Thames,Queen's Road,Richmond,TW10 6HN,Primary,Roman Catholic,30.0,127,28.0,32.55814,438,51.456653,-0.290201,St Elizabeth's Catholic Primary School,30.0,C-,Ofsted Outstanding,http://www.st-elizabeths.richmond.sch.uk?utm_source=snobe-co-uk&utm_medium=school-profile&utm_campaign=organic,2026-03-19,8.2,28.5,27.0,30.0,8.2,30.0,27.0,35.0,2.0,29,,,Richmond upon Thames,True
https://snobe.co.uk/schools/st-elizabeths-catholic-primary-school,102910,St Elizabeth's Catholic Primary School,Richmond upon Thames,Queen's Road,Richmond,TW10 6HN,Primary,Roman Catholic,30.0,158,28.0,32.55814,527,51.456653,-0.290201,St Elizabeth's Catholic Primary School,30.0,C-,Ofsted Outstanding,http://www.st-elizabeths.richmond.sch.uk?utm_source=snobe-co-uk&utm_medium=school-profile&utm_campaign=organic,2026-03-19,8.2,28.5,27.0,30.0,8.2,30.0,27.0,35.0,2.0,30,,,Richmond upon Thames,True
https://snobe.co.uk/schools/st-elizabeths-catholic-primary-school,102910,St Elizabeth's Catholic Primary School,Richmond upon Thames,Queen's Road,Richmond,TW10 6HN,Primary,Roman Catholic,30.0,165,28.0,32.55814,550,51.456653,-0.290201,St Elizabeth's Catholic Primary School,30.0,C-,Ofsted Outstanding,http://www.st-elizabeths.richmond.sch.uk?utm_source=snobe-co-uk&utm_medium=school-profile&utm_campaign=organic,2026-03-19,8.2,28.5,27.0,30.0,8.2,30.0,27.0,35.0,2.0,30,,,Richmond upon Thames,True
https://snobe.co.uk/schools/st-elizabeths-catholic-primary-school,102910,St Elizabeth's Catholic Primary School,Richmond upon Thames,Queen's Road,Richmond,TW10 6HN,Primary,Roman Catholic,30.0,165,28.0,32.55814,550,51.456653,-0.290201,St Elizabeth's Catholic Primary School,30.0,C-,Ofsted Outstanding,http://www.st-elizabeths.richmond.sch.uk?utm_source=snobe-co-uk&utm_medium=school-profile&utm_campaign=organic,2026-03-19,8.2,28.5,27.0,30.0,8.2,30.0,27.0,35.0,2.0,30,,,Richmond upon Thames,True
https://snobe.co.uk/schools/st-elizabeths-catholic-primary-school,102910,St Elizabeth's Catholic Primary School,Richmond upon Thames,Queen's Road,Richmond,TW10 6HN,Primary,Roman Catholic,30.0,143,28.0,32.55814,242,51.456653,-0.290201,St Elizabeth's Catholic Primary School,30.0,C-,Ofsted Outstanding,http://www.st-elizabeths.richmond.sch.uk?utm_source=snobe-co-uk&utm_medium=school-profile&utm_campaign=organic,2026-03-19,8.2,28.5,27.0,30.0,8.2,30.0,27.0,35.0,2.0,59,,,Richmond upon Thames,True
https://snobe.co.uk/schools/st-elizabeths-catholic-primary-school,102910,St Elizabeth's Catholic Primary School,Richmond upon Thames,Queen's Road,Richmond,TW10 6HN,Primary,Roman Catholic,30.0,162,28.0,32.55814,270,51.456653,-0.290201,St Elizabeth's Catholic Primary School,30.0,C-,Ofsted Outstanding,http://www.st-elizabeths.richmond.sch.uk?utm_source=snobe-co-uk&utm_medium=school-profile&utm_campaign=organic,2026-03-19,8.2,28.5,27.0,30.0,8.2,30.0,27.0,35.0,2.0,60,,,Richmond upon Thames,True
https://snobe.co.uk/schools/st-elizabeths-catholic-primary-school,102910,St Elizabeth's Catholic Primary School,Richmond upon Thames,Queen's Road,Richmond,TW10 6HN,Primary,Roman Catholic,30.0,134,28.0,32.55814,447,51.456653,-0.290201,St Elizabeth's Catholic Primary School,30.0,C-,Ofsted Outstanding,http://www.st-elizabeths.richmond.sch.uk?utm_source=snobe-co-uk&utm_medium=school-profile&utm_campaign=organic,2026-03-19,8.2,28.5,27.0,30.0,8.2,30.0,27.0,35.0,2.0,30,,,Richmond upon Thames,True
https://snobe.co.uk/schools/st-osmunds-catholic-primary-school,102919,St Osmund's Catholic Primary School,Richmond upon Thames,Church Road,London,SW13 9HQ,Primary,Roman Catholic,30.0,110,21.0,17.948718,367,51.474272,-0.245306,St Osmund's Catholic Primary School,30.0,C-,Ofsted Outstanding,http://www.st-osmunds.richmond.sch.uk/?utm_source=snobe-co-uk&utm_medium=school-profile&utm_campaign=organic,2026-03-19,6.6,28.5,22.0,30.0,6.6,30.0,22.0,35.0,2.0,30,,,Richmond upon Thames,True
https://snobe.co.uk/schools/st-osmunds-catholic-primary-school,102919,St Osmund's Catholic Primary School,Richmond upon Thames,Church Road,London,SW13 9HQ,Primary,Roman Catholic,30.0,85,21.0,17.948718,283,51.474272,-0.245306,St Osmund's Catholic Primary School,30.0,C-,Ofsted Outstanding,http://www.st-osmunds.richmond.sch.uk/?utm_source=snobe-co-uk&utm_medium=school-profile&utm_campaign=organic,2026-03-19,6.6,28.5,22.0,30.0,6.6,30.0,22.0,35.0,2.0,30,,,Richmond upon Thames,True
https://snobe.co.uk/schools/st-osmunds-catholic-primary-school,102919,St Osmund's Catholic Primary School,Richmond upon Thames,Church Road,London,SW13 9HQ,Primary,Roman Catholic,30.0,83,21.0,17.948718,277,51.474272,-0.245306,St Osmund's Catholic Primary School,30.0,C-,Ofsted Outstanding,http://www.st-osmunds.richmond.sch.uk/?utm_source=snobe-co-uk&utm_medium=school-profile&utm_campaign=organic,2026-03-19,6.6,28.5,22.0,30.0,6.6,30.0,22.0,35.0,2.0,30,,,Richmond upon Thames,True
https://snobe.co.uk/schools/st-osmunds-catholic-primary-school,102919,St Osmund's Catholic Primary School,Richmond upon Thames,Church Road,London,SW13 9HQ,Primary,Roman Catholic,30.0,93,21.0,17.948718,310,51.474272,-0.245306,St Osmund's Catholic Primary School,30.0,C-,Ofsted Outstanding,http://www.st-osmunds.richmond.sch.uk/?utm_source=snobe-co-uk&utm_medium=school-profile&utm_campaign=organic,2026-03-19,6.6,28.5,22.0,30.0,6.6,30.0,22.0,35.0,2.0,30,,,Richmond upon Thames,True
https://snobe.co.uk/schools/st-osmunds-catholic-primary-school,102919,St Osmund's Catholic Primary School,Richmond upon Thames,Church Road,London,SW13 9HQ,Primary,Roman Catholic,30.0,87,21.0,17.948718,290,51.474272,-0.245306,St Osmund's Catholic Primary School,30.0,C-,Ofsted Outstanding,http://www.st-osmunds.richmond.sch.uk/?utm_source=snobe-co-uk&utm_medium=school-profile&utm_campaign=organic,2026-03-19,6.6,28.5,22.0,30.0,6.6,30.0,22.0,35.0,2.0,30,,,Richmond upon Thames,True
https://snobe.co.uk/schools/st-osmunds-catholic-primary-school,102919,St Osmund's Catholic Primary School,Richmond upon Thames,Church Road,London,SW13 9HQ,Primary,Roman Catholic,30.0,109,21.0,17.948718,363,51.474272,-0.245306,St Osmund's Catholic Primary School,30.0,C-,Ofsted Outstanding,http://www.st-osmunds.richmond.sch.uk/?utm_source=snobe-co-uk&utm_medium=school-profile&utm_campaign=organic,2026-03-19,6.6,28.5,22.0,30.0,6.6,30.0,22.0,35.0,2.0,30,,,Richmond upon Thames,True
https://snobe.co.uk/schools/st-osmunds-catholic-primary-school,102919,St Osmund's Catholic Primary School,Richmond upon Thames,Church Road,London,SW13 9HQ,Primary,Roman Catholic,30.0,110,21.0,17.948718,367,51.474272,-0.245306,St Osmund's Catholic Primary School,30.0,C-,Ofsted Outstanding,http://www.st-osmunds.richmond.sch.uk/?utm_source=snobe-co-uk&utm_medium=school-profile&utm_campaign=organic,2026-03-19,6.6,28.5,22.0,30.0,6.6,30.0,22.0,35.0,2.0,30,,,Richmond upon Thames,True
https://snobe.co.uk/schools/st-osmunds-catholic-primary-school,102919,St Osmund's Catholic Primary School,Richmond upon Thames,Church Road,London,SW13 9HQ,Primary,Roman Catholic,30.0,130,21.0,17.948718,217,51.474272,-0.245306,St Osmund's Catholic Primary School,30.0,C-,Ofsted Outstanding,http://www.st-osmunds.richmond.sch.uk/?utm_source=snobe-co-uk&utm_medium=school-profile&utm_campaign=organic,2026-03-19,6.6,28.5,22.0,30.0,6.6,30.0,22.0,35.0,2.0,60,,,Richmond upon Thames,True
https://snobe.co.uk/schools/st-osmunds-catholic-primary-school,102919,St Osmund's Catholic Primary School,Richmond upon Thames,Church Road,London,SW13 9HQ,Primary,Roman Catholic,30.0,102,21.0,17.948718,340,51.474272,-0.245306,St Osmund's Catholic Primary School,30.0,C-,Ofsted Outstanding,http://www.st-osmunds.richmond.sch.uk/?utm_source=snobe-co-uk&utm_medium=school-profile&utm_campaign=organic,2026-03-19,6.6,28.5,22.0,30.0,6.6,30.0,22.0,35.0,2.0,30,,,Richmond upon Thames,True
https://snobe.co.uk/schools/st-osmunds-catholic-primary-school,102919,St Osmund's Catholic Primary School,Richmond upon Thames,Church Road,London,SW13 9HQ,Primary,Roman Catholic,30.0,107,21.0,17.948718,357,51.474272,-0.245306,St Osmund's Catholic Primary School,30.0,C-,Ofsted Outstanding,http://www.st-osmunds.richmond.sch.uk/?utm_source=snobe-co-uk&utm_medium=school-profile&utm_campaign=organic,2026-03-19,6.6,28.5,22.0,30.0,6.6,30.0,22.0,35.0,2.0,30,,,Richmond upon Thames,True
https://snobe.co.uk/schools/st-osmunds-catholic-primary-school,102919,St Osmund's Catholic Primary School,Richmond upon Thames,Church Road,London,SW13 9HQ,Primary,Roman Catholic,30.0,123,21.0,17.948718,410,51.474272,-0.245306,St Osmund's Catholic Primary School,30.0,C-,Ofsted Outstanding,http://www.st-osmunds.richmond.sch.uk/?utm_source=snobe-co-uk&utm_medium=school-profile&utm_campaign=organic,2026-03-19,6.6,28.5,22.0,30.0,6.6,30.0,22.0,35.0,2.0,30,,,Richmond upon Thames,True
https://snobe.co.uk/schools/st-richard-reynolds-catholic-high-school,139121,St Richard Reynolds Catholic High School,Richmond upon Thames,Clifden Road,London,TW1 4LT,Secondary,Roman Catholic,200.0,959,157.0,16.422594,561,51.447912,-0.335155,St Richard Reynolds Catholic High School,171.0,B-,Ofsted Outstanding,http://www.strichardreynolds.org.uk?utm_source=snobe-co-uk&utm_medium=school-profile&utm_campaign=organic,2026-03-19,7.4,190.0,145.0,171.0,7.4,171.0,145.0,35.0,2.0,171,,,Richmond upon Thames,True
https://snobe.co.uk/schools/st-richard-reynolds-catholic-high-school,139121,St Richard Reynolds Catholic High School,Richmond upon Thames,Clifden Road,London,TW1 4LT,Secondary,Roman Catholic,200.0,978,157.0,16.422594,556,51.447912,-0.335155,St Richard Reynolds Catholic High School,171.0,B-,Ofsted Outstanding,http://www.strichardreynolds.org.uk?utm_source=snobe-co-uk&utm_medium=school-profile&utm_campaign=organic,2026-03-19,7.4,190.0,145.0,171.0,7.4,171.0,145.0,35.0,2.0,176,,,Richmond upon Thames,True
https://snobe.co.uk/schools/st-richard-reynolds-catholic-high-school,139121,St Richard Reynolds Catholic High School,Richmond upon Thames,Clifden Road,London,TW1 4LT,Secondary,Roman Catholic,200.0,986,157.0,16.422594,563,51.447912,-0.335155,St Richard Reynolds Catholic High School,171.0,B-,Ofsted Outstanding,http://www.strichardreynolds.org.uk?utm_source=snobe-co-uk&utm_medium=school-profile&utm_campaign=organic,2026-03-19,7.4,190.0,145.0,171.0,7.4,171.0,145.0,35.0,2.0,175,,,Richmond upon Thames,True
https://snobe.co.uk/schools/st-richard-reynolds-catholic-high-school,139121,St Richard Reynolds Catholic High School,Richmond upon Thames,Clifden Road,London,TW1 4LT,Secondary,Roman Catholic,200.0,1039,157.0,16.422594,707,51.447912,-0.335155,St Richard Reynolds Catholic High School,171.0,B-,Ofsted Outstanding,http://www.strichardreynolds.org.uk?utm_source=snobe-co-uk&utm_medium=school-profile&utm_campaign=organic,2026-03-19,7.4,190.0,145.0,171.0,7.4,171.0,145.0,35.0,2.0,147,,,Richmond upon Thames,True
https://snobe.co.uk/schools/st-richard-reynolds-catholic-high-school,139121,St Richard Reynolds Catholic High School,Richmond upon Thames,Clifden Road,London,TW1 4LT,Secondary,Roman Catholic,200.0,991,157.0,16.422594,665,51.447912,-0.335155,St Richard Reynolds Catholic High School,171.0,B-,Ofsted Outstanding,http://www.strichardreynolds.org.uk?utm_source=snobe-co-uk&utm_medium=school-profile&utm_campaign=organic,2026-03-19,7.4,190.0,145.0,171.0,7.4,171.0,145.0,35.0,2.0,149,,,Richmond upon Thames,True
https://snobe.co.uk/schools/st-richard-reynolds-catholic-high-school,139121,St Richard Reynolds Catholic High School,Richmond upon Thames,Clifden Road,London,TW1 4LT,Secondary,Roman Catholic,200.0,881,157.0,16.422594,595,51.447912,-0.335155,St Richard Reynolds Catholic High School,171.0,B-,Ofsted Outstanding,http://www.strichardreynolds.org.uk?utm_source=snobe-co-uk&utm_medium=school-profile&utm_campaign=organic,2026-03-19,7.4,190.0,145.0,171.0,7.4,171.0,145.0,35.0,2.0,148,,,Richmond upon Thames,True
https://snobe.co.uk/schools/st-richard-reynolds-catholic-high-school,139121,St Richard Reynolds Catholic High School,Richmond upon Thames,Clifden Road,London,TW1 4LT,Secondary,Roman Catholic,200.0,939,157.0,16.422594,643,51.447912,-0.335155,St Richard Reynolds Catholic High School,171.0,B-,Ofsted Outstanding,http://www.strichardreynolds.org.uk?utm_source=snobe-co-uk&utm_medium=school-profile&utm_campaign=organic,2026-03-19,7.4,190.0,145.0,171.0,7.4,171.0,145.0,35.0,2.0,146,,,Richmond upon Thames,True
https://snobe.co.uk/schools/st-richard-reynolds-catholic-high-school,139121,St Richard Reynolds Catholic High School,Richmond upon Thames,Clifden Road,London,TW1 4LT,Secondary,Roman Catholic,200.0,831,157.0,16.422594,558,51.447912,-0.335155,St Richard Reynolds Catholic High School,171.0,B-,Ofsted Outstanding,http://www.strichardreynolds.org.uk?utm_source=snobe-co-uk&utm_medium=school-profile&utm_campaign=organic,2026-03-19,7.4,190.0,145.0,171.0,7.4,171.0,145.0,35.0,2.0,149,,,Richmond upon Thames,True
https://snobe.co.uk/schools/st-richard-reynolds-catholic-high-school,139121,St Richard Reynolds Catholic High School,Richmond upon Thames,Clifden Road,London,TW1 4LT,Secondary,Roman Catholic,200.0,687,157.0,16.422594,386,51.447912,-0.335155,St Richard Reynolds Catholic High School,171.0,B-,Ofsted Outstanding,http://www.strichardreynolds.org.uk?utm_source=snobe-co-uk&utm_medium=school-profile&utm_campaign=organic,2026-03-19,7.4,190.0,145.0,171.0,7.4,171.0,145.0,35.0,2.0,178,,,Richmond upon Thames,True
https://snobe.co.uk/schools/st-richard-reynolds-catholic-primary-school,139122,St Richard Reynolds Catholic Primary School,Richmond upon Thames,Clifden Road,London,TW1 4LT,Primary,Roman Catholic,29.0,178,29.0,17.682927,593,51.447912,-0.335155,St Richard Reynolds Catholic Primary School,30.0,C-,Ofsted Outstanding,http://www.strichardreynolds.org.uk/?utm_source=snobe-co-uk&utm_medium=school-profile&utm_campaign=organic,2026-03-19,1.9,27.55,28.0,30.0,1.9,30.0,28.0,35.0,2.0,30,,,Richmond upon Thames,True
https://snobe.co.uk/schools/st-richard-reynolds-catholic-primary-school,139122,St Richard Reynolds Catholic Primary School,Richmond upon Thames,Clifden Road,London,TW1 4LT,Primary,Roman Catholic,29.0,190,29.0,17.682927,633,51.447912,-0.335155,St Richard Reynolds Catholic Primary School,30.0,C-,Ofsted Outstanding,http://www.strichardreynolds.org.uk/?utm_source=snobe-co-uk&utm_medium=school-profile&utm_campaign=organic,2026-03-19,1.9,27.55,28.0,30.0,1.9,30.0,28.0,35.0,2.0,30,,,Richmond upon Thames,True
https://snobe.co.uk/schools/st-richard-reynolds-catholic-primary-school,139122,St Richard Reynolds Catholic Primary School,Richmond upon Thames,Clifden Road,London,TW1 4LT,Primary,Roman Catholic,29.0,242,29.0,17.682927,807,51.447912,-0.335155,St Richard Reynolds Catholic Primary School,30.0,C-,Ofsted Outstanding,http://www.strichardreynolds.org.uk/?utm_source=snobe-co-uk&utm_medium=school-profile&utm_campaign=organic,2026-03-19,1.9,27.55,28.0,30.0,1.9,30.0,28.0,35.0,2.0,30,,,Richmond upon Thames,True
https://snobe.co.uk/schools/st-richard-reynolds-catholic-primary-school,139122,St Richard Reynolds Catholic Primary School,Richmond upon Thames,Clifden Road,London,TW1 4LT,Primary,Roman Catholic,29.0,248,29.0,17.682927,827,51.447912,-0.335155,St Richard Reynolds Catholic Primary School,30.0,C-,Ofsted Outstanding,http://www.strichardreynolds.org.uk/?utm_source=snobe-co-uk&utm_medium=school-profile&utm_campaign=organic,2026-03-19,1.9,27.55,28.0,30.0,1.9,30.0,28.0,35.0,2.0,30,,,Richmond upon Thames,True
https://snobe.co.uk/schools/st-richard-reynolds-catholic-primary-school,139122,St Richard Reynolds Catholic Primary School,Richmond upon Thames,Clifden Road,London,TW1 4LT,Primary,Roman Catholic,29.0,217,29.0,17.682927,723,51.447912,-0.335155,St Richard Reynolds Catholic Primary School,30.0,C-,Ofsted Outstanding,http://www.strichardreynolds.org.uk/?utm_source=snobe-co-uk&utm_medium=school-profile&utm_campaign=organic,2026-03-19,1.9,27.55,28.0,30.0,1.9,30.0,28.0,35.0,2.0,30,,,Richmond upon Thames,True
https://snobe.co.uk/schools/st-richard-reynolds-catholic-primary-school,139122,St Richard Reynolds Catholic Primary School,Richmond upon Thames,Clifden Road,London,TW1 4LT,Primary,Roman Catholic,29.0,248,29.0,17.682927,827,51.447912,-0.335155,St Richard Reynolds Catholic Primary School,30.0,C-,Ofsted Outstanding,http://www.strichardreynolds.org.uk/?utm_source=snobe-co-uk&utm_medium=school-profile&utm_campaign=organic,2026-03-19,1.9,27.55,28.0,30.0,1.9,30.0,28.0,35.0,2.0,30,,,Richmond upon Thames,True
https://snobe.co.uk/schools/st-richard-reynolds-catholic-primary-school,139122,St Richard Reynolds Catholic Primary School,Richmond upon Thames,Clifden Road,London,TW1 4LT,Primary,Roman Catholic,29.0,272,29.0,17.682927,907,51.447912,-0.335155,St Richard Reynolds Catholic Primary School,30.0,C-,Ofsted Outstanding,http://www.strichardreynolds.org.uk/?utm_source=snobe-co-uk&utm_medium=school-profile&utm_campaign=organic,2026-03-19,1.9,27.55,28.0,30.0,1.9,30.0,28.0,35.0,2.0,30,,,Richmond upon Thames,True
https://snobe.co.uk/schools/st-richard-reynolds-catholic-primary-school,139122,St Richard Reynolds Catholic Primary School,Richmond upon Thames,Clifden Road,London,TW1 4LT,Primary,Roman Catholic,29.0,222,29.0,17.682927,740,51.447912,-0.335155,St Richard Reynolds Catholic Primary School,30.0,C-,Ofsted Outstanding,http://www.strichardreynolds.org.uk/?utm_source=snobe-co-uk&utm_medium=school-profile&utm_campaign=organic,2026-03-19,1.9,27.55,28.0,30.0,1.9,30.0,28.0,35.0,2.0,30,,,Richmond upon Thames,True
https://snobe.co.uk/schools/st-richard-reynolds-catholic-primary-school,139122,St Richard Reynolds Catholic Primary School,Richmond upon Thames,Clifden Road,London,TW1 4LT,Primary,Roman Catholic,29.0,190,29.0,17.682927,633,51.447912,-0.335155,St Richard Reynolds Catholic Primary School,30.0,C-,Ofsted Outstanding,http://www.strichardreynolds.org.uk/?utm_source=snobe-co-uk&utm_medium=school-profile&utm_campaign=organic,2026-03-19,1.9,27.55,28.0,30.0,1.9,30.0,28.0,35.0,2.0,30,,,Richmond upon Thames,True
https://snobe.co.uk/schools/english-martyrs-roman-catholic-primary-school,100824,English Martyrs' Roman Catholic Primary School,Southwark,Flint Street,London,SE17 1RB,Primary,Roman Catholic,19.0,45,18.0,40.0,237,51.49064,-0.088297,English Martyrs' Roman Catholic Primary School,19.0,A+,Ofsted Good,http://www.englishmartyrsprimary.school?utm_source=snobe-co-uk&utm_medium=school-profile&utm_campaign=organic,2026-03-19,38.2,18.05,18.0,19.0,38.2,19.0,18.0,83.0,9.0,19,,,Southwark,True
https://snobe.co.uk/schools/english-martyrs-roman-catholic-primary-school,100824,English Martyrs' Roman Catholic Primary School,Southwark,Flint Street,London,SE17 1RB,Primary,Roman Catholic,19.0,61,18.0,40.0,218,51.49064,-0.088297,English Martyrs' Roman Catholic Primary School,19.0,A+,Ofsted Good,http://www.englishmartyrsprimary.school?utm_source=snobe-co-uk&utm_medium=school-profile&utm_campaign=organic,2026-03-19,38.2,18.05,18.0,19.0,38.2,19.0,18.0,83.0,9.0,28,,,Southwark,True
https://snobe.co.uk/schools/english-martyrs-roman-catholic-primary-school,100824,English Martyrs' Roman Catholic Primary School,Southwark,Flint Street,London,SE17 1RB,Primary,Roman Catholic,19.0,61,18.0,40.0,203,51.49064,-0.088297,English Martyrs' Roman Catholic Primary School,19.0,A+,Ofsted Good,http://www.englishmartyrsprimary.school?utm_source=snobe-co-uk&utm_medium=school-profile&utm_campaign=organic,2026-03-19,38.2,18.05,18.0,19.0,38.2,19.0,18.0,83.0,9.0,30,,,Southwark,True
https://snobe.co.uk/schools/english-martyrs-roman-catholic-primary-school,100824,English Martyrs' Roman Catholic Primary School,Southwark,Flint Street,London,SE17 1RB,Primary,Roman Catholic,19.0,55,18.0,40.0,172,51.49064,-0.088297,English Martyrs' Roman Catholic Primary School,19.0,A+,Ofsted Good,http://www.englishmartyrsprimary.school?utm_source=snobe-co-uk&utm_medium=school-profile&utm_campaign=organic,2026-03-19,38.2,18.05,18.0,19.0,38.2,19.0,18.0,83.0,9.0,32,,,Southwark,True
https://snobe.co.uk/schools/english-martyrs-roman-catholic-primary-school,100824,English Martyrs' Roman Catholic Primary School,Southwark,Flint Street,London,SE17 1RB,Primary,Roman Catholic,19.0,47,18.0,40.0,204,51.49064,-0.088297,English Martyrs' Roman Catholic Primary School,19.0,A+,Ofsted Good,http://www.englishmartyrsprimary.school?utm_source=snobe-co-uk&utm_medium=school-profile&utm_campaign=organic,2026-03-19,38.2,18.05,18.0,19.0,38.2,19.0,18.0,83.0,9.0,23,,,Southwark,True
https://snobe.co.uk/schools/english-martyrs-roman-catholic-primary-school,100824,English Martyrs' Roman Catholic Primary School,Southwark,Flint Street,London,SE17 1RB,Primary,Roman Catholic,19.0,77,18.0,40.0,197,51.49064,-0.088297,English Martyrs' Roman Catholic Primary School,19.0,A+,Ofsted Good,http://www.englishmartyrsprimary.school?utm_source=snobe-co-uk&utm_medium=school-profile&utm_campaign=organic,2026-03-19,38.2,18.05,18.0,19.0,38.2,19.0,18.0,83.0,9.0,39,,,Southwark,True
https://snobe.co.uk/schools/english-martyrs-roman-catholic-primary-school,100824,English Martyrs' Roman Catholic Primary School,Southwark,Flint Street,London,SE17 1RB,Primary,Roman Catholic,19.0,60,18.0,40.0,286,51.49064,-0.088297,English Martyrs' Roman Catholic Primary School,19.0,A+,Ofsted Good,http://www.englishmartyrsprimary.school?utm_source=snobe-co-uk&utm_medium=school-profile&utm_campaign=organic,2026-03-19,38.2,18.05,18.0,19.0,38.2,19.0,18.0,83.0,9.0,21,,,Southwark,True
https://snobe.co.uk/schools/english-martyrs-roman-catholic-primary-school,100824,English Martyrs' Roman Catholic Primary School,Southwark,Flint Street,London,SE17 1RB,Primary,Roman Catholic,19.0,94,18.0,40.0,219,51.49064,-0.088297,English Martyrs' Roman Catholic Primary School,19.0,A+,Ofsted Good,http://www.englishmartyrsprimary.school?utm_source=snobe-co-uk&utm_medium=school-profile&utm_campaign=organic,2026-03-19,38.2,18.05,18.0,19.0,38.2,19.0,18.0,83.0,9.0,43,,,Southwark,True
https://snobe.co.uk/schools/english-martyrs-roman-catholic-primary-school,100824,English Martyrs' Roman Catholic Primary School,Southwark,Flint Street,London,SE17 1RB,Primary,Roman Catholic,19.0,103,18.0,40.0,312,51.49064,-0.088297,English Martyrs' Roman Catholic Primary School,19.0,A+,Ofsted Good,http://www.englishmartyrsprimary.school?utm_source=snobe-co-uk&utm_medium=school-profile&utm_campaign=organic,2026-03-19,38.2,18.05,18.0,19.0,38.2,19.0,18.0,83.0,9.0,33,,,Southwark,True
https://snobe.co.uk/schools/english-martyrs-roman-catholic-primary-school,100824,English Martyrs' Roman Catholic Primary School,Southwark,Flint Street,London,SE17 1RB,Primary,Roman Catholic,19.0,100,18.0,40.0,263,51.49064,-0.088297,English Martyrs' Roman Catholic Primary School,19.0,A+,Ofsted Good,http://www.englishmartyrsprimary.school?utm_source=snobe-co-uk&utm_medium=school-profile&utm_campaign=organic,2026-03-19,38.2,18.05,18.0,19.0,38.2,19.0,18.0,83.0,9.0,38,,,Southwark,True
https://snobe.co.uk/schools/english-martyrs-roman-catholic-primary-school,100824,English Martyrs' Roman Catholic Primary School,Southwark,Flint Street,London,SE17 1RB,Primary,Roman Catholic,19.0,106,18.0,40.0,252,51.49064,-0.088297,English Martyrs' Roman Catholic Primary School,19.0,A+,Ofsted Good,http://www.englishmartyrsprimary.school?utm_source=snobe-co-uk&utm_medium=school-profile&utm_campaign=organic,2026-03-19,38.2,18.05,18.0,19.0,38.2,19.0,18.0,83.0,9.0,42,,,Southwark,True
https://snobe.co.uk/schools/english-martyrs-roman-catholic-primary-school,100824,English Martyrs' Roman Catholic Primary School,Southwark,Flint Street,London,SE17 1RB,Primary,Roman Catholic,19.0,124,18.0,40.0,276,51.49064,-0.088297,English Martyrs' Roman Catholic Primary School,19.0,A+,Ofsted Good,http://www.englishmartyrsprimary.school?utm_source=snobe-co-uk&utm_medium=school-profile&utm_campaign=organic,2026-03-19,38.2,18.05,18.0,19.0,38.2,19.0,18.0,83.0,9.0,45,,,Southwark,True
https://snobe.co.uk/schools/notre-dame-roman-catholic-girls-school,100859,Notre Dame Roman Catholic Girls' School,Southwark,118 St George's Road,London,SE1 6EX,Secondary,Roman Catholic,41.0,182,18.0,12.857143,343,51.496981,-0.106112,Notre Dame Roman Catholic Girls' School,53.0,C+,Ofsted Requires Improvement,http://www.notredame.southwark.sch.uk/?utm_source=snobe-co-uk&utm_medium=school-profile&utm_campaign=organic,2026-03-19,30.6,38.95,19.0,42.0,30.6,53.0,19.0,83.0,9.0,53,,,Southwark,True
https://snobe.co.uk/schools/notre-dame-roman-catholic-girls-school,100859,Notre Dame Roman Catholic Girls' School,Southwark,118 St George's Road,London,SE1 6EX,Secondary,Roman Catholic,41.0,205,18.0,12.857143,209,51.496981,-0.106112,Notre Dame Roman Catholic Girls' School,53.0,C+,Ofsted Requires Improvement,http://www.notredame.southwark.sch.uk/?utm_source=snobe-co-uk&utm_medium=school-profile&utm_campaign=organic,2026-03-19,30.6,38.95,19.0,42.0,30.6,53.0,19.0,83.0,9.0,98,,,Southwark,True
https://snobe.co.uk/schools/notre-dame-roman-catholic-girls-school,100859,Notre Dame Roman Catholic Girls' School,Southwark,118 St George's Road,London,SE1 6EX,Secondary,Roman Catholic,41.0,230,18.0,12.857143,274,51.496981,-0.106112,Notre Dame Roman Catholic Girls' School,53.0,C+,Ofsted Requires Improvement,http://www.notredame.southwark.sch.uk/?utm_source=snobe-co-uk&utm_medium=school-profile&utm_campaign=organic,2026-03-19,30.6,38.95,19.0,42.0,30.6,53.0,19.0,83.0,9.0,84,,,Southwark,True
https://snobe.co.uk/schools/notre-dame-roman-catholic-girls-school,100859,Notre Dame Roman Catholic Girls' School,Southwark,118 St George's Road,London,SE1 6EX,Secondary,Roman Catholic,41.0,269,18.0,12.857143,219,51.496981,-0.106112,Notre Dame Roman Catholic Girls' School,53.0,C+,Ofsted Requires Improvement,http://www.notredame.southwark.sch.uk/?utm_source=snobe-co-uk&utm_medium=school-profile&utm_campaign=organic,2026-03-19,30.6,38.95,19.0,42.0,30.6,53.0,19.0,83.0,9.0,123,,,Southwark,True
https://snobe.co.uk/schools/notre-dame-roman-catholic-girls-school,100859,Notre Dame Roman Catholic Girls' School,Southwark,118 St George's Road,London,SE1 6EX,Secondary,Roman Catholic,41.0,286,18.0,12.857143,253,51.496981,-0.106112,Notre Dame Roman Catholic Girls' School,53.0,C+,Ofsted Requires Improvement,http://www.notredame.southwark.sch.uk/?utm_source=snobe-co-uk&utm_medium=school-profile&utm_campaign=organic,2026-03-19,30.6,38.95,19.0,42.0,30.6,53.0,19.0,83.0,9.0,113,,,Southwark,True
https://snobe.co.uk/schools/notre-dame-roman-catholic-girls-school,100859,Notre Dame Roman Catholic Girls' School,Southwark,118 St George's Road,London,SE1 6EX,Secondary,Roman Catholic,41.0,284,18.0,12.857143,263,51.496981,-0.106112,Notre Dame Roman Catholic Girls' School,53.0,C+,Ofsted Requires Improvement,http://www.notredame.southwark.sch.uk/?utm_source=snobe-co-uk&utm_medium=school-profile&utm_campaign=organic,2026-03-19,30.6,38.95,19.0,42.0,30.6,53.0,19.0,83.0,9.0,108,,,Southwark,True
https://snobe.co.uk/schools/notre-dame-roman-catholic-girls-school,100859,Notre Dame Roman Catholic Girls' School,Southwark,118 St George's Road,London,SE1 6EX,Secondary,Roman Catholic,41.0,279,18.0,12.857143,236,51.496981,-0.106112,Notre Dame Roman Catholic Girls' School,53.0,C+,Ofsted Requires Improvement,http://www.notredame.southwark.sch.uk/?utm_source=snobe-co-uk&utm_medium=school-profile&utm_campaign=organic,2026-03-19,30.6,38.95,19.0,42.0,30.6,53.0,19.0,83.0,9.0,118,,,Southwark,True
https://snobe.co.uk/schools/notre-dame-roman-catholic-girls-school,100859,Notre Dame Roman Catholic Girls' School,Southwark,118 St George's Road,London,SE1 6EX,Secondary,Roman Catholic,41.0,322,18.0,12.857143,307,51.496981,-0.106112,Notre Dame Roman Catholic Girls' School,53.0,C+,Ofsted Requires Improvement,http://www.notredame.southwark.sch.uk/?utm_source=snobe-co-uk&utm_medium=school-profile&utm_campaign=organic,2026-03-19,30.6,38.95,19.0,42.0,30.6,53.0,19.0,83.0,9.0,105,,,Southwark,True
https://snobe.co.uk/schools/notre-dame-roman-catholic-girls-school,100859,Notre Dame Roman Catholic Girls' School,Southwark,118 St George's Road,London,SE1 6EX,Secondary,Roman Catholic,41.0,332,18.0,12.857143,284,51.496981,-0.106112,Notre Dame Roman Catholic Girls' School,53.0,C+,Ofsted Requires Improvement,http://www.notredame.southwark.sch.uk/?utm_source=snobe-co-uk&utm_medium=school-profile&utm_campaign=organic,2026-03-19,30.6,38.95,19.0,42.0,30.6,53.0,19.0,83.0,9.0,117,,,Southwark,True
https://snobe.co.uk/schools/saint-josephs-catholic-primary-school-borough,100834,"Saint Joseph's Catholic Primary School, the Borough",Southwark,Little Dorrit Court,London,SE1 1NJ,Primary,Roman Catholic,15.0,46,13.0,28.26087,307,51.502752,-0.093179,"Saint Joseph's Catholic Primary School, the Borough",15.0,A+,Ofsted Good,http://www.saintjosephsborough.co.uk?utm_source=snobe-co-uk&utm_medium=school-profile&utm_campaign=organic,2026-03-19,33.0,14.25,13.0,15.0,33.0,15.0,13.0,83.0,9.0,15,,,Southwark,True
https://snobe.co.uk/schools/saint-josephs-catholic-primary-school-borough,100834,"Saint Joseph's Catholic Primary School, the Borough",Southwark,Little Dorrit Court,London,SE1 1NJ,Primary,Roman Catholic,15.0,46,13.0,28.26087,354,51.502752,-0.093179,"Saint Joseph's Catholic Primary School, the Borough",15.0,A+,Ofsted Good,http://www.saintjosephsborough.co.uk?utm_source=snobe-co-uk&utm_medium=school-profile&utm_campaign=organic,2026-03-19,33.0,14.25,13.0,15.0,33.0,15.0,13.0,83.0,9.0,13,,,Southwark,True
https://snobe.co.uk/schools/saint-josephs-catholic-primary-school-borough,100834,"Saint Joseph's Catholic Primary School, the Borough",Southwark,Little Dorrit Court,London,SE1 1NJ,Primary,Roman Catholic,15.0,41,13.0,28.26087,273,51.502752,-0.093179,"Saint Joseph's Catholic Primary School, the Borough",15.0,A+,Ofsted Good,http://www.saintjosephsborough.co.uk?utm_source=snobe-co-uk&utm_medium=school-profile&utm_campaign=organic,2026-03-19,33.0,14.25,13.0,15.0,33.0,15.0,13.0,83.0,9.0,15,,,Southwark,True
https://snobe.co.uk/schools/saint-josephs-catholic-primary-school-borough,100834,"Saint Joseph's Catholic Primary School, the Borough",Southwark,Little Dorrit Court,London,SE1 1NJ,Primary,Roman Catholic,15.0,66,13.0,28.26087,264,51.502752,-0.093179,"Saint Joseph's Catholic Primary School, the Borough",15.0,A+,Ofsted Good,http://www.saintjosephsborough.co.uk?utm_source=snobe-co-uk&utm_medium=school-profile&utm_campaign=organic,2026-03-19,33.0,14.25,13.0,15.0,33.0,15.0,13.0,83.0,9.0,25,,,Southwark,True
https://snobe.co.uk/schools/saint-josephs-catholic-primary-school-borough,100834,"Saint Joseph's Catholic Primary School, the Borough",Southwark,Little Dorrit Court,London,SE1 1NJ,Primary,Roman Catholic,15.0,58,13.0,28.26087,223,51.502752,-0.093179,"Saint Joseph's Catholic Primary School, the Borough",15.0,A+,Ofsted Good,http://www.saintjosephsborough.co.uk?utm_source=snobe-co-uk&utm_medium=school-profile&utm_campaign=organic,2026-03-19,33.0,14.25,13.0,15.0,33.0,15.0,13.0,83.0,9.0,26,,,Southwark,True
https://snobe.co.uk/schools/saint-josephs-catholic-primary-school-borough,100834,"Saint Joseph's Catholic Primary School, the Borough",Southwark,Little Dorrit Court,London,SE1 1NJ,Primary,Roman Catholic,15.0,72,13.0,28.26087,240,51.502752,-0.093179,"Saint Joseph's Catholic Primary School, the Borough",15.0,A+,Ofsted Good,http://www.saintjosephsborough.co.uk?utm_source=snobe-co-uk&utm_medium=school-profile&utm_campaign=organic,2026-03-19,33.0,14.25,13.0,15.0,33.0,15.0,13.0,83.0,9.0,30,,,Southwark,True
https://snobe.co.uk/schools/saint-josephs-catholic-primary-school-borough,100834,"Saint Joseph's Catholic Primary School, the Borough",Southwark,Little Dorrit Court,London,SE1 1NJ,Primary,Roman Catholic,15.0,78,13.0,28.26087,260,51.502752,-0.093179,"Saint Joseph's Catholic Primary School, the Borough",15.0,A+,Ofsted Good,http://www.saintjosephsborough.co.uk?utm_source=snobe-co-uk&utm_medium=school-profile&utm_campaign=organic,2026-03-19,33.0,14.25,13.0,15.0,33.0,15.0,13.0,83.0,9.0,30,,,Southwark,True
https://snobe.co.uk/schools/saint-josephs-catholic-primary-school-borough,100834,"Saint Joseph's Catholic Primary School, the Borough",Southwark,Little Dorrit Court,London,SE1 1NJ,Primary,Roman Catholic,15.0,64,13.0,28.26087,229,51.502752,-0.093179,"Saint Joseph's Catholic Primary School, the Borough",15.0,A+,Ofsted Good,http://www.saintjosephsborough.co.uk?utm_source=snobe-co-uk&utm_medium=school-profile&utm_campaign=organic,2026-03-19,33.0,14.25,13.0,15.0,33.0,15.0,13.0,83.0,9.0,28,,,Southwark,True
https://snobe.co.uk/schools/saint-josephs-catholic-primary-school-borough,100834,"Saint Joseph's Catholic Primary School, the Borough",Southwark,Little Dorrit Court,London,SE1 1NJ,Primary,Roman Catholic,15.0,76,13.0,28.26087,253,51.502752,-0.093179,"Saint Joseph's Catholic Primary School, the Borough",15.0,A+,Ofsted Good,http://www.saintjosephsborough.co.uk?utm_source=snobe-co-uk&utm_medium=school-profile&utm_campaign=organic,2026-03-19,33.0,14.25,13.0,15.0,33.0,15.0,13.0,83.0,9.0,30,,,Southwark,True
https://snobe.co.uk/schools/saint-josephs-catholic-primary-school-borough,100834,"Saint Joseph's Catholic Primary School, the Borough",Southwark,Little Dorrit Court,London,SE1 1NJ,Primary,Roman Catholic,15.0,87,13.0,28.26087,290,51.502752,-0.093179,"Saint Joseph's Catholic Primary School, the Borough",15.0,A+,Ofsted Good,http://www.saintjosephsborough.co.uk?utm_source=snobe-co-uk&utm_medium=school-profile&utm_campaign=organic,2026-03-19,33.0,14.25,13.0,15.0,33.0,15.0,13.0,83.0,9.0,30,,,Southwark,True
https://snobe.co.uk/schools/saint-josephs-catholic-primary-school-borough,100834,"Saint Joseph's Catholic Primary School, the Borough",Southwark,Little Dorrit Court,London,SE1 1NJ,Primary,Roman Catholic,15.0,102,13.0,28.26087,340,51.502752,-0.093179,"Saint Joseph's Catholic Primary School, the Borough",15.0,A+,Ofsted Good,http://www.saintjosephsborough.co.uk?utm_source=snobe-co-uk&utm_medium=school-profile&utm_campaign=organic,2026-03-19,33.0,14.25,13.0,15.0,33.0,15.0,13.0,83.0,9.0,30,,,Southwark,True
https://snobe.co.uk/schools/saint-josephs-catholic-primary-school-borough,100834,"Saint Joseph's Catholic Primary School, the Borough",Southwark,Little Dorrit Court,London,SE1 1NJ,Primary,Roman Catholic,15.0,86,13.0,28.26087,297,51.502752,-0.093179,"Saint Joseph's Catholic Primary School, the Borough",15.0,A+,Ofsted Good,http://www.saintjosephsborough.co.uk?utm_source=snobe-co-uk&utm_medium=school-profile&utm_campaign=organic,2026-03-19,33.0,14.25,13.0,15.0,33.0,15.0,13.0,83.0,9.0,29,,,Southwark,True
https://snobe.co.uk/schools/st-anthonys-catholic-primary-school,100852,St Anthony's Catholic Primary School,Southwark,Etherow Street,London,SE22 0LA,Primary,Roman Catholic,44.0,90,36.0,34.615385,257,51.449708,-0.072074,St Anthony's Catholic Primary School,35.0,B-,Ofsted Outstanding,http://www.stanthonysprimary.co.uk/?utm_source=snobe-co-uk&utm_medium=school-profile&utm_campaign=organic,2026-03-19,23.4,41.8,31.0,35.0,23.4,35.0,31.0,83.0,9.0,35,,,Southwark,True
https://snobe.co.uk/schools/st-anthonys-catholic-primary-school,100852,St Anthony's Catholic Primary School,Southwark,Etherow Street,London,SE22 0LA,Primary,Roman Catholic,44.0,105,36.0,34.615385,194,51.449708,-0.072074,St Anthony's Catholic Primary School,35.0,B-,Ofsted Outstanding,http://www.stanthonysprimary.co.uk/?utm_source=snobe-co-uk&utm_medium=school-profile&utm_campaign=organic,2026-03-19,23.4,41.8,31.0,35.0,23.4,35.0,31.0,83.0,9.0,54,,,Southwark,True
https://snobe.co.uk/schools/st-anthonys-catholic-primary-school,100852,St Anthony's Catholic Primary School,Southwark,Etherow Street,London,SE22 0LA,Primary,Roman Catholic,44.0,116,36.0,34.615385,200,51.449708,-0.072074,St Anthony's Catholic Primary School,35.0,B-,Ofsted Outstanding,http://www.stanthonysprimary.co.uk/?utm_source=snobe-co-uk&utm_medium=school-profile&utm_campaign=organic,2026-03-19,23.4,41.8,31.0,35.0,23.4,35.0,31.0,83.0,9.0,58,,,Southwark,True
https://snobe.co.uk/schools/st-anthonys-catholic-primary-school,100852,St Anthony's Catholic Primary School,Southwark,Etherow Street,London,SE22 0LA,Primary,Roman Catholic,44.0,118,36.0,34.615385,223,51.449708,-0.072074,St Anthony's Catholic Primary School,35.0,B-,Ofsted Outstanding,http://www.stanthonysprimary.co.uk/?utm_source=snobe-co-uk&utm_medium=school-profile&utm_campaign=organic,2026-03-19,23.4,41.8,31.0,35.0,23.4,35.0,31.0,83.0,9.0,53,,,Southwark,True
https://snobe.co.uk/schools/st-anthonys-catholic-primary-school,100852,St Anthony's Catholic Primary School,Southwark,Etherow Street,London,SE22 0LA,Primary,Roman Catholic,44.0,114,36.0,34.615385,200,51.449708,-0.072074,St Anthony's Catholic Primary School,35.0,B-,Ofsted Outstanding,http://www.stanthonysprimary.co.uk/?utm_source=snobe-co-uk&utm_medium=school-profile&utm_campaign=organic,2026-03-19,23.4,41.8,31.0,35.0,23.4,35.0,31.0,83.0,9.0,57,,,Southwark,True
https://snobe.co.uk/schools/st-anthonys-catholic-primary-school,100852,St Anthony's Catholic Primary School,Southwark,Etherow Street,London,SE22 0LA,Primary,Roman Catholic,44.0,109,36.0,34.615385,191,51.449708,-0.072074,St Anthony's Catholic Primary School,35.0,B-,Ofsted Outstanding,http://www.stanthonysprimary.co.uk/?utm_source=snobe-co-uk&utm_medium=school-profile&utm_campaign=organic,2026-03-19,23.4,41.8,31.0,35.0,23.4,35.0,31.0,83.0,9.0,57,,,Southwark,True
https://snobe.co.uk/schools/st-anthonys-catholic-primary-school,100852,St Anthony's Catholic Primary School,Southwark,Etherow Street,London,SE22 0LA,Primary,Roman Catholic,44.0,114,36.0,34.615385,197,51.449708,-0.072074,St Anthony's Catholic Primary School,35.0,B-,Ofsted Outstanding,http://www.stanthonysprimary.co.uk/?utm_source=snobe-co-uk&utm_medium=school-profile&utm_campaign=organic,2026-03-19,23.4,41.8,31.0,35.0,23.4,35.0,31.0,83.0,9.0,58,,,Southwark,True
https://snobe.co.uk/schools/st-anthonys-catholic-primary-school,100852,St Anthony's Catholic Primary School,Southwark,Etherow Street,London,SE22 0LA,Primary,Roman Catholic,44.0,138,36.0,34.615385,230,51.449708,-0.072074,St Anthony's Catholic Primary School,35.0,B-,Ofsted Outstanding,http://www.stanthonysprimary.co.uk/?utm_source=snobe-co-uk&utm_medium=school-profile&utm_campaign=organic,2026-03-19,23.4,41.8,31.0,35.0,23.4,35.0,31.0,83.0,9.0,60,,,Southwark,True
https://snobe.co.uk/schools/st-anthonys-catholic-primary-school,100852,St Anthony's Catholic Primary School,Southwark,Etherow Street,London,SE22 0LA,Primary,Roman Catholic,44.0,165,36.0,34.615385,275,51.449708,-0.072074,St Anthony's Catholic Primary School,35.0,B-,Ofsted Outstanding,http://www.stanthonysprimary.co.uk/?utm_source=snobe-co-uk&utm_medium=school-profile&utm_campaign=organic,2026-03-19,23.4,41.8,31.0,35.0,23.4,35.0,31.0,83.0,9.0,60,,,Southwark,True
https://snobe.co.uk/schools/st-anthonys-catholic-primary-school,100852,St Anthony's Catholic Primary School,Southwark,Etherow Street,London,SE22 0LA,Primary,Roman Catholic,44.0,161,36.0,34.615385,273,51.449708,-0.072074,St Anthony's Catholic Primary School,35.0,B-,Ofsted Outstanding,http://www.stanthonysprimary.co.uk/?utm_source=snobe-co-uk&utm_medium=school-profile&utm_campaign=organic,2026-03-19,23.4,41.8,31.0,35.0,23.4,35.0,31.0,83.0,9.0,59,,,Southwark,True
https://snobe.co.uk/schools/st-anthonys-catholic-primary-school,100852,St Anthony's Catholic Primary School,Southwark,Etherow Street,London,SE22 0LA,Primary,Roman Catholic,44.0,182,36.0,34.615385,303,51.449708,-0.072074,St Anthony's Catholic Primary School,35.0,B-,Ofsted Outstanding,http://www.stanthonysprimary.co.uk/?utm_source=snobe-co-uk&utm_medium=school-profile&utm_campaign=organic,2026-03-19,23.4,41.8,31.0,35.0,23.4,35.0,31.0,83.0,9.0,60,,,Southwark,True
https://snobe.co.uk/schools/st-francis-rc-primary-school,100826,St Francis RC Primary School,Southwark,Friary Road,London,SE15 1RQ,Primary,Roman Catholic,22.0,38,22.0,57.894737,173,51.480031,-0.067051,St Francis RC Primary School,22.0,A,Ofsted Good,http://www.stfrancispeckham.co.uk?utm_source=snobe-co-uk&utm_medium=school-profile&utm_campaign=organic,2026-03-19,36.7,20.9,22.0,22.0,36.7,22.0,22.0,83.0,9.0,22,,,Southwark,True
https://snobe.co.uk/schools/st-francis-rc-primary-school,100826,St Francis RC Primary School,Southwark,Friary Road,London,SE15 1RQ,Primary,Roman Catholic,22.0,52,22.0,57.894737,173,51.480031,-0.067051,St Francis RC Primary School,22.0,A,Ofsted Good,http://www.stfrancispeckham.co.uk?utm_source=snobe-co-uk&utm_medium=school-profile&utm_campaign=organic,2026-03-19,36.7,20.9,22.0,22.0,36.7,22.0,22.0,83.0,9.0,30,,,Southwark,True
https://snobe.co.uk/schools/st-francis-rc-primary-school,100826,St Francis RC Primary School,Southwark,Friary Road,London,SE15 1RQ,Primary,Roman Catholic,22.0,52,22.0,57.894737,193,51.480031,-0.067051,St Francis RC Primary School,22.0,A,Ofsted Good,http://www.stfrancispeckham.co.uk?utm_source=snobe-co-uk&utm_medium=school-profile&utm_campaign=organic,2026-03-19,36.7,20.9,22.0,22.0,36.7,22.0,22.0,83.0,9.0,27,,,Southwark,True
https://snobe.co.uk/schools/st-francis-rc-primary-school,100826,St Francis RC Primary School,Southwark,Friary Road,London,SE15 1RQ,Primary,Roman Catholic,22.0,64,22.0,57.894737,246,51.480031,-0.067051,St Francis RC Primary School,22.0,A,Ofsted Good,http://www.stfrancispeckham.co.uk?utm_source=snobe-co-uk&utm_medium=school-profile&utm_campaign=organic,2026-03-19,36.7,20.9,22.0,22.0,36.7,22.0,22.0,83.0,9.0,26,,,Southwark,True
https://snobe.co.uk/schools/st-francis-rc-primary-school,100826,St Francis RC Primary School,Southwark,Friary Road,London,SE15 1RQ,Primary,Roman Catholic,22.0,62,22.0,57.894737,258,51.480031,-0.067051,St Francis RC Primary School,22.0,A,Ofsted Good,http://www.stfrancispeckham.co.uk?utm_source=snobe-co-uk&utm_medium=school-profile&utm_campaign=organic,2026-03-19,36.7,20.9,22.0,22.0,36.7,22.0,22.0,83.0,9.0,24,,,Southwark,True
https://snobe.co.uk/schools/st-francis-rc-primary-school,100826,St Francis RC Primary School,Southwark,Friary Road,London,SE15 1RQ,Primary,Roman Catholic,22.0,94,22.0,57.894737,171,51.480031,-0.067051,St Francis RC Primary School,22.0,A,Ofsted Good,http://www.stfrancispeckham.co.uk?utm_source=snobe-co-uk&utm_medium=school-profile&utm_campaign=organic,2026-03-19,36.7,20.9,22.0,22.0,36.7,22.0,22.0,83.0,9.0,55,,,Southwark,True
https://snobe.co.uk/schools/st-francis-rc-primary-school,100826,St Francis RC Primary School,Southwark,Friary Road,London,SE15 1RQ,Primary,Roman Catholic,22.0,86,22.0,57.894737,179,51.480031,-0.067051,St Francis RC Primary School,22.0,A,Ofsted Good,http://www.stfrancispeckham.co.uk?utm_source=snobe-co-uk&utm_medium=school-profile&utm_campaign=organic,2026-03-19,36.7,20.9,22.0,22.0,36.7,22.0,22.0,83.0,9.0,48,,,Southwark,True
https://snobe.co.uk/schools/st-francis-rc-primary-school,100826,St Francis RC Primary School,Southwark,Friary Road,London,SE15 1RQ,Primary,Roman Catholic,22.0,113,22.0,57.894737,209,51.480031,-0.067051,St Francis RC Primary School,22.0,A,Ofsted Good,http://www.stfrancispeckham.co.uk?utm_source=snobe-co-uk&utm_medium=school-profile&utm_campaign=organic,2026-03-19,36.7,20.9,22.0,22.0,36.7,22.0,22.0,83.0,9.0,54,,,Southwark,True
https://snobe.co.uk/schools/st-francis-rc-primary-school,100826,St Francis RC Primary School,Southwark,Friary Road,London,SE15 1RQ,Primary,Roman Catholic,22.0,108,22.0,57.894737,208,51.480031,-0.067051,St Francis RC Primary School,22.0,A,Ofsted Good,http://www.stfrancispeckham.co.uk?utm_source=snobe-co-uk&utm_medium=school-profile&utm_campaign=organic,2026-03-19,36.7,20.9,22.0,22.0,36.7,22.0,22.0,83.0,9.0,52,,,Southwark,True
https://snobe.co.uk/schools/st-francis-rc-primary-school,100826,St Francis RC Primary School,Southwark,Friary Road,London,SE15 1RQ,Primary,Roman Catholic,22.0,137,22.0,57.894737,232,51.480031,-0.067051,St Francis RC Primary School,22.0,A,Ofsted Good,http://www.stfrancispeckham.co.uk?utm_source=snobe-co-uk&utm_medium=school-profile&utm_campaign=organic,2026-03-19,36.7,20.9,22.0,22.0,36.7,22.0,22.0,83.0,9.0,59,,,Southwark,True
https://snobe.co.uk/schools/st-francis-rc-primary-school,100826,St Francis RC Primary School,Southwark,Friary Road,London,SE15 1RQ,Primary,Roman Catholic,22.0,128,22.0,57.894737,217,51.480031,-0.067051,St Francis RC Primary School,22.0,A,Ofsted Good,http://www.stfrancispeckham.co.uk?utm_source=snobe-co-uk&utm_medium=school-profile&utm_campaign=organic,2026-03-19,36.7,20.9,22.0,22.0,36.7,22.0,22.0,83.0,9.0,59,,,Southwark,True
https://snobe.co.uk/schools/st-francis-rc-primary-school,100826,St Francis RC Primary School,Southwark,Friary Road,London,SE15 1RQ,Primary,Roman Catholic,22.0,122,22.0,57.894737,214,51.480031,-0.067051,St Francis RC Primary School,22.0,A,Ofsted Good,http://www.stfrancispeckham.co.uk?utm_source=snobe-co-uk&utm_medium=school-profile&utm_campaign=organic,2026-03-19,36.7,20.9,22.0,22.0,36.7,22.0,22.0,83.0,9.0,57,,,Southwark,True
https://snobe.co.uk/schools/st-georges-cathedral-catholic-primary-school,100828,St George's Cathedral Catholic Primary School,Southwark,28 Lambeth Road,London,SE1 6HR,Primary,Roman Catholic,17.0,46,16.0,34.782609,271,51.497775,-0.106843,St George's Cathedral Catholic Primary School,17.0,A,Ofsted Good,http://www.stgcs.southwark.sch.uk?utm_source=snobe-co-uk&utm_medium=school-profile&utm_campaign=organic,2026-03-19,28.3,16.15,16.0,16.0,28.3,17.0,16.0,83.0,9.0,17,,,Southwark,True
https://snobe.co.uk/schools/st-georges-cathedral-catholic-primary-school,100828,St George's Cathedral Catholic Primary School,Southwark,28 Lambeth Road,London,SE1 6HR,Primary,Roman Catholic,17.0,33,16.0,34.782609,660,51.497775,-0.106843,St George's Cathedral Catholic Primary School,17.0,A,Ofsted Good,http://www.stgcs.southwark.sch.uk?utm_source=snobe-co-uk&utm_medium=school-profile&utm_campaign=organic,2026-03-19,28.3,16.15,16.0,16.0,28.3,17.0,16.0,83.0,9.0,5,,,Southwark,True
https://snobe.co.uk/schools/st-georges-cathedral-catholic-primary-school,100828,St George's Cathedral Catholic Primary School,Southwark,28 Lambeth Road,London,SE1 6HR,Primary,Roman Catholic,17.0,34,16.0,34.782609,340,51.497775,-0.106843,St George's Cathedral Catholic Primary School,17.0,A,Ofsted Good,http://www.stgcs.southwark.sch.uk?utm_source=snobe-co-uk&utm_medium=school-profile&utm_campaign=organic,2026-03-19,28.3,16.15,16.0,16.0,28.3,17.0,16.0,83.0,9.0,10,,,Southwark,True
https://snobe.co.uk/schools/st-georges-cathedral-catholic-primary-school,100828,St George's Cathedral Catholic Primary School,Southwark,28 Lambeth Road,London,SE1 6HR,Primary,Roman Catholic,17.0,35,16.0,34.782609,269,51.497775,-0.106843,St George's Cathedral Catholic Primary School,17.0,A,Ofsted Good,http://www.stgcs.southwark.sch.uk?utm_source=snobe-co-uk&utm_medium=school-profile&utm_campaign=organic,2026-03-19,28.3,16.15,16.0,16.0,28.3,17.0,16.0,83.0,9.0,13,,,Southwark,True
https://snobe.co.uk/schools/st-georges-cathedral-catholic-primary-school,100828,St George's Cathedral Catholic Primary School,Southwark,28 Lambeth Road,London,SE1 6HR,Primary,Roman Catholic,17.0,34,16.0,34.782609,283,51.497775,-0.106843,St George's Cathedral Catholic Primary School,17.0,A,Ofsted Good,http://www.stgcs.southwark.sch.uk?utm_source=snobe-co-uk&utm_medium=school-profile&utm_campaign=organic,2026-03-19,28.3,16.15,16.0,16.0,28.3,17.0,16.0,83.0,9.0,12,,,Southwark,True
https://snobe.co.uk/schools/st-georges-cathedral-catholic-primary-school,100828,St George's Cathedral Catholic Primary School,Southwark,28 Lambeth Road,London,SE1 6HR,Primary,Roman Catholic,17.0,49,16.0,34.782609,288,51.497775,-0.106843,St George's Cathedral Catholic Primary School,17.0,A,Ofsted Good,http://www.stgcs.southwark.sch.uk?utm_source=snobe-co-uk&utm_medium=school-profile&utm_campaign=organic,2026-03-19,28.3,16.15,16.0,16.0,28.3,17.0,16.0,83.0,9.0,17,,,Southwark,True
https://snobe.co.uk/schools/st-georges-cathedral-catholic-primary-school,100828,St George's Cathedral Catholic Primary School,Southwark,28 Lambeth Road,London,SE1 6HR,Primary,Roman Catholic,17.0,57,16.0,34.782609,211,51.497775,-0.106843,St George's Cathedral Catholic Primary School,17.0,A,Ofsted Good,http://www.stgcs.southwark.sch.uk?utm_source=snobe-co-uk&utm_medium=school-profile&utm_campaign=organic,2026-03-19,28.3,16.15,16.0,16.0,28.3,17.0,16.0,83.0,9.0,27,,,Southwark,True
https://snobe.co.uk/schools/st-georges-cathedral-catholic-primary-school,100828,St George's Cathedral Catholic Primary School,Southwark,28 Lambeth Road,London,SE1 6HR,Primary,Roman Catholic,17.0,43,16.0,34.782609,391,51.497775,-0.106843,St George's Cathedral Catholic Primary School,17.0,A,Ofsted Good,http://www.stgcs.southwark.sch.uk?utm_source=snobe-co-uk&utm_medium=school-profile&utm_campaign=organic,2026-03-19,28.3,16.15,16.0,16.0,28.3,17.0,16.0,83.0,9.0,11,,,Southwark,True
https://snobe.co.uk/schools/st-georges-cathedral-catholic-primary-school,100828,St George's Cathedral Catholic Primary School,Southwark,28 Lambeth Road,London,SE1 6HR,Primary,Roman Catholic,17.0,64,16.0,34.782609,267,51.497775,-0.106843,St George's Cathedral Catholic Primary School,17.0,A,Ofsted Good,http://www.stgcs.southwark.sch.uk?utm_source=snobe-co-uk&utm_medium=school-profile&utm_campaign=organic,2026-03-19,28.3,16.15,16.0,16.0,28.3,17.0,16.0,83.0,9.0,24,,,Southwark,True
https://snobe.co.uk/schools/st-georges-cathedral-catholic-primary-school,100828,St George's Cathedral Catholic Primary School,Southwark,28 Lambeth Road,London,SE1 6HR,Primary,Roman Catholic,17.0,73,16.0,34.782609,252,51.497775,-0.106843,St George's Cathedral Catholic Primary School,17.0,A,Ofsted Good,http://www.stgcs.southwark.sch.uk?utm_source=snobe-co-uk&utm_medium=school-profile&utm_campaign=organic,2026-03-19,28.3,16.15,16.0,16.0,28.3,17.0,16.0,83.0,9.0,29,,,Southwark,True
https://snobe.co.uk/schools/st-georges-cathedral-catholic-primary-school,100828,St George's Cathedral Catholic Primary School,Southwark,28 Lambeth Road,London,SE1 6HR,Primary,Roman Catholic,17.0,99,16.0,34.782609,275,51.497775,-0.106843,St George's Cathedral Catholic Primary School,17.0,A,Ofsted Good,http://www.stgcs.southwark.sch.uk?utm_source=snobe-co-uk&utm_medium=school-profile&utm_campaign=organic,2026-03-19,28.3,16.15,16.0,16.0,28.3,17.0,16.0,83.0,9.0,36,,,Southwark,True
https://snobe.co.uk/schools/st-georges-cathedral-catholic-primary-school,100828,St George's Cathedral Catholic Primary School,Southwark,28 Lambeth Road,London,SE1 6HR,Primary,Roman Catholic,17.0,97,16.0,34.782609,277,51.497775,-0.106843,St George's Cathedral Catholic Primary School,17.0,A,Ofsted Good,http://www.stgcs.southwark.sch.uk?utm_source=snobe-co-uk&utm_medium=school-profile&utm_campaign=organic,2026-03-19,28.3,16.15,16.0,16.0,28.3,17.0,16.0,83.0,9.0,35,,,Southwark,True
https://snobe.co.uk/schools/st-james-great-roman-catholic-primary-school,100825,St James the Great Roman Catholic Primary School,Southwark,Peckham Road,London,SE15 5LP,Primary,Roman Catholic,17.0,37,16.0,43.243243,218,51.474356,-0.07308,St James the Great Roman Catholic Primary School,17.0,A+,Ofsted Good,http://www.stjamesthegreat.southwark.sch.uk?utm_source=snobe-co-uk&utm_medium=school-profile&utm_campaign=organic,2026-03-19,40.0,16.15,16.0,17.0,40.0,17.0,16.0,83.0,9.0,17,,,Southwark,True
https://snobe.co.uk/schools/st-james-great-roman-catholic-primary-school,100825,St James the Great Roman Catholic Primary School,Southwark,Peckham Road,London,SE15 5LP,Primary,Roman Catholic,17.0,50,16.0,43.243243,200,51.474356,-0.07308,St James the Great Roman Catholic Primary School,17.0,A+,Ofsted Good,http://www.stjamesthegreat.southwark.sch.uk?utm_source=snobe-co-uk&utm_medium=school-profile&utm_campaign=organic,2026-03-19,40.0,16.15,16.0,17.0,40.0,17.0,16.0,83.0,9.0,25,,,Southwark,True
https://snobe.co.uk/schools/st-james-great-roman-catholic-primary-school,100825,St James the Great Roman Catholic Primary School,Southwark,Peckham Road,London,SE15 5LP,Primary,Roman Catholic,17.0,73,16.0,43.243243,243,51.474356,-0.07308,St James the Great Roman Catholic Primary School,17.0,A+,Ofsted Good,http://www.stjamesthegreat.southwark.sch.uk?utm_source=snobe-co-uk&utm_medium=school-profile&utm_campaign=organic,2026-03-19,40.0,16.15,16.0,17.0,40.0,17.0,16.0,83.0,9.0,30,,,Southwark,True
https://snobe.co.uk/schools/st-james-great-roman-catholic-primary-school,100825,St James the Great Roman Catholic Primary School,Southwark,Peckham Road,London,SE15 5LP,Primary,Roman Catholic,17.0,73,16.0,43.243243,243,51.474356,-0.07308,St James the Great Roman Catholic Primary School,17.0,A+,Ofsted Good,http://www.stjamesthegreat.southwark.sch.uk?utm_source=snobe-co-uk&utm_medium=school-profile&utm_campaign=organic,2026-03-19,40.0,16.15,16.0,17.0,40.0,17.0,16.0,83.0,9.0,30,,,Southwark,True
https://snobe.co.uk/schools/st-james-great-roman-catholic-primary-school,100825,St James the Great Roman Catholic Primary School,Southwark,Peckham Road,London,SE15 5LP,Primary,Roman Catholic,17.0,76,16.0,43.243243,253,51.474356,-0.07308,St James the Great Roman Catholic Primary School,17.0,A+,Ofsted Good,http://www.stjamesthegreat.southwark.sch.uk?utm_source=snobe-co-uk&utm_medium=school-profile&utm_campaign=organic,2026-03-19,40.0,16.15,16.0,17.0,40.0,17.0,16.0,83.0,9.0,30,,,Southwark,True
https://snobe.co.uk/schools/st-james-great-roman-catholic-primary-school,100825,St James the Great Roman Catholic Primary School,Southwark,Peckham Road,London,SE15 5LP,Primary,Roman Catholic,17.0,77,16.0,43.243243,257,51.474356,-0.07308,St James the Great Roman Catholic Primary School,17.0,A+,Ofsted Good,http://www.stjamesthegreat.southwark.sch.uk?utm_source=snobe-co-uk&utm_medium=school-profile&utm_campaign=organic,2026-03-19,40.0,16.15,16.0,17.0,40.0,17.0,16.0,83.0,9.0,30,,,Southwark,True
https://snobe.co.uk/schools/st-james-great-roman-catholic-primary-school,100825,St James the Great Roman Catholic Primary School,Southwark,Peckham Road,London,SE15 5LP,Primary,Roman Catholic,17.0,84,16.0,43.243243,280,51.474356,-0.07308,St James the Great Roman Catholic Primary School,17.0,A+,Ofsted Good,http://www.stjamesthegreat.southwark.sch.uk?utm_source=snobe-co-uk&utm_medium=school-profile&utm_campaign=organic,2026-03-19,40.0,16.15,16.0,17.0,40.0,17.0,16.0,83.0,9.0,30,,,Southwark,True
https://snobe.co.uk/schools/st-james-great-roman-catholic-primary-school,100825,St James the Great Roman Catholic Primary School,Southwark,Peckham Road,London,SE15 5LP,Primary,Roman Catholic,17.0,102,16.0,43.243243,340,51.474356,-0.07308,St James the Great Roman Catholic Primary School,17.0,A+,Ofsted Good,http://www.stjamesthegreat.southwark.sch.uk?utm_source=snobe-co-uk&utm_medium=school-profile&utm_campaign=organic,2026-03-19,40.0,16.15,16.0,17.0,40.0,17.0,16.0,83.0,9.0,30,,,Southwark,True
https://snobe.co.uk/schools/st-james-great-roman-catholic-primary-school,100825,St James the Great Roman Catholic Primary School,Southwark,Peckham Road,London,SE15 5LP,Primary,Roman Catholic,17.0,93,16.0,43.243243,310,51.474356,-0.07308,St James the Great Roman Catholic Primary School,17.0,A+,Ofsted Good,http://www.stjamesthegreat.southwark.sch.uk?utm_source=snobe-co-uk&utm_medium=school-profile&utm_campaign=organic,2026-03-19,40.0,16.15,16.0,17.0,40.0,17.0,16.0,83.0,9.0,30,,,Southwark,True
https://snobe.co.uk/schools/st-james-great-roman-catholic-primary-school,100825,St James the Great Roman Catholic Primary School,Southwark,Peckham Road,London,SE15 5LP,Primary,Roman Catholic,17.0,121,16.0,43.243243,403,51.474356,-0.07308,St James the Great Roman Catholic Primary School,17.0,A+,Ofsted Good,http://www.stjamesthegreat.southwark.sch.uk?utm_source=snobe-co-uk&utm_medium=school-profile&utm_campaign=organic,2026-03-19,40.0,16.15,16.0,17.0,40.0,17.0,16.0,83.0,9.0,30,,,Southwark,True
https://snobe.co.uk/schools/st-james-great-roman-catholic-primary-school,100825,St James the Great Roman Catholic Primary School,Southwark,Peckham Road,London,SE15 5LP,Primary,Roman Catholic,17.0,125,16.0,43.243243,417,51.474356,-0.07308,St James the Great Roman Catholic Primary School,17.0,A+,Ofsted Good,http://www.stjamesthegreat.southwark.sch.uk?utm_source=snobe-co-uk&utm_medium=school-profile&utm_campaign=organic,2026-03-19,40.0,16.15,16.0,17.0,40.0,17.0,16.0,83.0,9.0,30,,,Southwark,True
https://snobe.co.uk/schools/st-james-great-roman-catholic-primary-school,100825,St James the Great Roman Catholic Primary School,Southwark,Peckham Road,London,SE15 5LP,Primary,Roman Catholic,17.0,114,16.0,43.243243,380,51.474356,-0.07308,St James the Great Roman Catholic Primary School,17.0,A+,Ofsted Good,http://www.stjamesthegreat.southwark.sch.uk?utm_source=snobe-co-uk&utm_medium=school-profile&utm_campaign=organic,2026-03-19,40.0,16.15,16.0,17.0,40.0,17.0,16.0,83.0,9.0,30,,,Southwark,True
https://snobe.co.uk/schools/st-johns-roman-catholic-primary-school,100841,St John's Roman Catholic Primary School,Southwark,St Elmo's Road,London,SE16 6SD,Primary,Roman Catholic,29.0,90,22.0,24.444444,310,51.500299,-0.041483,St John's Roman Catholic Primary School,29.0,A+,Ofsted Good,http://www.stjohnsrotherhithe.co.uk/?utm_source=snobe-co-uk&utm_medium=school-profile&utm_campaign=organic,2026-03-19,27.6,27.55,22.0,28.0,27.6,29.0,22.0,83.0,9.0,29,,,Southwark,True
https://snobe.co.uk/schools/st-johns-roman-catholic-primary-school,100841,St John's Roman Catholic Primary School,Southwark,St Elmo's Road,London,SE16 6SD,Primary,Roman Catholic,29.0,92,22.0,24.444444,307,51.500299,-0.041483,St John's Roman Catholic Primary School,29.0,A+,Ofsted Good,http://www.stjohnsrotherhithe.co.uk/?utm_source=snobe-co-uk&utm_medium=school-profile&utm_campaign=organic,2026-03-19,27.6,27.55,22.0,28.0,27.6,29.0,22.0,83.0,9.0,30,,,Southwark,True
https://snobe.co.uk/schools/st-johns-roman-catholic-primary-school,100841,St John's Roman Catholic Primary School,Southwark,St Elmo's Road,London,SE16 6SD,Primary,Roman Catholic,29.0,92,22.0,24.444444,307,51.500299,-0.041483,St John's Roman Catholic Primary School,29.0,A+,Ofsted Good,http://www.stjohnsrotherhithe.co.uk/?utm_source=snobe-co-uk&utm_medium=school-profile&utm_campaign=organic,2026-03-19,27.6,27.55,22.0,28.0,27.6,29.0,22.0,83.0,9.0,30,,,Southwark,True
https://snobe.co.uk/schools/st-johns-roman-catholic-primary-school,100841,St John's Roman Catholic Primary School,Southwark,St Elmo's Road,London,SE16 6SD,Primary,Roman Catholic,29.0,94,22.0,24.444444,313,51.500299,-0.041483,St John's Roman Catholic Primary School,29.0,A+,Ofsted Good,http://www.stjohnsrotherhithe.co.uk/?utm_source=snobe-co-uk&utm_medium=school-profile&utm_campaign=organic,2026-03-19,27.6,27.55,22.0,28.0,27.6,29.0,22.0,83.0,9.0,30,,,Southwark,True
https://snobe.co.uk/schools/st-johns-roman-catholic-primary-school,100841,St John's Roman Catholic Primary School,Southwark,St Elmo's Road,London,SE16 6SD,Primary,Roman Catholic,29.0,91,22.0,24.444444,303,51.500299,-0.041483,St John's Roman Catholic Primary School,29.0,A+,Ofsted Good,http://www.stjohnsrotherhithe.co.uk/?utm_source=snobe-co-uk&utm_medium=school-profile&utm_campaign=organic,2026-03-19,27.6,27.55,22.0,28.0,27.6,29.0,22.0,83.0,9.0,30,,,Southwark,True
https://snobe.co.uk/schools/st-johns-roman-catholic-primary-school,100841,St John's Roman Catholic Primary School,Southwark,St Elmo's Road,London,SE16 6SD,Primary,Roman Catholic,29.0,104,22.0,24.444444,347,51.500299,-0.041483,St John's Roman Catholic Primary School,29.0,A+,Ofsted Good,http://www.stjohnsrotherhithe.co.uk/?utm_source=snobe-co-uk&utm_medium=school-profile&utm_campaign=organic,2026-03-19,27.6,27.55,22.0,28.0,27.6,29.0,22.0,83.0,9.0,30,,,Southwark,True
https://snobe.co.uk/schools/st-johns-roman-catholic-primary-school,100841,St John's Roman Catholic Primary School,Southwark,St Elmo's Road,London,SE16 6SD,Primary,Roman Catholic,29.0,85,22.0,24.444444,283,51.500299,-0.041483,St John's Roman Catholic Primary School,29.0,A+,Ofsted Good,http://www.stjohnsrotherhithe.co.uk/?utm_source=snobe-co-uk&utm_medium=school-profile&utm_campaign=organic,2026-03-19,27.6,27.55,22.0,28.0,27.6,29.0,22.0,83.0,9.0,30,,,Southwark,True
https://snobe.co.uk/schools/st-johns-roman-catholic-primary-school,100841,St John's Roman Catholic Primary School,Southwark,St Elmo's Road,London,SE16 6SD,Primary,Roman Catholic,29.0,83,22.0,24.444444,277,51.500299,-0.041483,St John's Roman Catholic Primary School,29.0,A+,Ofsted Good,http://www.stjohnsrotherhithe.co.uk/?utm_source=snobe-co-uk&utm_medium=school-profile&utm_campaign=organic,2026-03-19,27.6,27.55,22.0,28.0,27.6,29.0,22.0,83.0,9.0,30,,,Southwark,True
https://snobe.co.uk/schools/st-johns-roman-catholic-primary-school,100841,St John's Roman Catholic Primary School,Southwark,St Elmo's Road,London,SE16 6SD,Primary,Roman Catholic,29.0,101,22.0,24.444444,337,51.500299,-0.041483,St John's Roman Catholic Primary School,29.0,A+,Ofsted Good,http://www.stjohnsrotherhithe.co.uk/?utm_source=snobe-co-uk&utm_medium=school-profile&utm_campaign=organic,2026-03-19,27.6,27.55,22.0,28.0,27.6,29.0,22.0,83.0,9.0,30,,,Southwark,True
https://snobe.co.uk/schools/st-johns-roman-catholic-primary-school,100841,St John's Roman Catholic Primary School,Southwark,St Elmo's Road,London,SE16 6SD,Primary,Roman Catholic,29.0,108,22.0,24.444444,360,51.500299,-0.041483,St John's Roman Catholic Primary School,29.0,A+,Ofsted Good,http://www.stjohnsrotherhithe.co.uk/?utm_source=snobe-co-uk&utm_medium=school-profile&utm_campaign=organic,2026-03-19,27.6,27.55,22.0,28.0,27.6,29.0,22.0,83.0,9.0,30,,,Southwark,True
https://snobe.co.uk/schools/st-johns-roman-catholic-primary-school,100841,St John's Roman Catholic Primary School,Southwark,St Elmo's Road,London,SE16 6SD,Primary,Roman Catholic,29.0,140,22.0,24.444444,467,51.500299,-0.041483,St John's Roman Catholic Primary School,29.0,A+,Ofsted Good,http://www.stjohnsrotherhithe.co.uk/?utm_source=snobe-co-uk&utm_medium=school-profile&utm_campaign=organic,2026-03-19,27.6,27.55,22.0,28.0,27.6,29.0,22.0,83.0,9.0,30,,,Southwark,True
https://snobe.co.uk/schools/st-johns-roman-catholic-primary-school,100841,St John's Roman Catholic Primary School,Southwark,St Elmo's Road,London,SE16 6SD,Primary,Roman Catholic,29.0,124,22.0,24.444444,428,51.500299,-0.041483,St John's Roman Catholic Primary School,29.0,A+,Ofsted Good,http://www.stjohnsrotherhithe.co.uk/?utm_source=snobe-co-uk&utm_medium=school-profile&utm_campaign=organic,2026-03-19,27.6,27.55,22.0,28.0,27.6,29.0,22.0,83.0,9.0,29,,,Southwark,True
https://snobe.co.uk/schools/st-josephs-catholic-infants-school,100854,St Joseph's Catholic Infants School,Southwark,Pitman Street,London,SE5 0TS,Primary,Roman Catholic,22.0,50,20.0,40.0,227,51.479503,-0.099693,St Joseph's Catholic Infants School,22.0,C,Ofsted Good,http://www.stjosephs.southwark.sch.uk/?utm_source=snobe-co-uk&utm_medium=school-profile&utm_campaign=organic,2026-03-19,26.9,20.9,20.0,21.0,26.9,22.0,20.0,83.0,9.0,22,,,Southwark,True
https://snobe.co.uk/schools/st-josephs-catholic-infants-school,100854,St Joseph's Catholic Infants School,Southwark,Pitman Street,London,SE5 0TS,Primary,Roman Catholic,22.0,41,20.0,40.0,205,51.479503,-0.099693,St Joseph's Catholic Infants School,22.0,C,Ofsted Good,http://www.stjosephs.southwark.sch.uk/?utm_source=snobe-co-uk&utm_medium=school-profile&utm_campaign=organic,2026-03-19,26.9,20.9,20.0,21.0,26.9,22.0,20.0,83.0,9.0,20,,,Southwark,True
https://snobe.co.uk/schools/st-josephs-catholic-infants-school,100854,St Joseph's Catholic Infants School,Southwark,Pitman Street,London,SE5 0TS,Primary,Roman Catholic,22.0,58,20.0,40.0,232,51.479503,-0.099693,St Joseph's Catholic Infants School,22.0,C,Ofsted Good,http://www.stjosephs.southwark.sch.uk/?utm_source=snobe-co-uk&utm_medium=school-profile&utm_campaign=organic,2026-03-19,26.9,20.9,20.0,21.0,26.9,22.0,20.0,83.0,9.0,25,,,Southwark,True
https://snobe.co.uk/schools/st-josephs-catholic-infants-school,100854,St Joseph's Catholic Infants School,Southwark,Pitman Street,London,SE5 0TS,Primary,Roman Catholic,22.0,57,20.0,40.0,228,51.479503,-0.099693,St Joseph's Catholic Infants School,22.0,C,Ofsted Good,http://www.stjosephs.southwark.sch.uk/?utm_source=snobe-co-uk&utm_medium=school-profile&utm_campaign=organic,2026-03-19,26.9,20.9,20.0,21.0,26.9,22.0,20.0,83.0,9.0,25,,,Southwark,True
https://snobe.co.uk/schools/st-josephs-catholic-infants-school,100854,St Joseph's Catholic Infants School,Southwark,Pitman Street,London,SE5 0TS,Primary,Roman Catholic,22.0,57,20.0,40.0,163,51.479503,-0.099693,St Joseph's Catholic Infants School,22.0,C,Ofsted Good,http://www.stjosephs.southwark.sch.uk/?utm_source=snobe-co-uk&utm_medium=school-profile&utm_campaign=organic,2026-03-19,26.9,20.9,20.0,21.0,26.9,22.0,20.0,83.0,9.0,35,,,Southwark,True
https://snobe.co.uk/schools/st-josephs-catholic-infants-school,100854,St Joseph's Catholic Infants School,Southwark,Pitman Street,London,SE5 0TS,Primary,Roman Catholic,22.0,52,20.0,40.0,168,51.479503,-0.099693,St Joseph's Catholic Infants School,22.0,C,Ofsted Good,http://www.stjosephs.southwark.sch.uk/?utm_source=snobe-co-uk&utm_medium=school-profile&utm_campaign=organic,2026-03-19,26.9,20.9,20.0,21.0,26.9,22.0,20.0,83.0,9.0,31,,,Southwark,True
https://snobe.co.uk/schools/st-josephs-catholic-infants-school,100854,St Joseph's Catholic Infants School,Southwark,Pitman Street,London,SE5 0TS,Primary,Roman Catholic,22.0,103,20.0,40.0,175,51.479503,-0.099693,St Joseph's Catholic Infants School,22.0,C,Ofsted Good,http://www.stjosephs.southwark.sch.uk/?utm_source=snobe-co-uk&utm_medium=school-profile&utm_campaign=organic,2026-03-19,26.9,20.9,20.0,21.0,26.9,22.0,20.0,83.0,9.0,59,,,Southwark,True
https://snobe.co.uk/schools/st-josephs-catholic-infants-school,100854,St Joseph's Catholic Infants School,Southwark,Pitman Street,London,SE5 0TS,Primary,Roman Catholic,22.0,71,20.0,40.0,203,51.479503,-0.099693,St Joseph's Catholic Infants School,22.0,C,Ofsted Good,http://www.stjosephs.southwark.sch.uk/?utm_source=snobe-co-uk&utm_medium=school-profile&utm_campaign=organic,2026-03-19,26.9,20.9,20.0,21.0,26.9,22.0,20.0,83.0,9.0,35,,,Southwark,True
https://snobe.co.uk/schools/st-josephs-catholic-infants-school,100854,St Joseph's Catholic Infants School,Southwark,Pitman Street,London,SE5 0TS,Primary,Roman Catholic,22.0,97,20.0,40.0,231,51.479503,-0.099693,St Joseph's Catholic Infants School,22.0,C,Ofsted Good,http://www.stjosephs.southwark.sch.uk/?utm_source=snobe-co-uk&utm_medium=school-profile&utm_campaign=organic,2026-03-19,26.9,20.9,20.0,21.0,26.9,22.0,20.0,83.0,9.0,42,,,Southwark,True
https://snobe.co.uk/schools/st-josephs-catholic-infants-school,100854,St Joseph's Catholic Infants School,Southwark,Pitman Street,London,SE5 0TS,Primary,Roman Catholic,22.0,70,20.0,40.0,189,51.479503,-0.099693,St Joseph's Catholic Infants School,22.0,C,Ofsted Good,http://www.stjosephs.southwark.sch.uk/?utm_source=snobe-co-uk&utm_medium=school-profile&utm_campaign=organic,2026-03-19,26.9,20.9,20.0,21.0,26.9,22.0,20.0,83.0,9.0,37,,,Southwark,True
https://snobe.co.uk/schools/st-josephs-catholic-infants-school,100854,St Joseph's Catholic Infants School,Southwark,Pitman Street,London,SE5 0TS,Primary,Roman Catholic,22.0,81,20.0,40.0,270,51.479503,-0.099693,St Joseph's Catholic Infants School,22.0,C,Ofsted Good,http://www.stjosephs.southwark.sch.uk/?utm_source=snobe-co-uk&utm_medium=school-profile&utm_campaign=organic,2026-03-19,26.9,20.9,20.0,21.0,26.9,22.0,20.0,83.0,9.0,30,,,Southwark,True
https://snobe.co.uk/schools/st-josephs-catholic-infants-school,100854,St Joseph's Catholic Infants School,Southwark,Pitman Street,London,SE5 0TS,Primary,Roman Catholic,22.0,101,20.0,40.0,180,51.479503,-0.099693,St Joseph's Catholic Infants School,22.0,C,Ofsted Good,http://www.stjosephs.southwark.sch.uk/?utm_source=snobe-co-uk&utm_medium=school-profile&utm_campaign=organic,2026-03-19,26.9,20.9,20.0,21.0,26.9,22.0,20.0,83.0,9.0,56,,,Southwark,True
https://snobe.co.uk/schools/st-josephs-catholic-junior-school,100853,St Joseph's Catholic Junior School,Southwark,Pitman Street,London,SE5 0TS,Primary,Roman Catholic,22.0,50,20.0,40.0,5000,51.479503,-0.099693,St Joseph's Catholic Junior School,210.0,A+,Ofsted Good,http://www.stjosephs.southwark.sch.uk?utm_source=snobe-co-uk&utm_medium=school-profile&utm_campaign=organic,2026-03-19,25.0,20.9,0.0,,,,,83.0,9.0,0,,,,True
https://snobe.co.uk/schools/st-josephs-roman-catholic-primary-school-0,100832,St Joseph's Roman Catholic Primary School,Southwark,George Row,London,SE16 4UP,Primary,Roman Catholic,25.0,128,23.0,47.916667,291,51.499025,-0.069316,St Joseph's Roman Catholic Primary School,44.0,A+,Ofsted Outstanding,http://www.stjosephsrc.co.uk/?utm_source=snobe-co-uk&utm_medium=school-profile&utm_campaign=organic,2026-03-19,22.4,23.75,40.0,44.0,22.4,44.0,40.0,83.0,9.0,44,,,Southwark,True
https://snobe.co.uk/schools/st-josephs-roman-catholic-primary-school-0,100832,St Joseph's Roman Catholic Primary School,Southwark,George Row,London,SE16 4UP,Primary,Roman Catholic,25.0,122,23.0,47.916667,271,51.499025,-0.069316,St Joseph's Roman Catholic Primary School,44.0,A+,Ofsted Outstanding,http://www.stjosephsrc.co.uk/?utm_source=snobe-co-uk&utm_medium=school-profile&utm_campaign=organic,2026-03-19,22.4,23.75,40.0,44.0,22.4,44.0,40.0,83.0,9.0,45,,,Southwark,True
https://snobe.co.uk/schools/st-josephs-roman-catholic-primary-school-0,100832,St Joseph's Roman Catholic Primary School,Southwark,George Row,London,SE16 4UP,Primary,Roman Catholic,25.0,137,23.0,47.916667,304,51.499025,-0.069316,St Joseph's Roman Catholic Primary School,44.0,A+,Ofsted Outstanding,http://www.stjosephsrc.co.uk/?utm_source=snobe-co-uk&utm_medium=school-profile&utm_campaign=organic,2026-03-19,22.4,23.75,40.0,44.0,22.4,44.0,40.0,83.0,9.0,45,,,Southwark,True
https://snobe.co.uk/schools/st-josephs-roman-catholic-primary-school-0,100832,St Joseph's Roman Catholic Primary School,Southwark,George Row,London,SE16 4UP,Primary,Roman Catholic,25.0,146,23.0,47.916667,324,51.499025,-0.069316,St Joseph's Roman Catholic Primary School,44.0,A+,Ofsted Outstanding,http://www.stjosephsrc.co.uk/?utm_source=snobe-co-uk&utm_medium=school-profile&utm_campaign=organic,2026-03-19,22.4,23.75,40.0,44.0,22.4,44.0,40.0,83.0,9.0,45,,,Southwark,True
https://snobe.co.uk/schools/st-josephs-roman-catholic-primary-school-0,100832,St Joseph's Roman Catholic Primary School,Southwark,George Row,London,SE16 4UP,Primary,Roman Catholic,25.0,154,23.0,47.916667,342,51.499025,-0.069316,St Joseph's Roman Catholic Primary School,44.0,A+,Ofsted Outstanding,http://www.stjosephsrc.co.uk/?utm_source=snobe-co-uk&utm_medium=school-profile&utm_campaign=organic,2026-03-19,22.4,23.75,40.0,44.0,22.4,44.0,40.0,83.0,9.0,45,,,Southwark,True
https://snobe.co.uk/schools/st-josephs-roman-catholic-primary-school-0,100832,St Joseph's Roman Catholic Primary School,Southwark,George Row,London,SE16 4UP,Primary,Roman Catholic,25.0,148,23.0,47.916667,329,51.499025,-0.069316,St Joseph's Roman Catholic Primary School,44.0,A+,Ofsted Outstanding,http://www.stjosephsrc.co.uk/?utm_source=snobe-co-uk&utm_medium=school-profile&utm_campaign=organic,2026-03-19,22.4,23.75,40.0,44.0,22.4,44.0,40.0,83.0,9.0,45,,,Southwark,True
https://snobe.co.uk/schools/st-josephs-roman-catholic-primary-school-0,100832,St Joseph's Roman Catholic Primary School,Southwark,George Row,London,SE16 4UP,Primary,Roman Catholic,25.0,172,23.0,47.916667,382,51.499025,-0.069316,St Joseph's Roman Catholic Primary School,44.0,A+,Ofsted Outstanding,http://www.stjosephsrc.co.uk/?utm_source=snobe-co-uk&utm_medium=school-profile&utm_campaign=organic,2026-03-19,22.4,23.75,40.0,44.0,22.4,44.0,40.0,83.0,9.0,45,,,Southwark,True
https://snobe.co.uk/schools/st-josephs-roman-catholic-primary-school-0,100832,St Joseph's Roman Catholic Primary School,Southwark,George Row,London,SE16 4UP,Primary,Roman Catholic,25.0,166,23.0,47.916667,369,51.499025,-0.069316,St Joseph's Roman Catholic Primary School,44.0,A+,Ofsted Outstanding,http://www.stjosephsrc.co.uk/?utm_source=snobe-co-uk&utm_medium=school-profile&utm_campaign=organic,2026-03-19,22.4,23.75,40.0,44.0,22.4,44.0,40.0,83.0,9.0,45,,,Southwark,True
https://snobe.co.uk/schools/st-josephs-roman-catholic-primary-school-0,100832,St Joseph's Roman Catholic Primary School,Southwark,George Row,London,SE16 4UP,Primary,Roman Catholic,25.0,158,23.0,47.916667,359,51.499025,-0.069316,St Joseph's Roman Catholic Primary School,44.0,A+,Ofsted Outstanding,http://www.stjosephsrc.co.uk/?utm_source=snobe-co-uk&utm_medium=school-profile&utm_campaign=organic,2026-03-19,22.4,23.75,40.0,44.0,22.4,44.0,40.0,83.0,9.0,44,,,Southwark,True
https://snobe.co.uk/schools/st-thomas-apostle-college,100857,The St Thomas the Apostle College,Southwark,Hollydale Road,London,SE15 2EB,Secondary,Roman Catholic,150.0,379,108.0,28.496042,253,51.471233,-0.056581,The St Thomas the Apostle College,150.0,A+,Ofsted Outstanding,http://www.stac.uk.com/?utm_source=snobe-co-uk&utm_medium=school-profile&utm_campaign=organic,2026-03-19,38.7,142.5,108.0,150.0,38.7,150.0,108.0,83.0,9.0,150,,,Southwark,True
https://snobe.co.uk/schools/st-thomas-apostle-college,100857,The St Thomas the Apostle College,Southwark,Hollydale Road,London,SE15 2EB,Secondary,Roman Catholic,150.0,418,108.0,28.496042,279,51.471233,-0.056581,The St Thomas the Apostle College,150.0,A+,Ofsted Outstanding,http://www.stac.uk.com/?utm_source=snobe-co-uk&utm_medium=school-profile&utm_campaign=organic,2026-03-19,38.7,142.5,108.0,150.0,38.7,150.0,108.0,83.0,9.0,150,,,Southwark,True
https://snobe.co.uk/schools/st-thomas-apostle-college,100857,The St Thomas the Apostle College,Southwark,Hollydale Road,London,SE15 2EB,Secondary,Roman Catholic,150.0,448,108.0,28.496042,303,51.471233,-0.056581,The St Thomas the Apostle College,150.0,A+,Ofsted Outstanding,http://www.stac.uk.com/?utm_source=snobe-co-uk&utm_medium=school-profile&utm_campaign=organic,2026-03-19,38.7,142.5,108.0,150.0,38.7,150.0,108.0,83.0,9.0,148,,,Southwark,True
https://snobe.co.uk/schools/st-thomas-apostle-college,100857,The St Thomas the Apostle College,Southwark,Hollydale Road,London,SE15 2EB,Secondary,Roman Catholic,150.0,420,108.0,28.496042,288,51.471233,-0.056581,The St Thomas the Apostle College,150.0,A+,Ofsted Outstanding,http://www.stac.uk.com/?utm_source=snobe-co-uk&utm_medium=school-profile&utm_campaign=organic,2026-03-19,38.7,142.5,108.0,150.0,38.7,150.0,108.0,83.0,9.0,146,,,Southwark,True
https://snobe.co.uk/schools/st-thomas-apostle-college,100857,The St Thomas the Apostle College,Southwark,Hollydale Road,London,SE15 2EB,Secondary,Roman Catholic,150.0,459,108.0,28.496042,310,51.471233,-0.056581,The St Thomas the Apostle College,150.0,A+,Ofsted Outstanding,http://www.stac.uk.com/?utm_source=snobe-co-uk&utm_medium=school-profile&utm_campaign=organic,2026-03-19,38.7,142.5,108.0,150.0,38.7,150.0,108.0,83.0,9.0,148,,,Southwark,True
https://snobe.co.uk/schools/st-thomas-apostle-college,100857,The St Thomas the Apostle College,Southwark,Hollydale Road,London,SE15 2EB,Secondary,Roman Catholic,150.0,483,108.0,28.496042,326,51.471233,-0.056581,The St Thomas the Apostle College,150.0,A+,Ofsted Outstanding,http://www.stac.uk.com/?utm_source=snobe-co-uk&utm_medium=school-profile&utm_campaign=organic,2026-03-19,38.7,142.5,108.0,150.0,38.7,150.0,108.0,83.0,9.0,148,,,Southwark,True
https://snobe.co.uk/schools/st-thomas-apostle-college,100857,The St Thomas the Apostle College,Southwark,Hollydale Road,London,SE15 2EB,Secondary,Roman Catholic,150.0,487,108.0,28.496042,323,51.471233,-0.056581,The St Thomas the Apostle College,150.0,A+,Ofsted Outstanding,http://www.stac.uk.com/?utm_source=snobe-co-uk&utm_medium=school-profile&utm_campaign=organic,2026-03-19,38.7,142.5,108.0,150.0,38.7,150.0,108.0,83.0,9.0,151,,,Southwark,True
https://snobe.co.uk/schools/st-thomas-apostle-college,100857,The St Thomas the Apostle College,Southwark,Hollydale Road,London,SE15 2EB,Secondary,Roman Catholic,150.0,528,108.0,28.496042,347,51.471233,-0.056581,The St Thomas the Apostle College,150.0,A+,Ofsted Outstanding,http://www.stac.uk.com/?utm_source=snobe-co-uk&utm_medium=school-profile&utm_campaign=organic,2026-03-19,38.7,142.5,108.0,150.0,38.7,150.0,108.0,83.0,9.0,152,,,Southwark,True
https://snobe.co.uk/schools/st-thomas-apostle-college,100857,The St Thomas the Apostle College,Southwark,Hollydale Road,London,SE15 2EB,Secondary,Roman Catholic,150.0,360,108.0,28.496042,238,51.471233,-0.056581,The St Thomas the Apostle College,150.0,A+,Ofsted Outstanding,http://www.stac.uk.com/?utm_source=snobe-co-uk&utm_medium=school-profile&utm_campaign=organic,2026-03-19,38.7,142.5,108.0,150.0,38.7,150.0,108.0,83.0,9.0,151,,,Southwark,True
https://snobe.co.uk/schools/st-thomas-apostle-college,100857,The St Thomas the Apostle College,Southwark,Hollydale Road,London,SE15 2EB,Secondary,Roman Catholic,150.0,295,108.0,28.496042,198,51.471233,-0.056581,The St Thomas the Apostle College,150.0,A+,Ofsted Outstanding,http://www.stac.uk.com/?utm_source=snobe-co-uk&utm_medium=school-profile&utm_campaign=organic,2026-03-19,38.7,142.5,108.0,150.0,38.7,150.0,108.0,83.0,9.0,149,,,Southwark,True
https://snobe.co.uk/schools/st-thomas-apostle-college,100857,The St Thomas the Apostle College,Southwark,Hollydale Road,London,SE15 2EB,Secondary,Roman Catholic,150.0,224,108.0,28.496042,202,51.471233,-0.056581,The St Thomas the Apostle College,150.0,A+,Ofsted Outstanding,http://www.stac.uk.com/?utm_source=snobe-co-uk&utm_medium=school-profile&utm_campaign=organic,2026-03-19,38.7,142.5,108.0,150.0,38.7,150.0,108.0,83.0,9.0,111,,,Southwark,True
https://snobe.co.uk/schools/st-thomas-apostle-college,100857,The St Thomas the Apostle College,Southwark,Hollydale Road,London,SE15 2EB,Secondary,Roman Catholic,150.0,209,108.0,28.496042,275,51.471233,-0.056581,The St Thomas the Apostle College,150.0,A+,Ofsted Outstanding,http://www.stac.uk.com/?utm_source=snobe-co-uk&utm_medium=school-profile&utm_campaign=organic,2026-03-19,38.7,142.5,108.0,150.0,38.7,150.0,108.0,83.0,9.0,76,,,Southwark,True
https://snobe.co.uk/schools/st-cecilias-catholic-primary-school,102993,St Cecilia's Catholic Primary School,Sutton,London Road,Sutton,SM3 9DL,Primary,Roman Catholic,59.0,173,59.0,34.104046,293,51.376892,-0.222161,St Cecilia's Catholic Primary School,59.0,A-,Ofsted Outstanding,http://www.stcecilias.school?utm_source=snobe-co-uk&utm_medium=school-profile&utm_campaign=organic,2026-03-19,5.1,56.05,59.0,59.0,5.1,59.0,59.0,45.0,3.0,59,,,Sutton,True
https://snobe.co.uk/schools/st-cecilias-catholic-primary-school,102993,St Cecilia's Catholic Primary School,Sutton,London Road,Sutton,SM3 9DL,Primary,Roman Catholic,59.0,179,59.0,34.104046,298,51.376892,-0.222161,St Cecilia's Catholic Primary School,59.0,A-,Ofsted Outstanding,http://www.stcecilias.school?utm_source=snobe-co-uk&utm_medium=school-profile&utm_campaign=organic,2026-03-19,5.1,56.05,59.0,59.0,5.1,59.0,59.0,45.0,3.0,60,,,Sutton,True
https://snobe.co.uk/schools/st-cecilias-catholic-primary-school,102993,St Cecilia's Catholic Primary School,Sutton,London Road,Sutton,SM3 9DL,Primary,Roman Catholic,59.0,155,59.0,34.104046,344,51.376892,-0.222161,St Cecilia's Catholic Primary School,59.0,A-,Ofsted Outstanding,http://www.stcecilias.school?utm_source=snobe-co-uk&utm_medium=school-profile&utm_campaign=organic,2026-03-19,5.1,56.05,59.0,59.0,5.1,59.0,59.0,45.0,3.0,45,,,Sutton,True
https://snobe.co.uk/schools/st-cecilias-catholic-primary-school,102993,St Cecilia's Catholic Primary School,Sutton,London Road,Sutton,SM3 9DL,Primary,Roman Catholic,59.0,178,59.0,34.104046,297,51.376892,-0.222161,St Cecilia's Catholic Primary School,59.0,A-,Ofsted Outstanding,http://www.stcecilias.school?utm_source=snobe-co-uk&utm_medium=school-profile&utm_campaign=organic,2026-03-19,5.1,56.05,59.0,59.0,5.1,59.0,59.0,45.0,3.0,60,,,Sutton,True
https://snobe.co.uk/schools/st-cecilias-catholic-primary-school,102993,St Cecilia's Catholic Primary School,Sutton,London Road,Sutton,SM3 9DL,Primary,Roman Catholic,59.0,156,59.0,34.104046,260,51.376892,-0.222161,St Cecilia's Catholic Primary School,59.0,A-,Ofsted Outstanding,http://www.stcecilias.school?utm_source=snobe-co-uk&utm_medium=school-profile&utm_campaign=organic,2026-03-19,5.1,56.05,59.0,59.0,5.1,59.0,59.0,45.0,3.0,60,,,Sutton,True
https://snobe.co.uk/schools/st-cecilias-catholic-primary-school,102993,St Cecilia's Catholic Primary School,Sutton,London Road,Sutton,SM3 9DL,Primary,Roman Catholic,59.0,170,59.0,34.104046,283,51.376892,-0.222161,St Cecilia's Catholic Primary School,59.0,A-,Ofsted Outstanding,http://www.stcecilias.school?utm_source=snobe-co-uk&utm_medium=school-profile&utm_campaign=organic,2026-03-19,5.1,56.05,59.0,59.0,5.1,59.0,59.0,45.0,3.0,60,,,Sutton,True
https://snobe.co.uk/schools/st-cecilias-catholic-primary-school,102993,St Cecilia's Catholic Primary School,Sutton,London Road,Sutton,SM3 9DL,Primary,Roman Catholic,59.0,202,59.0,34.104046,337,51.376892,-0.222161,St Cecilia's Catholic Primary School,59.0,A-,Ofsted Outstanding,http://www.stcecilias.school?utm_source=snobe-co-uk&utm_medium=school-profile&utm_campaign=organic,2026-03-19,5.1,56.05,59.0,59.0,5.1,59.0,59.0,45.0,3.0,60,,,Sutton,True
https://snobe.co.uk/schools/st-cecilias-catholic-primary-school,102993,St Cecilia's Catholic Primary School,Sutton,London Road,Sutton,SM3 9DL,Primary,Roman Catholic,59.0,157,59.0,34.104046,266,51.376892,-0.222161,St Cecilia's Catholic Primary School,59.0,A-,Ofsted Outstanding,http://www.stcecilias.school?utm_source=snobe-co-uk&utm_medium=school-profile&utm_campaign=organic,2026-03-19,5.1,56.05,59.0,59.0,5.1,59.0,59.0,45.0,3.0,59,,,Sutton,True
https://snobe.co.uk/schools/st-cecilias-catholic-primary-school,102993,St Cecilia's Catholic Primary School,Sutton,London Road,Sutton,SM3 9DL,Primary,Roman Catholic,59.0,168,59.0,34.104046,280,51.376892,-0.222161,St Cecilia's Catholic Primary School,59.0,A-,Ofsted Outstanding,http://www.stcecilias.school?utm_source=snobe-co-uk&utm_medium=school-profile&utm_campaign=organic,2026-03-19,5.1,56.05,59.0,59.0,5.1,59.0,59.0,45.0,3.0,60,,,Sutton,True
https://snobe.co.uk/schools/st-cecilias-catholic-primary-school,102993,St Cecilia's Catholic Primary School,Sutton,London Road,Sutton,SM3 9DL,Primary,Roman Catholic,59.0,175,59.0,34.104046,292,51.376892,-0.222161,St Cecilia's Catholic Primary School,59.0,A-,Ofsted Outstanding,http://www.stcecilias.school?utm_source=snobe-co-uk&utm_medium=school-profile&utm_campaign=organic,2026-03-19,5.1,56.05,59.0,59.0,5.1,59.0,59.0,45.0,3.0,60,,,Sutton,True
https://snobe.co.uk/schools/st-cecilias-catholic-primary-school,102993,St Cecilia's Catholic Primary School,Sutton,London Road,Sutton,SM3 9DL,Primary,Roman Catholic,59.0,161,59.0,34.104046,268,51.376892,-0.222161,St Cecilia's Catholic Primary School,59.0,A-,Ofsted Outstanding,http://www.stcecilias.school?utm_source=snobe-co-uk&utm_medium=school-profile&utm_campaign=organic,2026-03-19,5.1,56.05,59.0,59.0,5.1,59.0,59.0,45.0,3.0,60,,,Sutton,True
https://snobe.co.uk/schools/st-cecilias-catholic-primary-school,102993,St Cecilia's Catholic Primary School,Sutton,London Road,Sutton,SM3 9DL,Primary,Roman Catholic,59.0,177,59.0,34.104046,305,51.376892,-0.222161,St Cecilia's Catholic Primary School,59.0,A-,Ofsted Outstanding,http://www.stcecilias.school?utm_source=snobe-co-uk&utm_medium=school-profile&utm_campaign=organic,2026-03-19,5.1,56.05,59.0,59.0,5.1,59.0,59.0,45.0,3.0,58,,,Sutton,True
https://snobe.co.uk/schools/st-elpheges-rc-infants-school,102997,St Elphege's RC Infants' School,Sutton,Mollison Drive,Wallington,SM6 9HY,Primary,Roman Catholic,88.0,166,82.0,49.39759,189,51.356136,-0.127927,St Elphege's RC Infants' School,88.0,C,Ofsted Outstanding,http://www.stelphegesrcschool.org.uk?utm_source=snobe-co-uk&utm_medium=school-profile&utm_campaign=organic,2026-03-19,15.4,83.6,82.0,88.0,15.4,88.0,82.0,45.0,3.0,88,,,Sutton,True
https://snobe.co.uk/schools/st-elpheges-rc-infants-school,102997,St Elphege's RC Infants' School,Sutton,Mollison Drive,Wallington,SM6 9HY,Primary,Roman Catholic,88.0,153,82.0,49.39759,174,51.356136,-0.127927,St Elphege's RC Infants' School,88.0,C,Ofsted Outstanding,http://www.stelphegesrcschool.org.uk?utm_source=snobe-co-uk&utm_medium=school-profile&utm_campaign=organic,2026-03-19,15.4,83.6,82.0,88.0,15.4,88.0,82.0,45.0,3.0,88,,,Sutton,True
https://snobe.co.uk/schools/st-elpheges-rc-infants-school,102997,St Elphege's RC Infants' School,Sutton,Mollison Drive,Wallington,SM6 9HY,Primary,Roman Catholic,88.0,142,82.0,49.39759,167,51.356136,-0.127927,St Elphege's RC Infants' School,88.0,C,Ofsted Outstanding,http://www.stelphegesrcschool.org.uk?utm_source=snobe-co-uk&utm_medium=school-profile&utm_campaign=organic,2026-03-19,15.4,83.6,82.0,88.0,15.4,88.0,82.0,45.0,3.0,85,,,Sutton,True
https://snobe.co.uk/schools/st-elpheges-rc-infants-school,102997,St Elphege's RC Infants' School,Sutton,Mollison Drive,Wallington,SM6 9HY,Primary,Roman Catholic,88.0,145,82.0,49.39759,165,51.356136,-0.127927,St Elphege's RC Infants' School,88.0,C,Ofsted Outstanding,http://www.stelphegesrcschool.org.uk?utm_source=snobe-co-uk&utm_medium=school-profile&utm_campaign=organic,2026-03-19,15.4,83.6,82.0,88.0,15.4,88.0,82.0,45.0,3.0,88,,,Sutton,True
https://snobe.co.uk/schools/st-elpheges-rc-infants-school,102997,St Elphege's RC Infants' School,Sutton,Mollison Drive,Wallington,SM6 9HY,Primary,Roman Catholic,88.0,174,82.0,49.39759,193,51.356136,-0.127927,St Elphege's RC Infants' School,88.0,C,Ofsted Outstanding,http://www.stelphegesrcschool.org.uk?utm_source=snobe-co-uk&utm_medium=school-profile&utm_campaign=organic,2026-03-19,15.4,83.6,82.0,88.0,15.4,88.0,82.0,45.0,3.0,90,,,Sutton,True
https://snobe.co.uk/schools/st-elpheges-rc-infants-school,102997,St Elphege's RC Infants' School,Sutton,Mollison Drive,Wallington,SM6 9HY,Primary,Roman Catholic,88.0,148,82.0,49.39759,168,51.356136,-0.127927,St Elphege's RC Infants' School,88.0,C,Ofsted Outstanding,http://www.stelphegesrcschool.org.uk?utm_source=snobe-co-uk&utm_medium=school-profile&utm_campaign=organic,2026-03-19,15.4,83.6,82.0,88.0,15.4,88.0,82.0,45.0,3.0,88,,,Sutton,True
https://snobe.co.uk/schools/st-elpheges-rc-infants-school,102997,St Elphege's RC Infants' School,Sutton,Mollison Drive,Wallington,SM6 9HY,Primary,Roman Catholic,88.0,163,82.0,49.39759,181,51.356136,-0.127927,St Elphege's RC Infants' School,88.0,C,Ofsted Outstanding,http://www.stelphegesrcschool.org.uk?utm_source=snobe-co-uk&utm_medium=school-profile&utm_campaign=organic,2026-03-19,15.4,83.6,82.0,88.0,15.4,88.0,82.0,45.0,3.0,90,,,Sutton,True
https://snobe.co.uk/schools/st-elpheges-rc-infants-school,102997,St Elphege's RC Infants' School,Sutton,Mollison Drive,Wallington,SM6 9HY,Primary,Roman Catholic,88.0,138,82.0,49.39759,179,51.356136,-0.127927,St Elphege's RC Infants' School,88.0,C,Ofsted Outstanding,http://www.stelphegesrcschool.org.uk?utm_source=snobe-co-uk&utm_medium=school-profile&utm_campaign=organic,2026-03-19,15.4,83.6,82.0,88.0,15.4,88.0,82.0,45.0,3.0,77,,,Sutton,True
https://snobe.co.uk/schools/st-elpheges-rc-infants-school,102997,St Elphege's RC Infants' School,Sutton,Mollison Drive,Wallington,SM6 9HY,Primary,Roman Catholic,88.0,126,82.0,49.39759,145,51.356136,-0.127927,St Elphege's RC Infants' School,88.0,C,Ofsted Outstanding,http://www.stelphegesrcschool.org.uk?utm_source=snobe-co-uk&utm_medium=school-profile&utm_campaign=organic,2026-03-19,15.4,83.6,82.0,88.0,15.4,88.0,82.0,45.0,3.0,87,,,Sutton,True
https://snobe.co.uk/schools/st-elpheges-rc-infants-school,102997,St Elphege's RC Infants' School,Sutton,Mollison Drive,Wallington,SM6 9HY,Primary,Roman Catholic,88.0,145,82.0,49.39759,161,51.356136,-0.127927,St Elphege's RC Infants' School,88.0,C,Ofsted Outstanding,http://www.stelphegesrcschool.org.uk?utm_source=snobe-co-uk&utm_medium=school-profile&utm_campaign=organic,2026-03-19,15.4,83.6,82.0,88.0,15.4,88.0,82.0,45.0,3.0,90,,,Sutton,True
https://snobe.co.uk/schools/st-elpheges-rc-infants-school,102997,St Elphege's RC Infants' School,Sutton,Mollison Drive,Wallington,SM6 9HY,Primary,Roman Catholic,88.0,126,82.0,49.39759,148,51.356136,-0.127927,St Elphege's RC Infants' School,88.0,C,Ofsted Outstanding,http://www.stelphegesrcschool.org.uk?utm_source=snobe-co-uk&utm_medium=school-profile&utm_campaign=organic,2026-03-19,15.4,83.6,82.0,88.0,15.4,88.0,82.0,45.0,3.0,85,,,Sutton,True
https://snobe.co.uk/schools/st-elpheges-rc-infants-school,102997,St Elphege's RC Infants' School,Sutton,Mollison Drive,Wallington,SM6 9HY,Primary,Roman Catholic,88.0,140,82.0,49.39759,157,51.356136,-0.127927,St Elphege's RC Infants' School,88.0,C,Ofsted Outstanding,http://www.stelphegesrcschool.org.uk?utm_source=snobe-co-uk&utm_medium=school-profile&utm_campaign=organic,2026-03-19,15.4,83.6,82.0,88.0,15.4,88.0,82.0,45.0,3.0,89,,,Sutton,True
https://snobe.co.uk/schools/st-elpheges-rc-junior-school,102996,St Elphege's RC Junior School,Sutton,Mollison Drive,Wallington,SM6 9HY,Primary,Roman Catholic,88.0,166,82.0,49.39759,16600,51.356136,-0.127927,St Elphege's RC Junior School,210.0,A,Ofsted Outstanding,http://www.stelphegesrcschools.org.uk?utm_source=snobe-co-uk&utm_medium=school-profile&utm_campaign=organic,2026-03-19,25.0,83.6,0.0,,,,,45.0,3.0,0,,,,True
https://snobe.co.uk/schools/st-marys-rc-infants-school,102995,St Mary's RC Infants School,Sutton,West Street,Carshalton,SM5 2PT,Primary,Roman Catholic,83.0,201,78.0,38.80597,242,51.366453,-0.167343,St Mary's RC Infants School,83.0,C-,Ofsted Good,http://www.smcsc.org.uk?utm_source=snobe-co-uk&utm_medium=school-profile&utm_campaign=organic,2026-03-19,2.5,78.85,78.0,81.0,2.5,83.0,78.0,45.0,3.0,83,,,Sutton,True
https://snobe.co.uk/schools/st-marys-rc-infants-school,102995,St Mary's RC Infants School,Sutton,West Street,Carshalton,SM5 2PT,Primary,Roman Catholic,83.0,177,78.0,38.80597,246,51.366453,-0.167343,St Mary's RC Infants School,83.0,C-,Ofsted Good,http://www.smcsc.org.uk?utm_source=snobe-co-uk&utm_medium=school-profile&utm_campaign=organic,2026-03-19,2.5,78.85,78.0,81.0,2.5,83.0,78.0,45.0,3.0,72,,,Sutton,True
https://snobe.co.uk/schools/st-marys-rc-infants-school,102995,St Mary's RC Infants School,Sutton,West Street,Carshalton,SM5 2PT,Primary,Roman Catholic,83.0,215,78.0,38.80597,239,51.366453,-0.167343,St Mary's RC Infants School,83.0,C-,Ofsted Good,http://www.smcsc.org.uk?utm_source=snobe-co-uk&utm_medium=school-profile&utm_campaign=organic,2026-03-19,2.5,78.85,78.0,81.0,2.5,83.0,78.0,45.0,3.0,90,,,Sutton,True
https://snobe.co.uk/schools/st-marys-rc-infants-school,102995,St Mary's RC Infants School,Sutton,West Street,Carshalton,SM5 2PT,Primary,Roman Catholic,83.0,186,78.0,38.80597,230,51.366453,-0.167343,St Mary's RC Infants School,83.0,C-,Ofsted Good,http://www.smcsc.org.uk?utm_source=snobe-co-uk&utm_medium=school-profile&utm_campaign=organic,2026-03-19,2.5,78.85,78.0,81.0,2.5,83.0,78.0,45.0,3.0,81,,,Sutton,True
https://snobe.co.uk/schools/st-marys-rc-infants-school,102995,St Mary's RC Infants School,Sutton,West Street,Carshalton,SM5 2PT,Primary,Roman Catholic,83.0,178,78.0,38.80597,198,51.366453,-0.167343,St Mary's RC Infants School,83.0,C-,Ofsted Good,http://www.smcsc.org.uk?utm_source=snobe-co-uk&utm_medium=school-profile&utm_campaign=organic,2026-03-19,2.5,78.85,78.0,81.0,2.5,83.0,78.0,45.0,3.0,90,,,Sutton,True
https://snobe.co.uk/schools/st-marys-rc-infants-school,102995,St Mary's RC Infants School,Sutton,West Street,Carshalton,SM5 2PT,Primary,Roman Catholic,83.0,209,78.0,38.80597,232,51.366453,-0.167343,St Mary's RC Infants School,83.0,C-,Ofsted Good,http://www.smcsc.org.uk?utm_source=snobe-co-uk&utm_medium=school-profile&utm_campaign=organic,2026-03-19,2.5,78.85,78.0,81.0,2.5,83.0,78.0,45.0,3.0,90,,,Sutton,True
https://snobe.co.uk/schools/st-marys-rc-infants-school,102995,St Mary's RC Infants School,Sutton,West Street,Carshalton,SM5 2PT,Primary,Roman Catholic,83.0,206,78.0,38.80597,229,51.366453,-0.167343,St Mary's RC Infants School,83.0,C-,Ofsted Good,http://www.smcsc.org.uk?utm_source=snobe-co-uk&utm_medium=school-profile&utm_campaign=organic,2026-03-19,2.5,78.85,78.0,81.0,2.5,83.0,78.0,45.0,3.0,90,,,Sutton,True
https://snobe.co.uk/schools/st-marys-rc-infants-school,102995,St Mary's RC Infants School,Sutton,West Street,Carshalton,SM5 2PT,Primary,Roman Catholic,83.0,203,78.0,38.80597,226,51.366453,-0.167343,St Mary's RC Infants School,83.0,C-,Ofsted Good,http://www.smcsc.org.uk?utm_source=snobe-co-uk&utm_medium=school-profile&utm_campaign=organic,2026-03-19,2.5,78.85,78.0,81.0,2.5,83.0,78.0,45.0,3.0,90,,,Sutton,True
https://snobe.co.uk/schools/st-marys-rc-infants-school,102995,St Mary's RC Infants School,Sutton,West Street,Carshalton,SM5 2PT,Primary,Roman Catholic,83.0,227,78.0,38.80597,252,51.366453,-0.167343,St Mary's RC Infants School,83.0,C-,Ofsted Good,http://www.smcsc.org.uk?utm_source=snobe-co-uk&utm_medium=school-profile&utm_campaign=organic,2026-03-19,2.5,78.85,78.0,81.0,2.5,83.0,78.0,45.0,3.0,90,,,Sutton,True
https://snobe.co.uk/schools/st-marys-rc-infants-school,102995,St Mary's RC Infants School,Sutton,West Street,Carshalton,SM5 2PT,Primary,Roman Catholic,83.0,231,78.0,38.80597,257,51.366453,-0.167343,St Mary's RC Infants School,83.0,C-,Ofsted Good,http://www.smcsc.org.uk?utm_source=snobe-co-uk&utm_medium=school-profile&utm_campaign=organic,2026-03-19,2.5,78.85,78.0,81.0,2.5,83.0,78.0,45.0,3.0,90,,,Sutton,True
https://snobe.co.uk/schools/st-marys-rc-infants-school,102995,St Mary's RC Infants School,Sutton,West Street,Carshalton,SM5 2PT,Primary,Roman Catholic,83.0,222,78.0,38.80597,247,51.366453,-0.167343,St Mary's RC Infants School,83.0,C-,Ofsted Good,http://www.smcsc.org.uk?utm_source=snobe-co-uk&utm_medium=school-profile&utm_campaign=organic,2026-03-19,2.5,78.85,78.0,81.0,2.5,83.0,78.0,45.0,3.0,90,,,Sutton,True
https://snobe.co.uk/schools/st-marys-rc-infants-school,102995,St Mary's RC Infants School,Sutton,West Street,Carshalton,SM5 2PT,Primary,Roman Catholic,83.0,214,78.0,38.80597,238,51.366453,-0.167343,St Mary's RC Infants School,83.0,C-,Ofsted Good,http://www.smcsc.org.uk?utm_source=snobe-co-uk&utm_medium=school-profile&utm_campaign=organic,2026-03-19,2.5,78.85,78.0,81.0,2.5,83.0,78.0,45.0,3.0,90,,,Sutton,True
https://snobe.co.uk/schools/st-philomenas-catholic-high-school-girls,103013,St Philomena's Catholic High School for Girls,Sutton,Shorts Road,Carshalton,SM5 3PS,Secondary,Roman Catholic,230.0,752,186.0,24.734043,327,51.364278,-0.169742,St Philomena's Catholic High School for Girls,230.0,B-,Ofsted Good,http://www.stphils.org.uk?utm_source=snobe-co-uk&utm_medium=school-profile&utm_campaign=organic,2026-03-19,15.9,218.5,186.0,230.0,15.9,230.0,186.0,45.0,3.0,230,,,Sutton,True
https://snobe.co.uk/schools/st-philomenas-catholic-high-school-girls,103013,St Philomena's Catholic High School for Girls,Sutton,Shorts Road,Carshalton,SM5 3PS,Secondary,Roman Catholic,230.0,833,186.0,24.734043,344,51.364278,-0.169742,St Philomena's Catholic High School for Girls,230.0,B-,Ofsted Good,http://www.stphils.org.uk?utm_source=snobe-co-uk&utm_medium=school-profile&utm_campaign=organic,2026-03-19,15.9,218.5,186.0,230.0,15.9,230.0,186.0,45.0,3.0,242,,,Sutton,True
https://snobe.co.uk/schools/st-philomenas-catholic-high-school-girls,103013,St Philomena's Catholic High School for Girls,Sutton,Shorts Road,Carshalton,SM5 3PS,Secondary,Roman Catholic,230.0,836,186.0,24.734043,322,51.364278,-0.169742,St Philomena's Catholic High School for Girls,230.0,B-,Ofsted Good,http://www.stphils.org.uk?utm_source=snobe-co-uk&utm_medium=school-profile&utm_campaign=organic,2026-03-19,15.9,218.5,186.0,230.0,15.9,230.0,186.0,45.0,3.0,260,,,Sutton,True
https://snobe.co.uk/schools/st-philomenas-catholic-high-school-girls,103013,St Philomena's Catholic High School for Girls,Sutton,Shorts Road,Carshalton,SM5 3PS,Secondary,Roman Catholic,230.0,816,186.0,24.734043,332,51.364278,-0.169742,St Philomena's Catholic High School for Girls,230.0,B-,Ofsted Good,http://www.stphils.org.uk?utm_source=snobe-co-uk&utm_medium=school-profile&utm_campaign=organic,2026-03-19,15.9,218.5,186.0,230.0,15.9,230.0,186.0,45.0,3.0,246,,,Sutton,True
https://snobe.co.uk/schools/st-philomenas-catholic-high-school-girls,103013,St Philomena's Catholic High School for Girls,Sutton,Shorts Road,Carshalton,SM5 3PS,Secondary,Roman Catholic,230.0,807,186.0,24.734043,339,51.364278,-0.169742,St Philomena's Catholic High School for Girls,230.0,B-,Ofsted Good,http://www.stphils.org.uk?utm_source=snobe-co-uk&utm_medium=school-profile&utm_campaign=organic,2026-03-19,15.9,218.5,186.0,230.0,15.9,230.0,186.0,45.0,3.0,238,,,Sutton,True
https://snobe.co.uk/schools/st-philomenas-catholic-high-school-girls,103013,St Philomena's Catholic High School for Girls,Sutton,Shorts Road,Carshalton,SM5 3PS,Secondary,Roman Catholic,230.0,924,186.0,24.734043,388,51.364278,-0.169742,St Philomena's Catholic High School for Girls,230.0,B-,Ofsted Good,http://www.stphils.org.uk?utm_source=snobe-co-uk&utm_medium=school-profile&utm_campaign=organic,2026-03-19,15.9,218.5,186.0,230.0,15.9,230.0,186.0,45.0,3.0,238,,,Sutton,True
https://snobe.co.uk/schools/st-philomenas-catholic-high-school-girls,103013,St Philomena's Catholic High School for Girls,Sutton,Shorts Road,Carshalton,SM5 3PS,Secondary,Roman Catholic,230.0,843,186.0,24.734043,356,51.364278,-0.169742,St Philomena's Catholic High School for Girls,230.0,B-,Ofsted Good,http://www.stphils.org.uk?utm_source=snobe-co-uk&utm_medium=school-profile&utm_campaign=organic,2026-03-19,15.9,218.5,186.0,230.0,15.9,230.0,186.0,45.0,3.0,237,,,Sutton,True
https://snobe.co.uk/schools/st-philomenas-catholic-high-school-girls,103013,St Philomena's Catholic High School for Girls,Sutton,Shorts Road,Carshalton,SM5 3PS,Secondary,Roman Catholic,230.0,865,186.0,24.734043,356,51.364278,-0.169742,St Philomena's Catholic High School for Girls,230.0,B-,Ofsted Good,http://www.stphils.org.uk?utm_source=snobe-co-uk&utm_medium=school-profile&utm_campaign=organic,2026-03-19,15.9,218.5,186.0,230.0,15.9,230.0,186.0,45.0,3.0,243,,,Sutton,True
https://snobe.co.uk/schools/st-philomenas-catholic-high-school-girls,103013,St Philomena's Catholic High School for Girls,Sutton,Shorts Road,Carshalton,SM5 3PS,Secondary,Roman Catholic,230.0,836,186.0,24.734043,360,51.364278,-0.169742,St Philomena's Catholic High School for Girls,230.0,B-,Ofsted Good,http://www.stphils.org.uk?utm_source=snobe-co-uk&utm_medium=school-profile&utm_campaign=organic,2026-03-19,15.9,218.5,186.0,230.0,15.9,230.0,186.0,45.0,3.0,232,,,Sutton,True
https://snobe.co.uk/schools/st-philomenas-catholic-high-school-girls,103013,St Philomena's Catholic High School for Girls,Sutton,Shorts Road,Carshalton,SM5 3PS,Secondary,Roman Catholic,230.0,819,186.0,24.734043,356,51.364278,-0.169742,St Philomena's Catholic High School for Girls,230.0,B-,Ofsted Good,http://www.stphils.org.uk?utm_source=snobe-co-uk&utm_medium=school-profile&utm_campaign=organic,2026-03-19,15.9,218.5,186.0,230.0,15.9,230.0,186.0,45.0,3.0,230,,,Sutton,True
https://snobe.co.uk/schools/st-philomenas-catholic-high-school-girls,103013,St Philomena's Catholic High School for Girls,Sutton,Shorts Road,Carshalton,SM5 3PS,Secondary,Roman Catholic,230.0,835,186.0,24.734043,413,51.364278,-0.169742,St Philomena's Catholic High School for Girls,230.0,B-,Ofsted Good,http://www.stphils.org.uk?utm_source=snobe-co-uk&utm_medium=school-profile&utm_campaign=organic,2026-03-19,15.9,218.5,186.0,230.0,15.9,230.0,186.0,45.0,3.0,202,,,Sutton,True
https://snobe.co.uk/schools/st-philomenas-catholic-high-school-girls,103013,St Philomena's Catholic High School for Girls,Sutton,Shorts Road,Carshalton,SM5 3PS,Secondary,Roman Catholic,230.0,773,186.0,24.734043,381,51.364278,-0.169742,St Philomena's Catholic High School for Girls,230.0,B-,Ofsted Good,http://www.stphils.org.uk?utm_source=snobe-co-uk&utm_medium=school-profile&utm_campaign=organic,2026-03-19,15.9,218.5,186.0,230.0,15.9,230.0,186.0,45.0,3.0,203,,,Sutton,True
https://snobe.co.uk/schools/john-fisher-school,103009,The John Fisher School,Sutton,Peaks Hill,Purley,CR8 3YP,Secondary,Roman Catholic,178.0,464,132.0,28.448276,261,51.345097,-0.133833,The John Fisher School,178.0,B,Ofsted Good,http://www.johnfisherschool.org/?utm_source=snobe-co-uk&utm_medium=school-profile&utm_campaign=organic,2026-03-19,13.7,169.1,132.0,178.0,13.7,178.0,132.0,45.0,3.0,178,,,Sutton,True
https://snobe.co.uk/schools/john-fisher-school,103009,The John Fisher School,Sutton,Peaks Hill,Purley,CR8 3YP,Secondary,Roman Catholic,178.0,444,132.0,28.448276,254,51.345097,-0.133833,The John Fisher School,178.0,B,Ofsted Good,http://www.johnfisherschool.org/?utm_source=snobe-co-uk&utm_medium=school-profile&utm_campaign=organic,2026-03-19,13.7,169.1,132.0,178.0,13.7,178.0,132.0,45.0,3.0,175,,,Sutton,True
https://snobe.co.uk/schools/john-fisher-school,103009,The John Fisher School,Sutton,Peaks Hill,Purley,CR8 3YP,Secondary,Roman Catholic,178.0,406,132.0,28.448276,231,51.345097,-0.133833,The John Fisher School,178.0,B,Ofsted Good,http://www.johnfisherschool.org/?utm_source=snobe-co-uk&utm_medium=school-profile&utm_campaign=organic,2026-03-19,13.7,169.1,132.0,178.0,13.7,178.0,132.0,45.0,3.0,176,,,Sutton,True
https://snobe.co.uk/schools/john-fisher-school,103009,The John Fisher School,Sutton,Peaks Hill,Purley,CR8 3YP,Secondary,Roman Catholic,178.0,460,132.0,28.448276,261,51.345097,-0.133833,The John Fisher School,178.0,B,Ofsted Good,http://www.johnfisherschool.org/?utm_source=snobe-co-uk&utm_medium=school-profile&utm_campaign=organic,2026-03-19,13.7,169.1,132.0,178.0,13.7,178.0,132.0,45.0,3.0,176,,,Sutton,True
https://snobe.co.uk/schools/john-fisher-school,103009,The John Fisher School,Sutton,Peaks Hill,Purley,CR8 3YP,Secondary,Roman Catholic,178.0,482,132.0,28.448276,259,51.345097,-0.133833,The John Fisher School,178.0,B,Ofsted Good,http://www.johnfisherschool.org/?utm_source=snobe-co-uk&utm_medium=school-profile&utm_campaign=organic,2026-03-19,13.7,169.1,132.0,178.0,13.7,178.0,132.0,45.0,3.0,186,,,Sutton,True
https://snobe.co.uk/schools/john-fisher-school,103009,The John Fisher School,Sutton,Peaks Hill,Purley,CR8 3YP,Secondary,Roman Catholic,178.0,470,132.0,28.448276,255,51.345097,-0.133833,The John Fisher School,178.0,B,Ofsted Good,http://www.johnfisherschool.org/?utm_source=snobe-co-uk&utm_medium=school-profile&utm_campaign=organic,2026-03-19,13.7,169.1,132.0,178.0,13.7,178.0,132.0,45.0,3.0,184,,,Sutton,True
https://snobe.co.uk/schools/john-fisher-school,103009,The John Fisher School,Sutton,Peaks Hill,Purley,CR8 3YP,Secondary,Roman Catholic,178.0,489,132.0,28.448276,260,51.345097,-0.133833,The John Fisher School,178.0,B,Ofsted Good,http://www.johnfisherschool.org/?utm_source=snobe-co-uk&utm_medium=school-profile&utm_campaign=organic,2026-03-19,13.7,169.1,132.0,178.0,13.7,178.0,132.0,45.0,3.0,188,,,Sutton,True
https://snobe.co.uk/schools/john-fisher-school,103009,The John Fisher School,Sutton,Peaks Hill,Purley,CR8 3YP,Secondary,Roman Catholic,178.0,537,132.0,28.448276,287,51.345097,-0.133833,The John Fisher School,178.0,B,Ofsted Good,http://www.johnfisherschool.org/?utm_source=snobe-co-uk&utm_medium=school-profile&utm_campaign=organic,2026-03-19,13.7,169.1,132.0,178.0,13.7,178.0,132.0,45.0,3.0,187,,,Sutton,True
https://snobe.co.uk/schools/john-fisher-school,103009,The John Fisher School,Sutton,Peaks Hill,Purley,CR8 3YP,Secondary,Roman Catholic,178.0,466,132.0,28.448276,251,51.345097,-0.133833,The John Fisher School,178.0,B,Ofsted Good,http://www.johnfisherschool.org/?utm_source=snobe-co-uk&utm_medium=school-profile&utm_campaign=organic,2026-03-19,13.7,169.1,132.0,178.0,13.7,178.0,132.0,45.0,3.0,186,,,Sutton,True
https://snobe.co.uk/schools/john-fisher-school,103009,The John Fisher School,Sutton,Peaks Hill,Purley,CR8 3YP,Secondary,Roman Catholic,178.0,473,132.0,28.448276,253,51.345097,-0.133833,The John Fisher School,178.0,B,Ofsted Good,http://www.johnfisherschool.org/?utm_source=snobe-co-uk&utm_medium=school-profile&utm_campaign=organic,2026-03-19,13.7,169.1,132.0,178.0,13.7,178.0,132.0,45.0,3.0,187,,,Sutton,True
https://snobe.co.uk/schools/john-fisher-school,103009,The John Fisher School,Sutton,Peaks Hill,Purley,CR8 3YP,Secondary,Roman Catholic,178.0,488,132.0,28.448276,309,51.345097,-0.133833,The John Fisher School,178.0,B,Ofsted Good,http://www.johnfisherschool.org/?utm_source=snobe-co-uk&utm_medium=school-profile&utm_campaign=organic,2026-03-19,13.7,169.1,132.0,178.0,13.7,178.0,132.0,45.0,3.0,158,,,Sutton,True
https://snobe.co.uk/schools/john-fisher-school,103009,The John Fisher School,Sutton,Peaks Hill,Purley,CR8 3YP,Secondary,Roman Catholic,178.0,477,132.0,28.448276,304,51.345097,-0.133833,The John Fisher School,178.0,B,Ofsted Good,http://www.johnfisherschool.org/?utm_source=snobe-co-uk&utm_medium=school-profile&utm_campaign=organic,2026-03-19,13.7,169.1,132.0,178.0,13.7,178.0,132.0,45.0,3.0,157,,,Sutton,True
https://snobe.co.uk/schools/bishop-challoner-catholic-school,100978,Bishop Challoner Catholic School,Tower Hamlets,352 Commercial Road,London,E1 0LB,Secondary,Roman Catholic,120.0,279,67.0,30.875576,161,51.513566,-0.049749,Bishop Challoner Catholic School,173.0,B-,Ofsted Outstanding,http://www.bishopchallonerfederation.towerhamlets.sch.uk?utm_source=snobe-co-uk&utm_medium=school-profile&utm_campaign=organic,2026-03-19,39.0,114.0,100.0,138.0,39.0,173.0,100.0,78.0,10.0,173,,,Tower Hamlets,True
https://snobe.co.uk/schools/bishop-challoner-catholic-school,100978,Bishop Challoner Catholic School,Tower Hamlets,352 Commercial Road,London,E1 0LB,Secondary,Roman Catholic,120.0,150,67.0,30.875576,94,51.513566,-0.049749,Bishop Challoner Catholic School,173.0,B-,Ofsted Outstanding,http://www.bishopchallonerfederation.towerhamlets.sch.uk?utm_source=snobe-co-uk&utm_medium=school-profile&utm_campaign=organic,2026-03-19,39.0,114.0,100.0,138.0,39.0,173.0,100.0,78.0,10.0,159,,,Tower Hamlets,True
https://snobe.co.uk/schools/bishop-challoner-catholic-school,100978,Bishop Challoner Catholic School,Tower Hamlets,352 Commercial Road,London,E1 0LB,Secondary,Roman Catholic,120.0,186,67.0,30.875576,145,51.513566,-0.049749,Bishop Challoner Catholic School,173.0,B-,Ofsted Outstanding,http://www.bishopchallonerfederation.towerhamlets.sch.uk?utm_source=snobe-co-uk&utm_medium=school-profile&utm_campaign=organic,2026-03-19,39.0,114.0,100.0,138.0,39.0,173.0,100.0,78.0,10.0,128,,,Tower Hamlets,True
https://snobe.co.uk/schools/bishop-challoner-catholic-school,100978,Bishop Challoner Catholic School,Tower Hamlets,352 Commercial Road,London,E1 0LB,Secondary,Roman Catholic,120.0,226,67.0,30.875576,217,51.513566,-0.049749,Bishop Challoner Catholic School,173.0,B-,Ofsted Outstanding,http://www.bishopchallonerfederation.towerhamlets.sch.uk?utm_source=snobe-co-uk&utm_medium=school-profile&utm_campaign=organic,2026-03-19,39.0,114.0,100.0,138.0,39.0,173.0,100.0,78.0,10.0,104,,,Tower Hamlets,True
https://snobe.co.uk/schools/bishop-challoner-catholic-school,100978,Bishop Challoner Catholic School,Tower Hamlets,352 Commercial Road,London,E1 0LB,Secondary,Roman Catholic,120.0,240,67.0,30.875576,220,51.513566,-0.049749,Bishop Challoner Catholic School,173.0,B-,Ofsted Outstanding,http://www.bishopchallonerfederation.towerhamlets.sch.uk?utm_source=snobe-co-uk&utm_medium=school-profile&utm_campaign=organic,2026-03-19,39.0,114.0,100.0,138.0,39.0,173.0,100.0,78.0,10.0,109,,,Tower Hamlets,True
https://snobe.co.uk/schools/bishop-challoner-catholic-school,100978,Bishop Challoner Catholic School,Tower Hamlets,352 Commercial Road,London,E1 0LB,Secondary,Roman Catholic,120.0,238,67.0,30.875576,184,51.513566,-0.049749,Bishop Challoner Catholic School,173.0,B-,Ofsted Outstanding,http://www.bishopchallonerfederation.towerhamlets.sch.uk?utm_source=snobe-co-uk&utm_medium=school-profile&utm_campaign=organic,2026-03-19,39.0,114.0,100.0,138.0,39.0,173.0,100.0,78.0,10.0,129,,,Tower Hamlets,True
https://snobe.co.uk/schools/bishop-challoner-catholic-school,100978,Bishop Challoner Catholic School,Tower Hamlets,352 Commercial Road,London,E1 0LB,Secondary,Roman Catholic,120.0,244,67.0,30.875576,210,51.513566,-0.049749,Bishop Challoner Catholic School,173.0,B-,Ofsted Outstanding,http://www.bishopchallonerfederation.towerhamlets.sch.uk?utm_source=snobe-co-uk&utm_medium=school-profile&utm_campaign=organic,2026-03-19,39.0,114.0,100.0,138.0,39.0,173.0,100.0,78.0,10.0,116,,,Tower Hamlets,True
https://snobe.co.uk/schools/bishop-challoner-catholic-school,100978,Bishop Challoner Catholic School,Tower Hamlets,352 Commercial Road,London,E1 0LB,Secondary,Roman Catholic,120.0,282,67.0,30.875576,201,51.513566,-0.049749,Bishop Challoner Catholic School,173.0,B-,Ofsted Outstanding,http://www.bishopchallonerfederation.towerhamlets.sch.uk?utm_source=snobe-co-uk&utm_medium=school-profile&utm_campaign=organic,2026-03-19,39.0,114.0,100.0,138.0,39.0,173.0,100.0,78.0,10.0,140,,,Tower Hamlets,True
https://snobe.co.uk/schools/bishop-challoner-catholic-school,100978,Bishop Challoner Catholic School,Tower Hamlets,352 Commercial Road,London,E1 0LB,Secondary,Roman Catholic,120.0,263,67.0,30.875576,199,51.513566,-0.049749,Bishop Challoner Catholic School,173.0,B-,Ofsted Outstanding,http://www.bishopchallonerfederation.towerhamlets.sch.uk?utm_source=snobe-co-uk&utm_medium=school-profile&utm_campaign=organic,2026-03-19,39.0,114.0,100.0,138.0,39.0,173.0,100.0,78.0,10.0,132,,,Tower Hamlets,True
https://snobe.co.uk/schools/bishop-challoner-catholic-school,100978,Bishop Challoner Catholic School,Tower Hamlets,352 Commercial Road,London,E1 0LB,Secondary,Roman Catholic,120.0,287,67.0,30.875576,204,51.513566,-0.049749,Bishop Challoner Catholic School,173.0,B-,Ofsted Outstanding,http://www.bishopchallonerfederation.towerhamlets.sch.uk?utm_source=snobe-co-uk&utm_medium=school-profile&utm_campaign=organic,2026-03-19,39.0,114.0,100.0,138.0,39.0,173.0,100.0,78.0,10.0,141,,,Tower Hamlets,True
https://snobe.co.uk/schools/bishop-challoner-catholic-school,100978,Bishop Challoner Catholic School,Tower Hamlets,352 Commercial Road,London,E1 0LB,Secondary,Roman Catholic,120.0,245,67.0,30.875576,211,51.513566,-0.049749,Bishop Challoner Catholic School,173.0,B-,Ofsted Outstanding,http://www.bishopchallonerfederation.towerhamlets.sch.uk?utm_source=snobe-co-uk&utm_medium=school-profile&utm_campaign=organic,2026-03-19,39.0,114.0,100.0,138.0,39.0,173.0,100.0,78.0,10.0,116,,,Tower Hamlets,True
https://snobe.co.uk/schools/english-martyrs-roman-catholic-primary-school-0,100962,English Martyrs Roman Catholic Primary School,Tower Hamlets,St Mark Street,London,E1 8DJ,Primary,Roman Catholic,27.0,56,16.0,28.571429,207,51.512764,-0.070882,English Martyrs Roman Catholic Primary School,27.0,A+,Ofsted Good,http://www.englishmartyrs.towerhamlets.sch.uk?utm_source=snobe-co-uk&utm_medium=school-profile&utm_campaign=organic,2026-03-19,18.8,25.65,16.0,27.0,18.8,27.0,16.0,78.0,10.0,27,,,Tower Hamlets,True
https://snobe.co.uk/schools/english-martyrs-roman-catholic-primary-school-0,100962,English Martyrs Roman Catholic Primary School,Tower Hamlets,St Mark Street,London,E1 8DJ,Primary,Roman Catholic,27.0,62,16.0,28.571429,230,51.512764,-0.070882,English Martyrs Roman Catholic Primary School,27.0,A+,Ofsted Good,http://www.englishmartyrs.towerhamlets.sch.uk?utm_source=snobe-co-uk&utm_medium=school-profile&utm_campaign=organic,2026-03-19,18.8,25.65,16.0,27.0,18.8,27.0,16.0,78.0,10.0,27,,,Tower Hamlets,True
https://snobe.co.uk/schools/english-martyrs-roman-catholic-primary-school-0,100962,English Martyrs Roman Catholic Primary School,Tower Hamlets,St Mark Street,London,E1 8DJ,Primary,Roman Catholic,27.0,64,16.0,28.571429,213,51.512764,-0.070882,English Martyrs Roman Catholic Primary School,27.0,A+,Ofsted Good,http://www.englishmartyrs.towerhamlets.sch.uk?utm_source=snobe-co-uk&utm_medium=school-profile&utm_campaign=organic,2026-03-19,18.8,25.65,16.0,27.0,18.8,27.0,16.0,78.0,10.0,30,,,Tower Hamlets,True
https://snobe.co.uk/schools/english-martyrs-roman-catholic-primary-school-0,100962,English Martyrs Roman Catholic Primary School,Tower Hamlets,St Mark Street,London,E1 8DJ,Primary,Roman Catholic,27.0,60,16.0,28.571429,200,51.512764,-0.070882,English Martyrs Roman Catholic Primary School,27.0,A+,Ofsted Good,http://www.englishmartyrs.towerhamlets.sch.uk?utm_source=snobe-co-uk&utm_medium=school-profile&utm_campaign=organic,2026-03-19,18.8,25.65,16.0,27.0,18.8,27.0,16.0,78.0,10.0,30,,,Tower Hamlets,True
https://snobe.co.uk/schools/english-martyrs-roman-catholic-primary-school-0,100962,English Martyrs Roman Catholic Primary School,Tower Hamlets,St Mark Street,London,E1 8DJ,Primary,Roman Catholic,27.0,63,16.0,28.571429,217,51.512764,-0.070882,English Martyrs Roman Catholic Primary School,27.0,A+,Ofsted Good,http://www.englishmartyrs.towerhamlets.sch.uk?utm_source=snobe-co-uk&utm_medium=school-profile&utm_campaign=organic,2026-03-19,18.8,25.65,16.0,27.0,18.8,27.0,16.0,78.0,10.0,29,,,Tower Hamlets,True
https://snobe.co.uk/schools/english-martyrs-roman-catholic-primary-school-0,100962,English Martyrs Roman Catholic Primary School,Tower Hamlets,St Mark Street,London,E1 8DJ,Primary,Roman Catholic,27.0,71,16.0,28.571429,237,51.512764,-0.070882,English Martyrs Roman Catholic Primary School,27.0,A+,Ofsted Good,http://www.englishmartyrs.towerhamlets.sch.uk?utm_source=snobe-co-uk&utm_medium=school-profile&utm_campaign=organic,2026-03-19,18.8,25.65,16.0,27.0,18.8,27.0,16.0,78.0,10.0,30,,,Tower Hamlets,True
https://snobe.co.uk/schools/english-martyrs-roman-catholic-primary-school-0,100962,English Martyrs Roman Catholic Primary School,Tower Hamlets,St Mark Street,London,E1 8DJ,Primary,Roman Catholic,27.0,61,16.0,28.571429,226,51.512764,-0.070882,English Martyrs Roman Catholic Primary School,27.0,A+,Ofsted Good,http://www.englishmartyrs.towerhamlets.sch.uk?utm_source=snobe-co-uk&utm_medium=school-profile&utm_campaign=organic,2026-03-19,18.8,25.65,16.0,27.0,18.8,27.0,16.0,78.0,10.0,27,,,Tower Hamlets,True
https://snobe.co.uk/schools/english-martyrs-roman-catholic-primary-school-0,100962,English Martyrs Roman Catholic Primary School,Tower Hamlets,St Mark Street,London,E1 8DJ,Primary,Roman Catholic,27.0,89,16.0,28.571429,307,51.512764,-0.070882,English Martyrs Roman Catholic Primary School,27.0,A+,Ofsted Good,http://www.englishmartyrs.towerhamlets.sch.uk?utm_source=snobe-co-uk&utm_medium=school-profile&utm_campaign=organic,2026-03-19,18.8,25.65,16.0,27.0,18.8,27.0,16.0,78.0,10.0,29,,,Tower Hamlets,True
https://snobe.co.uk/schools/english-martyrs-roman-catholic-primary-school-0,100962,English Martyrs Roman Catholic Primary School,Tower Hamlets,St Mark Street,London,E1 8DJ,Primary,Roman Catholic,27.0,69,16.0,28.571429,230,51.512764,-0.070882,English Martyrs Roman Catholic Primary School,27.0,A+,Ofsted Good,http://www.englishmartyrs.towerhamlets.sch.uk?utm_source=snobe-co-uk&utm_medium=school-profile&utm_campaign=organic,2026-03-19,18.8,25.65,16.0,27.0,18.8,27.0,16.0,78.0,10.0,30,,,Tower Hamlets,True
https://snobe.co.uk/schools/english-martyrs-roman-catholic-primary-school-0,100962,English Martyrs Roman Catholic Primary School,Tower Hamlets,St Mark Street,London,E1 8DJ,Primary,Roman Catholic,27.0,86,16.0,28.571429,297,51.512764,-0.070882,English Martyrs Roman Catholic Primary School,27.0,A+,Ofsted Good,http://www.englishmartyrs.towerhamlets.sch.uk?utm_source=snobe-co-uk&utm_medium=school-profile&utm_campaign=organic,2026-03-19,18.8,25.65,16.0,27.0,18.8,27.0,16.0,78.0,10.0,29,,,Tower Hamlets,True
https://snobe.co.uk/schools/english-martyrs-roman-catholic-primary-school-0,100962,English Martyrs Roman Catholic Primary School,Tower Hamlets,St Mark Street,London,E1 8DJ,Primary,Roman Catholic,27.0,89,16.0,28.571429,307,51.512764,-0.070882,English Martyrs Roman Catholic Primary School,27.0,A+,Ofsted Good,http://www.englishmartyrs.towerhamlets.sch.uk?utm_source=snobe-co-uk&utm_medium=school-profile&utm_campaign=organic,2026-03-19,18.8,25.65,16.0,27.0,18.8,27.0,16.0,78.0,10.0,29,,,Tower Hamlets,True
https://snobe.co.uk/schools/english-martyrs-roman-catholic-primary-school-0,100962,English Martyrs Roman Catholic Primary School,Tower Hamlets,St Mark Street,London,E1 8DJ,Primary,Roman Catholic,27.0,105,16.0,28.571429,350,51.512764,-0.070882,English Martyrs Roman Catholic Primary School,27.0,A+,Ofsted Good,http://www.englishmartyrs.towerhamlets.sch.uk?utm_source=snobe-co-uk&utm_medium=school-profile&utm_campaign=organic,2026-03-19,18.8,25.65,16.0,27.0,18.8,27.0,16.0,78.0,10.0,30,,,Tower Hamlets,True
https://snobe.co.uk/schools/holy-family-catholic-school,100964,Holy Family Catholic School,Tower Hamlets,Wades Place,London,E14 0DE,Primary,Roman Catholic,0.0,0,0.0,92.2892392,0,51.510145,-0.019501,Holy Family Catholic School,210.0,B-,Ofsted Good,http://holyfamily.waltham.sch.uk/?utm_source=snobe-co-uk&utm_medium=school-profile&utm_campaign=organic,2026-03-19,25.0,0.0,0.0,,,,,78.0,10.0,0,,,,False
https://snobe.co.uk/schools/st-agnes-rc-primary-school,100949,St Agnes RC Primary School,Tower Hamlets,Rainhill Way,London,E3 3ER,Primary,Roman Catholic,30.0,62,30.0,48.387097,207,51.527343,-0.018653,St Agnes RC Primary School,30.0,A+,Ofsted Outstanding,https://www.st-agnes.towerhamlets.sch.uk/?utm_source=snobe-co-uk&utm_medium=school-profile&utm_campaign=organic,2026-03-19,32.5,28.5,30.0,30.0,32.5,30.0,30.0,78.0,10.0,30,,,Tower Hamlets,True
https://snobe.co.uk/schools/st-agnes-rc-primary-school,100949,St Agnes RC Primary School,Tower Hamlets,Rainhill Way,London,E3 3ER,Primary,Roman Catholic,30.0,56,30.0,48.387097,224,51.527343,-0.018653,St Agnes RC Primary School,30.0,A+,Ofsted Outstanding,https://www.st-agnes.towerhamlets.sch.uk/?utm_source=snobe-co-uk&utm_medium=school-profile&utm_campaign=organic,2026-03-19,32.5,28.5,30.0,30.0,32.5,30.0,30.0,78.0,10.0,25,,,Tower Hamlets,True
https://snobe.co.uk/schools/st-agnes-rc-primary-school,100949,St Agnes RC Primary School,Tower Hamlets,Rainhill Way,London,E3 3ER,Primary,Roman Catholic,30.0,63,30.0,48.387097,210,51.527343,-0.018653,St Agnes RC Primary School,30.0,A+,Ofsted Outstanding,https://www.st-agnes.towerhamlets.sch.uk/?utm_source=snobe-co-uk&utm_medium=school-profile&utm_campaign=organic,2026-03-19,32.5,28.5,30.0,30.0,32.5,30.0,30.0,78.0,10.0,30,,,Tower Hamlets,True
https://snobe.co.uk/schools/st-agnes-rc-primary-school,100949,St Agnes RC Primary School,Tower Hamlets,Rainhill Way,London,E3 3ER,Primary,Roman Catholic,30.0,71,30.0,48.387097,245,51.527343,-0.018653,St Agnes RC Primary School,30.0,A+,Ofsted Outstanding,https://www.st-agnes.towerhamlets.sch.uk/?utm_source=snobe-co-uk&utm_medium=school-profile&utm_campaign=organic,2026-03-19,32.5,28.5,30.0,30.0,32.5,30.0,30.0,78.0,10.0,29,,,Tower Hamlets,True
https://snobe.co.uk/schools/st-agnes-rc-primary-school,100949,St Agnes RC Primary School,Tower Hamlets,Rainhill Way,London,E3 3ER,Primary,Roman Catholic,30.0,52,30.0,48.387097,173,51.527343,-0.018653,St Agnes RC Primary School,30.0,A+,Ofsted Outstanding,https://www.st-agnes.towerhamlets.sch.uk/?utm_source=snobe-co-uk&utm_medium=school-profile&utm_campaign=organic,2026-03-19,32.5,28.5,30.0,30.0,32.5,30.0,30.0,78.0,10.0,30,,,Tower Hamlets,True
https://snobe.co.uk/schools/st-agnes-rc-primary-school,100949,St Agnes RC Primary School,Tower Hamlets,Rainhill Way,London,E3 3ER,Primary,Roman Catholic,30.0,71,30.0,48.387097,237,51.527343,-0.018653,St Agnes RC Primary School,30.0,A+,Ofsted Outstanding,https://www.st-agnes.towerhamlets.sch.uk/?utm_source=snobe-co-uk&utm_medium=school-profile&utm_campaign=organic,2026-03-19,32.5,28.5,30.0,30.0,32.5,30.0,30.0,78.0,10.0,30,,,Tower Hamlets,True
https://snobe.co.uk/schools/st-agnes-rc-primary-school,100949,St Agnes RC Primary School,Tower Hamlets,Rainhill Way,London,E3 3ER,Primary,Roman Catholic,30.0,56,30.0,48.387097,207,51.527343,-0.018653,St Agnes RC Primary School,30.0,A+,Ofsted Outstanding,https://www.st-agnes.towerhamlets.sch.uk/?utm_source=snobe-co-uk&utm_medium=school-profile&utm_campaign=organic,2026-03-19,32.5,28.5,30.0,30.0,32.5,30.0,30.0,78.0,10.0,27,,,Tower Hamlets,True
https://snobe.co.uk/schools/st-agnes-rc-primary-school,100949,St Agnes RC Primary School,Tower Hamlets,Rainhill Way,London,E3 3ER,Primary,Roman Catholic,30.0,87,30.0,48.387097,290,51.527343,-0.018653,St Agnes RC Primary School,30.0,A+,Ofsted Outstanding,https://www.st-agnes.towerhamlets.sch.uk/?utm_source=snobe-co-uk&utm_medium=school-profile&utm_campaign=organic,2026-03-19,32.5,28.5,30.0,30.0,32.5,30.0,30.0,78.0,10.0,30,,,Tower Hamlets,True
https://snobe.co.uk/schools/st-agnes-rc-primary-school,100949,St Agnes RC Primary School,Tower Hamlets,Rainhill Way,London,E3 3ER,Primary,Roman Catholic,30.0,95,30.0,48.387097,317,51.527343,-0.018653,St Agnes RC Primary School,30.0,A+,Ofsted Outstanding,https://www.st-agnes.towerhamlets.sch.uk/?utm_source=snobe-co-uk&utm_medium=school-profile&utm_campaign=organic,2026-03-19,32.5,28.5,30.0,30.0,32.5,30.0,30.0,78.0,10.0,30,,,Tower Hamlets,True
https://snobe.co.uk/schools/st-agnes-rc-primary-school,100949,St Agnes RC Primary School,Tower Hamlets,Rainhill Way,London,E3 3ER,Primary,Roman Catholic,30.0,96,30.0,48.387097,320,51.527343,-0.018653,St Agnes RC Primary School,30.0,A+,Ofsted Outstanding,https://www.st-agnes.towerhamlets.sch.uk/?utm_source=snobe-co-uk&utm_medium=school-profile&utm_campaign=organic,2026-03-19,32.5,28.5,30.0,30.0,32.5,30.0,30.0,78.0,10.0,30,,,Tower Hamlets,True
https://snobe.co.uk/schools/st-agnes-rc-primary-school,100949,St Agnes RC Primary School,Tower Hamlets,Rainhill Way,London,E3 3ER,Primary,Roman Catholic,30.0,110,30.0,48.387097,367,51.527343,-0.018653,St Agnes RC Primary School,30.0,A+,Ofsted Outstanding,https://www.st-agnes.towerhamlets.sch.uk/?utm_source=snobe-co-uk&utm_medium=school-profile&utm_campaign=organic,2026-03-19,32.5,28.5,30.0,30.0,32.5,30.0,30.0,78.0,10.0,30,,,Tower Hamlets,True
https://snobe.co.uk/schools/st-agnes-rc-primary-school,100949,St Agnes RC Primary School,Tower Hamlets,Rainhill Way,London,E3 3ER,Primary,Roman Catholic,30.0,118,30.0,48.387097,393,51.527343,-0.018653,St Agnes RC Primary School,30.0,A+,Ofsted Outstanding,https://www.st-agnes.towerhamlets.sch.uk/?utm_source=snobe-co-uk&utm_medium=school-profile&utm_campaign=organic,2026-03-19,32.5,28.5,30.0,30.0,32.5,30.0,30.0,78.0,10.0,30,,,Tower Hamlets,True
https://snobe.co.uk/schools/st-annes-and-guardian-angels-catholic-primary-school,100950,St Anne's and Guardian Angels Catholic Primary School,Tower Hamlets,Underwood Road,London,E1 5AW,Primary,Roman Catholic,7.0,23,7.0,35.0,209,51.52113,-0.066118,St Anne's and Guardian Angels Catholic Primary School,11.0,A+,Ofsted Outstanding,http://www.stannesgaprimary.com?utm_source=snobe-co-uk&utm_medium=school-profile&utm_campaign=organic,2026-03-19,41.6,6.65,11.0,11.0,41.6,11.0,11.0,78.0,10.0,11,,,Tower Hamlets,True
https://snobe.co.uk/schools/st-annes-and-guardian-angels-catholic-primary-school,100950,St Anne's and Guardian Angels Catholic Primary School,Tower Hamlets,Underwood Road,London,E1 5AW,Primary,Roman Catholic,7.0,39,7.0,35.0,195,51.52113,-0.066118,St Anne's and Guardian Angels Catholic Primary School,11.0,A+,Ofsted Outstanding,http://www.stannesgaprimary.com?utm_source=snobe-co-uk&utm_medium=school-profile&utm_campaign=organic,2026-03-19,41.6,6.65,11.0,11.0,41.6,11.0,11.0,78.0,10.0,20,,,Tower Hamlets,True
https://snobe.co.uk/schools/st-annes-and-guardian-angels-catholic-primary-school,100950,St Anne's and Guardian Angels Catholic Primary School,Tower Hamlets,Underwood Road,London,E1 5AW,Primary,Roman Catholic,7.0,49,7.0,35.0,175,51.52113,-0.066118,St Anne's and Guardian Angels Catholic Primary School,11.0,A+,Ofsted Outstanding,http://www.stannesgaprimary.com?utm_source=snobe-co-uk&utm_medium=school-profile&utm_campaign=organic,2026-03-19,41.6,6.65,11.0,11.0,41.6,11.0,11.0,78.0,10.0,28,,,Tower Hamlets,True
https://snobe.co.uk/schools/st-annes-and-guardian-angels-catholic-primary-school,100950,St Anne's and Guardian Angels Catholic Primary School,Tower Hamlets,Underwood Road,London,E1 5AW,Primary,Roman Catholic,7.0,41,7.0,35.0,195,51.52113,-0.066118,St Anne's and Guardian Angels Catholic Primary School,11.0,A+,Ofsted Outstanding,http://www.stannesgaprimary.com?utm_source=snobe-co-uk&utm_medium=school-profile&utm_campaign=organic,2026-03-19,41.6,6.65,11.0,11.0,41.6,11.0,11.0,78.0,10.0,21,,,Tower Hamlets,True
https://snobe.co.uk/schools/st-annes-and-guardian-angels-catholic-primary-school,100950,St Anne's and Guardian Angels Catholic Primary School,Tower Hamlets,Underwood Road,London,E1 5AW,Primary,Roman Catholic,7.0,47,7.0,35.0,204,51.52113,-0.066118,St Anne's and Guardian Angels Catholic Primary School,11.0,A+,Ofsted Outstanding,http://www.stannesgaprimary.com?utm_source=snobe-co-uk&utm_medium=school-profile&utm_campaign=organic,2026-03-19,41.6,6.65,11.0,11.0,41.6,11.0,11.0,78.0,10.0,23,,,Tower Hamlets,True
https://snobe.co.uk/schools/st-annes-and-guardian-angels-catholic-primary-school,100950,St Anne's and Guardian Angels Catholic Primary School,Tower Hamlets,Underwood Road,London,E1 5AW,Primary,Roman Catholic,7.0,57,7.0,35.0,168,51.52113,-0.066118,St Anne's and Guardian Angels Catholic Primary School,11.0,A+,Ofsted Outstanding,http://www.stannesgaprimary.com?utm_source=snobe-co-uk&utm_medium=school-profile&utm_campaign=organic,2026-03-19,41.6,6.65,11.0,11.0,41.6,11.0,11.0,78.0,10.0,34,,,Tower Hamlets,True
https://snobe.co.uk/schools/st-annes-and-guardian-angels-catholic-primary-school,100950,St Anne's and Guardian Angels Catholic Primary School,Tower Hamlets,Underwood Road,London,E1 5AW,Primary,Roman Catholic,7.0,56,7.0,35.0,215,51.52113,-0.066118,St Anne's and Guardian Angels Catholic Primary School,11.0,A+,Ofsted Outstanding,http://www.stannesgaprimary.com?utm_source=snobe-co-uk&utm_medium=school-profile&utm_campaign=organic,2026-03-19,41.6,6.65,11.0,11.0,41.6,11.0,11.0,78.0,10.0,26,,,Tower Hamlets,True
https://snobe.co.uk/schools/st-annes-and-guardian-angels-catholic-primary-school,100950,St Anne's and Guardian Angels Catholic Primary School,Tower Hamlets,Underwood Road,London,E1 5AW,Primary,Roman Catholic,7.0,55,7.0,35.0,196,51.52113,-0.066118,St Anne's and Guardian Angels Catholic Primary School,11.0,A+,Ofsted Outstanding,http://www.stannesgaprimary.com?utm_source=snobe-co-uk&utm_medium=school-profile&utm_campaign=organic,2026-03-19,41.6,6.65,11.0,11.0,41.6,11.0,11.0,78.0,10.0,28,,,Tower Hamlets,True
https://snobe.co.uk/schools/st-annes-and-guardian-angels-catholic-primary-school,100950,St Anne's and Guardian Angels Catholic Primary School,Tower Hamlets,Underwood Road,London,E1 5AW,Primary,Roman Catholic,7.0,73,7.0,35.0,209,51.52113,-0.066118,St Anne's and Guardian Angels Catholic Primary School,11.0,A+,Ofsted Outstanding,http://www.stannesgaprimary.com?utm_source=snobe-co-uk&utm_medium=school-profile&utm_campaign=organic,2026-03-19,41.6,6.65,11.0,11.0,41.6,11.0,11.0,78.0,10.0,35,,,Tower Hamlets,True
https://snobe.co.uk/schools/st-annes-and-guardian-angels-catholic-primary-school,100950,St Anne's and Guardian Angels Catholic Primary School,Tower Hamlets,Underwood Road,London,E1 5AW,Primary,Roman Catholic,7.0,77,7.0,35.0,197,51.52113,-0.066118,St Anne's and Guardian Angels Catholic Primary School,11.0,A+,Ofsted Outstanding,http://www.stannesgaprimary.com?utm_source=snobe-co-uk&utm_medium=school-profile&utm_campaign=organic,2026-03-19,41.6,6.65,11.0,11.0,41.6,11.0,11.0,78.0,10.0,39,,,Tower Hamlets,True
https://snobe.co.uk/schools/st-annes-and-guardian-angels-catholic-primary-school,100950,St Anne's and Guardian Angels Catholic Primary School,Tower Hamlets,Underwood Road,London,E1 5AW,Primary,Roman Catholic,7.0,85,7.0,35.0,236,51.52113,-0.066118,St Anne's and Guardian Angels Catholic Primary School,11.0,A+,Ofsted Outstanding,http://www.stannesgaprimary.com?utm_source=snobe-co-uk&utm_medium=school-profile&utm_campaign=organic,2026-03-19,41.6,6.65,11.0,11.0,41.6,11.0,11.0,78.0,10.0,36,,,Tower Hamlets,True
https://snobe.co.uk/schools/st-edmunds-catholic-school,100951,St Edmund's Catholic School,Tower Hamlets,299 Westferry Road,London,E14 3RS,Primary,Roman Catholic,24.0,87,21.0,24.137931,362,51.492167,-0.024199,St Edmund's Catholic School,24.0,A,Ofsted Good,http://www.st-edmunds-school.org?utm_source=snobe-co-uk&utm_medium=school-profile&utm_campaign=organic,2026-03-19,18.4,22.8,21.0,24.0,18.4,24.0,21.0,78.0,10.0,24,,,Tower Hamlets,True
https://snobe.co.uk/schools/st-edmunds-catholic-school,100951,St Edmund's Catholic School,Tower Hamlets,299 Westferry Road,London,E14 3RS,Primary,Roman Catholic,24.0,118,21.0,24.137931,393,51.492167,-0.024199,St Edmund's Catholic School,24.0,A,Ofsted Good,http://www.st-edmunds-school.org?utm_source=snobe-co-uk&utm_medium=school-profile&utm_campaign=organic,2026-03-19,18.4,22.8,21.0,24.0,18.4,24.0,21.0,78.0,10.0,30,,,Tower Hamlets,True
https://snobe.co.uk/schools/st-edmunds-catholic-school,100951,St Edmund's Catholic School,Tower Hamlets,299 Westferry Road,London,E14 3RS,Primary,Roman Catholic,24.0,123,21.0,24.137931,410,51.492167,-0.024199,St Edmund's Catholic School,24.0,A,Ofsted Good,http://www.st-edmunds-school.org?utm_source=snobe-co-uk&utm_medium=school-profile&utm_campaign=organic,2026-03-19,18.4,22.8,21.0,24.0,18.4,24.0,21.0,78.0,10.0,30,,,Tower Hamlets,True
https://snobe.co.uk/schools/st-edmunds-catholic-school,100951,St Edmund's Catholic School,Tower Hamlets,299 Westferry Road,London,E14 3RS,Primary,Roman Catholic,24.0,102,21.0,24.137931,352,51.492167,-0.024199,St Edmund's Catholic School,24.0,A,Ofsted Good,http://www.st-edmunds-school.org?utm_source=snobe-co-uk&utm_medium=school-profile&utm_campaign=organic,2026-03-19,18.4,22.8,21.0,24.0,18.4,24.0,21.0,78.0,10.0,29,,,Tower Hamlets,True
https://snobe.co.uk/schools/st-edmunds-catholic-school,100951,St Edmund's Catholic School,Tower Hamlets,299 Westferry Road,London,E14 3RS,Primary,Roman Catholic,24.0,137,21.0,24.137931,457,51.492167,-0.024199,St Edmund's Catholic School,24.0,A,Ofsted Good,http://www.st-edmunds-school.org?utm_source=snobe-co-uk&utm_medium=school-profile&utm_campaign=organic,2026-03-19,18.4,22.8,21.0,24.0,18.4,24.0,21.0,78.0,10.0,30,,,Tower Hamlets,True
https://snobe.co.uk/schools/st-edmunds-catholic-school,100951,St Edmund's Catholic School,Tower Hamlets,299 Westferry Road,London,E14 3RS,Primary,Roman Catholic,24.0,139,21.0,24.137931,463,51.492167,-0.024199,St Edmund's Catholic School,24.0,A,Ofsted Good,http://www.st-edmunds-school.org?utm_source=snobe-co-uk&utm_medium=school-profile&utm_campaign=organic,2026-03-19,18.4,22.8,21.0,24.0,18.4,24.0,21.0,78.0,10.0,30,,,Tower Hamlets,True
https://snobe.co.uk/schools/st-edmunds-catholic-school,100951,St Edmund's Catholic School,Tower Hamlets,299 Westferry Road,London,E14 3RS,Primary,Roman Catholic,24.0,101,21.0,24.137931,337,51.492167,-0.024199,St Edmund's Catholic School,24.0,A,Ofsted Good,http://www.st-edmunds-school.org?utm_source=snobe-co-uk&utm_medium=school-profile&utm_campaign=organic,2026-03-19,18.4,22.8,21.0,24.0,18.4,24.0,21.0,78.0,10.0,30,,,Tower Hamlets,True
https://snobe.co.uk/schools/st-edmunds-catholic-school,100951,St Edmund's Catholic School,Tower Hamlets,299 Westferry Road,London,E14 3RS,Primary,Roman Catholic,24.0,132,21.0,24.137931,440,51.492167,-0.024199,St Edmund's Catholic School,24.0,A,Ofsted Good,http://www.st-edmunds-school.org?utm_source=snobe-co-uk&utm_medium=school-profile&utm_campaign=organic,2026-03-19,18.4,22.8,21.0,24.0,18.4,24.0,21.0,78.0,10.0,30,,,Tower Hamlets,True
https://snobe.co.uk/schools/st-edmunds-catholic-school,100951,St Edmund's Catholic School,Tower Hamlets,299 Westferry Road,London,E14 3RS,Primary,Roman Catholic,24.0,139,21.0,24.137931,463,51.492167,-0.024199,St Edmund's Catholic School,24.0,A,Ofsted Good,http://www.st-edmunds-school.org?utm_source=snobe-co-uk&utm_medium=school-profile&utm_campaign=organic,2026-03-19,18.4,22.8,21.0,24.0,18.4,24.0,21.0,78.0,10.0,30,,,Tower Hamlets,True
https://snobe.co.uk/schools/st-edmunds-catholic-school,100951,St Edmund's Catholic School,Tower Hamlets,299 Westferry Road,London,E14 3RS,Primary,Roman Catholic,24.0,118,21.0,24.137931,393,51.492167,-0.024199,St Edmund's Catholic School,24.0,A,Ofsted Good,http://www.st-edmunds-school.org?utm_source=snobe-co-uk&utm_medium=school-profile&utm_campaign=organic,2026-03-19,18.4,22.8,21.0,24.0,18.4,24.0,21.0,78.0,10.0,30,,,Tower Hamlets,True
https://snobe.co.uk/schools/st-edmunds-catholic-school,100951,St Edmund's Catholic School,Tower Hamlets,299 Westferry Road,London,E14 3RS,Primary,Roman Catholic,24.0,118,21.0,24.137931,393,51.492167,-0.024199,St Edmund's Catholic School,24.0,A,Ofsted Good,http://www.st-edmunds-school.org?utm_source=snobe-co-uk&utm_medium=school-profile&utm_campaign=organic,2026-03-19,18.4,22.8,21.0,24.0,18.4,24.0,21.0,78.0,10.0,30,,,Tower Hamlets,True
https://snobe.co.uk/schools/st-edmunds-catholic-school,100951,St Edmund's Catholic School,Tower Hamlets,299 Westferry Road,London,E14 3RS,Primary,Roman Catholic,24.0,159,21.0,24.137931,548,51.492167,-0.024199,St Edmund's Catholic School,24.0,A,Ofsted Good,http://www.st-edmunds-school.org?utm_source=snobe-co-uk&utm_medium=school-profile&utm_campaign=organic,2026-03-19,18.4,22.8,21.0,24.0,18.4,24.0,21.0,78.0,10.0,29,,,Tower Hamlets,True
https://snobe.co.uk/schools/st-elizabeth-catholic-primary-school,133288,St Elizabeth Catholic Primary School,Tower Hamlets,Bonner Road,London,E2 9JY,Primary,Roman Catholic,19.0,33,16.0,48.484848,174,51.532712,-0.05141,St Elizabeth Catholic Primary School,19.0,A,Ofsted Good,http://www.st-elizabeth.uk?utm_source=snobe-co-uk&utm_medium=school-profile&utm_campaign=organic,2026-03-19,44.0,18.05,16.0,19.0,44.0,19.0,16.0,78.0,10.0,19,,,Tower Hamlets,True
https://snobe.co.uk/schools/st-elizabeth-catholic-primary-school,133288,St Elizabeth Catholic Primary School,Tower Hamlets,Bonner Road,London,E2 9JY,Primary,Roman Catholic,19.0,34,16.0,48.484848,131,51.532712,-0.05141,St Elizabeth Catholic Primary School,19.0,A,Ofsted Good,http://www.st-elizabeth.uk?utm_source=snobe-co-uk&utm_medium=school-profile&utm_campaign=organic,2026-03-19,44.0,18.05,16.0,19.0,44.0,19.0,16.0,78.0,10.0,26,,,Tower Hamlets,True
https://snobe.co.uk/schools/st-elizabeth-catholic-primary-school,133288,St Elizabeth Catholic Primary School,Tower Hamlets,Bonner Road,London,E2 9JY,Primary,Roman Catholic,19.0,58,16.0,48.484848,166,51.532712,-0.05141,St Elizabeth Catholic Primary School,19.0,A,Ofsted Good,http://www.st-elizabeth.uk?utm_source=snobe-co-uk&utm_medium=school-profile&utm_campaign=organic,2026-03-19,44.0,18.05,16.0,19.0,44.0,19.0,16.0,78.0,10.0,35,,,Tower Hamlets,True
https://snobe.co.uk/schools/st-elizabeth-catholic-primary-school,133288,St Elizabeth Catholic Primary School,Tower Hamlets,Bonner Road,London,E2 9JY,Primary,Roman Catholic,19.0,50,16.0,48.484848,167,51.532712,-0.05141,St Elizabeth Catholic Primary School,19.0,A,Ofsted Good,http://www.st-elizabeth.uk?utm_source=snobe-co-uk&utm_medium=school-profile&utm_campaign=organic,2026-03-19,44.0,18.05,16.0,19.0,44.0,19.0,16.0,78.0,10.0,30,,,Tower Hamlets,True
https://snobe.co.uk/schools/st-elizabeth-catholic-primary-school,133288,St Elizabeth Catholic Primary School,Tower Hamlets,Bonner Road,London,E2 9JY,Primary,Roman Catholic,19.0,58,16.0,48.484848,145,51.532712,-0.05141,St Elizabeth Catholic Primary School,19.0,A,Ofsted Good,http://www.st-elizabeth.uk?utm_source=snobe-co-uk&utm_medium=school-profile&utm_campaign=organic,2026-03-19,44.0,18.05,16.0,19.0,44.0,19.0,16.0,78.0,10.0,40,,,Tower Hamlets,True
https://snobe.co.uk/schools/st-elizabeth-catholic-primary-school,133288,St Elizabeth Catholic Primary School,Tower Hamlets,Bonner Road,London,E2 9JY,Primary,Roman Catholic,19.0,63,16.0,48.484848,166,51.532712,-0.05141,St Elizabeth Catholic Primary School,19.0,A,Ofsted Good,http://www.st-elizabeth.uk?utm_source=snobe-co-uk&utm_medium=school-profile&utm_campaign=organic,2026-03-19,44.0,18.05,16.0,19.0,44.0,19.0,16.0,78.0,10.0,38,,,Tower Hamlets,True
https://snobe.co.uk/schools/st-elizabeth-catholic-primary-school,133288,St Elizabeth Catholic Primary School,Tower Hamlets,Bonner Road,London,E2 9JY,Primary,Roman Catholic,19.0,60,16.0,48.484848,154,51.532712,-0.05141,St Elizabeth Catholic Primary School,19.0,A,Ofsted Good,http://www.st-elizabeth.uk?utm_source=snobe-co-uk&utm_medium=school-profile&utm_campaign=organic,2026-03-19,44.0,18.05,16.0,19.0,44.0,19.0,16.0,78.0,10.0,39,,,Tower Hamlets,True
https://snobe.co.uk/schools/st-elizabeth-catholic-primary-school,133288,St Elizabeth Catholic Primary School,Tower Hamlets,Bonner Road,London,E2 9JY,Primary,Roman Catholic,19.0,67,16.0,48.484848,186,51.532712,-0.05141,St Elizabeth Catholic Primary School,19.0,A,Ofsted Good,http://www.st-elizabeth.uk?utm_source=snobe-co-uk&utm_medium=school-profile&utm_campaign=organic,2026-03-19,44.0,18.05,16.0,19.0,44.0,19.0,16.0,78.0,10.0,36,,,Tower Hamlets,True
https://snobe.co.uk/schools/st-elizabeth-catholic-primary-school,133288,St Elizabeth Catholic Primary School,Tower Hamlets,Bonner Road,London,E2 9JY,Primary,Roman Catholic,19.0,78,16.0,48.484848,190,51.532712,-0.05141,St Elizabeth Catholic Primary School,19.0,A,Ofsted Good,http://www.st-elizabeth.uk?utm_source=snobe-co-uk&utm_medium=school-profile&utm_campaign=organic,2026-03-19,44.0,18.05,16.0,19.0,44.0,19.0,16.0,78.0,10.0,41,,,Tower Hamlets,True
https://snobe.co.uk/schools/st-elizabeth-catholic-primary-school,133288,St Elizabeth Catholic Primary School,Tower Hamlets,Bonner Road,London,E2 9JY,Primary,Roman Catholic,19.0,77,16.0,48.484848,164,51.532712,-0.05141,St Elizabeth Catholic Primary School,19.0,A,Ofsted Good,http://www.st-elizabeth.uk?utm_source=snobe-co-uk&utm_medium=school-profile&utm_campaign=organic,2026-03-19,44.0,18.05,16.0,19.0,44.0,19.0,16.0,78.0,10.0,47,,,Tower Hamlets,True
https://snobe.co.uk/schools/st-elizabeth-catholic-primary-school,133288,St Elizabeth Catholic Primary School,Tower Hamlets,Bonner Road,London,E2 9JY,Primary,Roman Catholic,19.0,92,16.0,48.484848,200,51.532712,-0.05141,St Elizabeth Catholic Primary School,19.0,A,Ofsted Good,http://www.st-elizabeth.uk?utm_source=snobe-co-uk&utm_medium=school-profile&utm_campaign=organic,2026-03-19,44.0,18.05,16.0,19.0,44.0,19.0,16.0,78.0,10.0,46,,,Tower Hamlets,True
https://snobe.co.uk/schools/st-elizabeth-catholic-primary-school,133288,St Elizabeth Catholic Primary School,Tower Hamlets,Bonner Road,London,E2 9JY,Primary,Roman Catholic,19.0,117,16.0,48.484848,195,51.532712,-0.05141,St Elizabeth Catholic Primary School,19.0,A,Ofsted Good,http://www.st-elizabeth.uk?utm_source=snobe-co-uk&utm_medium=school-profile&utm_campaign=organic,2026-03-19,44.0,18.05,16.0,19.0,44.0,19.0,16.0,78.0,10.0,60,,,Tower Hamlets,True
https://snobe.co.uk/schools/st-mary-and-st-michael-primary-school,131936,St Mary and St Michael Primary School,Tower Hamlets,Sutton Street,London,E1 0BD,Primary,Roman Catholic,30.0,49,25.0,51.020408,163,51.513708,-0.052899,St Mary and St Michael Primary School,30.0,A,Ofsted Good,https://st-marymichael.towerhamlets.sch.uk/?utm_source=snobe-co-uk&utm_medium=school-profile&utm_campaign=organic,2026-03-19,34.7,28.5,25.0,25.0,34.7,30.0,25.0,78.0,10.0,30,,,Tower Hamlets,True
https://snobe.co.uk/schools/st-mary-and-st-michael-primary-school,131936,St Mary and St Michael Primary School,Tower Hamlets,Sutton Street,London,E1 0BD,Primary,Roman Catholic,30.0,61,25.0,51.020408,130,51.513708,-0.052899,St Mary and St Michael Primary School,30.0,A,Ofsted Good,https://st-marymichael.towerhamlets.sch.uk/?utm_source=snobe-co-uk&utm_medium=school-profile&utm_campaign=organic,2026-03-19,34.7,28.5,25.0,25.0,34.7,30.0,25.0,78.0,10.0,47,,,Tower Hamlets,True
https://snobe.co.uk/schools/st-mary-and-st-michael-primary-school,131936,St Mary and St Michael Primary School,Tower Hamlets,Sutton Street,London,E1 0BD,Primary,Roman Catholic,30.0,77,25.0,51.020408,164,51.513708,-0.052899,St Mary and St Michael Primary School,30.0,A,Ofsted Good,https://st-marymichael.towerhamlets.sch.uk/?utm_source=snobe-co-uk&utm_medium=school-profile&utm_campaign=organic,2026-03-19,34.7,28.5,25.0,25.0,34.7,30.0,25.0,78.0,10.0,47,,,Tower Hamlets,True
https://snobe.co.uk/schools/st-mary-and-st-michael-primary-school,131936,St Mary and St Michael Primary School,Tower Hamlets,Sutton Street,London,E1 0BD,Primary,Roman Catholic,30.0,84,25.0,51.020408,187,51.513708,-0.052899,St Mary and St Michael Primary School,30.0,A,Ofsted Good,https://st-marymichael.towerhamlets.sch.uk/?utm_source=snobe-co-uk&utm_medium=school-profile&utm_campaign=organic,2026-03-19,34.7,28.5,25.0,25.0,34.7,30.0,25.0,78.0,10.0,45,,,Tower Hamlets,True
https://snobe.co.uk/schools/st-mary-and-st-michael-primary-school,131936,St Mary and St Michael Primary School,Tower Hamlets,Sutton Street,London,E1 0BD,Primary,Roman Catholic,30.0,83,25.0,51.020408,166,51.513708,-0.052899,St Mary and St Michael Primary School,30.0,A,Ofsted Good,https://st-marymichael.towerhamlets.sch.uk/?utm_source=snobe-co-uk&utm_medium=school-profile&utm_campaign=organic,2026-03-19,34.7,28.5,25.0,25.0,34.7,30.0,25.0,78.0,10.0,50,,,Tower Hamlets,True
https://snobe.co.uk/schools/st-mary-and-st-michael-primary-school,131936,St Mary and St Michael Primary School,Tower Hamlets,Sutton Street,London,E1 0BD,Primary,Roman Catholic,30.0,82,25.0,51.020408,167,51.513708,-0.052899,St Mary and St Michael Primary School,30.0,A,Ofsted Good,https://st-marymichael.towerhamlets.sch.uk/?utm_source=snobe-co-uk&utm_medium=school-profile&utm_campaign=organic,2026-03-19,34.7,28.5,25.0,25.0,34.7,30.0,25.0,78.0,10.0,49,,,Tower Hamlets,True
https://snobe.co.uk/schools/st-mary-and-st-michael-primary-school,131936,St Mary and St Michael Primary School,Tower Hamlets,Sutton Street,London,E1 0BD,Primary,Roman Catholic,30.0,85,25.0,51.020408,189,51.513708,-0.052899,St Mary and St Michael Primary School,30.0,A,Ofsted Good,https://st-marymichael.towerhamlets.sch.uk/?utm_source=snobe-co-uk&utm_medium=school-profile&utm_campaign=organic,2026-03-19,34.7,28.5,25.0,25.0,34.7,30.0,25.0,78.0,10.0,45,,,Tower Hamlets,True
https://snobe.co.uk/schools/st-mary-and-st-michael-primary-school,131936,St Mary and St Michael Primary School,Tower Hamlets,Sutton Street,London,E1 0BD,Primary,Roman Catholic,30.0,114,25.0,51.020408,207,51.513708,-0.052899,St Mary and St Michael Primary School,30.0,A,Ofsted Good,https://st-marymichael.towerhamlets.sch.uk/?utm_source=snobe-co-uk&utm_medium=school-profile&utm_campaign=organic,2026-03-19,34.7,28.5,25.0,25.0,34.7,30.0,25.0,78.0,10.0,55,,,Tower Hamlets,True
https://snobe.co.uk/schools/st-mary-and-st-michael-primary-school,131936,St Mary and St Michael Primary School,Tower Hamlets,Sutton Street,London,E1 0BD,Primary,Roman Catholic,30.0,130,25.0,51.020408,236,51.513708,-0.052899,St Mary and St Michael Primary School,30.0,A,Ofsted Good,https://st-marymichael.towerhamlets.sch.uk/?utm_source=snobe-co-uk&utm_medium=school-profile&utm_campaign=organic,2026-03-19,34.7,28.5,25.0,25.0,34.7,30.0,25.0,78.0,10.0,55,,,Tower Hamlets,True
https://snobe.co.uk/schools/st-mary-and-st-michael-primary-school,131936,St Mary and St Michael Primary School,Tower Hamlets,Sutton Street,London,E1 0BD,Primary,Roman Catholic,30.0,142,25.0,51.020408,241,51.513708,-0.052899,St Mary and St Michael Primary School,30.0,A,Ofsted Good,https://st-marymichael.towerhamlets.sch.uk/?utm_source=snobe-co-uk&utm_medium=school-profile&utm_campaign=organic,2026-03-19,34.7,28.5,25.0,25.0,34.7,30.0,25.0,78.0,10.0,59,,,Tower Hamlets,True
https://snobe.co.uk/schools/st-mary-and-st-michael-primary-school,131936,St Mary and St Michael Primary School,Tower Hamlets,Sutton Street,London,E1 0BD,Primary,Roman Catholic,30.0,132,25.0,51.020408,220,51.513708,-0.052899,St Mary and St Michael Primary School,30.0,A,Ofsted Good,https://st-marymichael.towerhamlets.sch.uk/?utm_source=snobe-co-uk&utm_medium=school-profile&utm_campaign=organic,2026-03-19,34.7,28.5,25.0,25.0,34.7,30.0,25.0,78.0,10.0,60,,,Tower Hamlets,True
https://snobe.co.uk/schools/st-mary-and-st-michael-primary-school,131936,St Mary and St Michael Primary School,Tower Hamlets,Sutton Street,London,E1 0BD,Primary,Roman Catholic,30.0,147,25.0,51.020408,245,51.513708,-0.052899,St Mary and St Michael Primary School,30.0,A,Ofsted Good,https://st-marymichael.towerhamlets.sch.uk/?utm_source=snobe-co-uk&utm_medium=school-profile&utm_campaign=organic,2026-03-19,34.7,28.5,25.0,25.0,34.7,30.0,25.0,78.0,10.0,60,,,Tower Hamlets,True
https://snobe.co.uk/schools/our-lady-and-st-georges-catholic-primary-school,135193,Our Lady and St George's Catholic Primary School,Waltham Forest,Shernhall Street,London,E17 3EA,Primary,Roman Catholic,15.0,60,14.0,23.333333,400,51.589668,-0.007354,Our Lady and St George's Catholic Primary School,15.0,A-,Ofsted Good,http://www.olsg.waltham.sch.uk?utm_source=snobe-co-uk&utm_medium=school-profile&utm_campaign=organic,2026-03-19,40.1,14.25,14.0,15.0,40.1,15.0,14.0,76.0,9.0,15,,,Waltham Forest,True
https://snobe.co.uk/schools/our-lady-and-st-georges-catholic-primary-school,135193,Our Lady and St George's Catholic Primary School,Waltham Forest,Shernhall Street,London,E17 3EA,Primary,Roman Catholic,15.0,90,14.0,23.333333,300,51.589668,-0.007354,Our Lady and St George's Catholic Primary School,15.0,A-,Ofsted Good,http://www.olsg.waltham.sch.uk?utm_source=snobe-co-uk&utm_medium=school-profile&utm_campaign=organic,2026-03-19,40.1,14.25,14.0,15.0,40.1,15.0,14.0,76.0,9.0,30,,,Waltham Forest,True
https://snobe.co.uk/schools/our-lady-and-st-georges-catholic-primary-school,135193,Our Lady and St George's Catholic Primary School,Waltham Forest,Shernhall Street,London,E17 3EA,Primary,Roman Catholic,15.0,77,14.0,23.333333,321,51.589668,-0.007354,Our Lady and St George's Catholic Primary School,15.0,A-,Ofsted Good,http://www.olsg.waltham.sch.uk?utm_source=snobe-co-uk&utm_medium=school-profile&utm_campaign=organic,2026-03-19,40.1,14.25,14.0,15.0,40.1,15.0,14.0,76.0,9.0,24,,,Waltham Forest,True
https://snobe.co.uk/schools/our-lady-and-st-georges-catholic-primary-school,135193,Our Lady and St George's Catholic Primary School,Waltham Forest,Shernhall Street,London,E17 3EA,Primary,Roman Catholic,15.0,85,14.0,23.333333,212,51.589668,-0.007354,Our Lady and St George's Catholic Primary School,15.0,A-,Ofsted Good,http://www.olsg.waltham.sch.uk?utm_source=snobe-co-uk&utm_medium=school-profile&utm_campaign=organic,2026-03-19,40.1,14.25,14.0,15.0,40.1,15.0,14.0,76.0,9.0,40,,,Waltham Forest,True
https://snobe.co.uk/schools/our-lady-and-st-georges-catholic-primary-school,135193,Our Lady and St George's Catholic Primary School,Waltham Forest,Shernhall Street,London,E17 3EA,Primary,Roman Catholic,15.0,95,14.0,23.333333,288,51.589668,-0.007354,Our Lady and St George's Catholic Primary School,15.0,A-,Ofsted Good,http://www.olsg.waltham.sch.uk?utm_source=snobe-co-uk&utm_medium=school-profile&utm_campaign=organic,2026-03-19,40.1,14.25,14.0,15.0,40.1,15.0,14.0,76.0,9.0,33,,,Waltham Forest,True
https://snobe.co.uk/schools/our-lady-and-st-georges-catholic-primary-school,135193,Our Lady and St George's Catholic Primary School,Waltham Forest,Shernhall Street,London,E17 3EA,Primary,Roman Catholic,15.0,90,14.0,23.333333,281,51.589668,-0.007354,Our Lady and St George's Catholic Primary School,15.0,A-,Ofsted Good,http://www.olsg.waltham.sch.uk?utm_source=snobe-co-uk&utm_medium=school-profile&utm_campaign=organic,2026-03-19,40.1,14.25,14.0,15.0,40.1,15.0,14.0,76.0,9.0,32,,,Waltham Forest,True
https://snobe.co.uk/schools/our-lady-and-st-georges-catholic-primary-school,135193,Our Lady and St George's Catholic Primary School,Waltham Forest,Shernhall Street,London,E17 3EA,Primary,Roman Catholic,15.0,113,14.0,23.333333,226,51.589668,-0.007354,Our Lady and St George's Catholic Primary School,15.0,A-,Ofsted Good,http://www.olsg.waltham.sch.uk?utm_source=snobe-co-uk&utm_medium=school-profile&utm_campaign=organic,2026-03-19,40.1,14.25,14.0,15.0,40.1,15.0,14.0,76.0,9.0,50,,,Waltham Forest,True
https://snobe.co.uk/schools/our-lady-and-st-georges-catholic-primary-school,135193,Our Lady and St George's Catholic Primary School,Waltham Forest,Shernhall Street,London,E17 3EA,Primary,Roman Catholic,15.0,116,14.0,23.333333,227,51.589668,-0.007354,Our Lady and St George's Catholic Primary School,15.0,A-,Ofsted Good,http://www.olsg.waltham.sch.uk?utm_source=snobe-co-uk&utm_medium=school-profile&utm_campaign=organic,2026-03-19,40.1,14.25,14.0,15.0,40.1,15.0,14.0,76.0,9.0,51,,,Waltham Forest,True
https://snobe.co.uk/schools/our-lady-and-st-georges-catholic-primary-school,135193,Our Lady and St George's Catholic Primary School,Waltham Forest,Shernhall Street,London,E17 3EA,Primary,Roman Catholic,15.0,104,14.0,23.333333,289,51.589668,-0.007354,Our Lady and St George's Catholic Primary School,15.0,A-,Ofsted Good,http://www.olsg.waltham.sch.uk?utm_source=snobe-co-uk&utm_medium=school-profile&utm_campaign=organic,2026-03-19,40.1,14.25,14.0,15.0,40.1,15.0,14.0,76.0,9.0,36,,,Waltham Forest,True
https://snobe.co.uk/schools/our-lady-and-st-georges-catholic-primary-school,135193,Our Lady and St George's Catholic Primary School,Waltham Forest,Shernhall Street,London,E17 3EA,Primary,Roman Catholic,15.0,134,14.0,23.333333,227,51.589668,-0.007354,Our Lady and St George's Catholic Primary School,15.0,A-,Ofsted Good,http://www.olsg.waltham.sch.uk?utm_source=snobe-co-uk&utm_medium=school-profile&utm_campaign=organic,2026-03-19,40.1,14.25,14.0,15.0,40.1,15.0,14.0,76.0,9.0,59,,,Waltham Forest,True
https://snobe.co.uk/schools/our-lady-and-st-georges-catholic-primary-school,135193,Our Lady and St George's Catholic Primary School,Waltham Forest,Shernhall Street,London,E17 3EA,Primary,Roman Catholic,15.0,144,14.0,23.333333,244,51.589668,-0.007354,Our Lady and St George's Catholic Primary School,15.0,A-,Ofsted Good,http://www.olsg.waltham.sch.uk?utm_source=snobe-co-uk&utm_medium=school-profile&utm_campaign=organic,2026-03-19,40.1,14.25,14.0,15.0,40.1,15.0,14.0,76.0,9.0,59,,,Waltham Forest,True
https://snobe.co.uk/schools/our-lady-and-st-georges-catholic-primary-school,135193,Our Lady and St George's Catholic Primary School,Waltham Forest,Shernhall Street,London,E17 3EA,Primary,Roman Catholic,15.0,156,14.0,23.333333,279,51.589668,-0.007354,Our Lady and St George's Catholic Primary School,15.0,A-,Ofsted Good,http://www.olsg.waltham.sch.uk?utm_source=snobe-co-uk&utm_medium=school-profile&utm_campaign=organic,2026-03-19,40.1,14.25,14.0,15.0,40.1,15.0,14.0,76.0,9.0,56,,,Waltham Forest,True
https://snobe.co.uk/schools/holy-ghost-catholic-primary-school,101036,Holy Ghost Catholic Primary School,Wandsworth,Nightingale Square,London,SW12 8QJ,Primary,Roman Catholic,30.0,115,30.0,26.086957,383,51.447881,-0.156341,Holy Ghost Catholic Primary School,30.0,A,Ofsted Good,http://www.holyghost.wandsworth.sch.uk/?utm_source=snobe-co-uk&utm_medium=school-profile&utm_campaign=organic,2026-03-19,5.7,28.5,30.0,30.0,5.7,30.0,30.0,65.0,5.0,30,,,Wandsworth,True
https://snobe.co.uk/schools/holy-ghost-catholic-primary-school,101036,Holy Ghost Catholic Primary School,Wandsworth,Nightingale Square,London,SW12 8QJ,Primary,Roman Catholic,30.0,84,30.0,26.086957,280,51.447881,-0.156341,Holy Ghost Catholic Primary School,30.0,A,Ofsted Good,http://www.holyghost.wandsworth.sch.uk/?utm_source=snobe-co-uk&utm_medium=school-profile&utm_campaign=organic,2026-03-19,5.7,28.5,30.0,30.0,5.7,30.0,30.0,65.0,5.0,30,,,Wandsworth,True
https://snobe.co.uk/schools/holy-ghost-catholic-primary-school,101036,Holy Ghost Catholic Primary School,Wandsworth,Nightingale Square,London,SW12 8QJ,Primary,Roman Catholic,30.0,93,30.0,26.086957,310,51.447881,-0.156341,Holy Ghost Catholic Primary School,30.0,A,Ofsted Good,http://www.holyghost.wandsworth.sch.uk/?utm_source=snobe-co-uk&utm_medium=school-profile&utm_campaign=organic,2026-03-19,5.7,28.5,30.0,30.0,5.7,30.0,30.0,65.0,5.0,30,,,Wandsworth,True
https://snobe.co.uk/schools/holy-ghost-catholic-primary-school,101036,Holy Ghost Catholic Primary School,Wandsworth,Nightingale Square,London,SW12 8QJ,Primary,Roman Catholic,30.0,80,30.0,26.086957,276,51.447881,-0.156341,Holy Ghost Catholic Primary School,30.0,A,Ofsted Good,http://www.holyghost.wandsworth.sch.uk/?utm_source=snobe-co-uk&utm_medium=school-profile&utm_campaign=organic,2026-03-19,5.7,28.5,30.0,30.0,5.7,30.0,30.0,65.0,5.0,29,,,Wandsworth,True
https://snobe.co.uk/schools/holy-ghost-catholic-primary-school,101036,Holy Ghost Catholic Primary School,Wandsworth,Nightingale Square,London,SW12 8QJ,Primary,Roman Catholic,30.0,78,30.0,26.086957,252,51.447881,-0.156341,Holy Ghost Catholic Primary School,30.0,A,Ofsted Good,http://www.holyghost.wandsworth.sch.uk/?utm_source=snobe-co-uk&utm_medium=school-profile&utm_campaign=organic,2026-03-19,5.7,28.5,30.0,30.0,5.7,30.0,30.0,65.0,5.0,31,,,Wandsworth,True
https://snobe.co.uk/schools/holy-ghost-catholic-primary-school,101036,Holy Ghost Catholic Primary School,Wandsworth,Nightingale Square,London,SW12 8QJ,Primary,Roman Catholic,30.0,110,30.0,26.086957,367,51.447881,-0.156341,Holy Ghost Catholic Primary School,30.0,A,Ofsted Good,http://www.holyghost.wandsworth.sch.uk/?utm_source=snobe-co-uk&utm_medium=school-profile&utm_campaign=organic,2026-03-19,5.7,28.5,30.0,30.0,5.7,30.0,30.0,65.0,5.0,30,,,Wandsworth,True
https://snobe.co.uk/schools/holy-ghost-catholic-primary-school,101036,Holy Ghost Catholic Primary School,Wandsworth,Nightingale Square,London,SW12 8QJ,Primary,Roman Catholic,30.0,99,30.0,26.086957,330,51.447881,-0.156341,Holy Ghost Catholic Primary School,30.0,A,Ofsted Good,http://www.holyghost.wandsworth.sch.uk/?utm_source=snobe-co-uk&utm_medium=school-profile&utm_campaign=organic,2026-03-19,5.7,28.5,30.0,30.0,5.7,30.0,30.0,65.0,5.0,30,,,Wandsworth,True
https://snobe.co.uk/schools/holy-ghost-catholic-primary-school,101036,Holy Ghost Catholic Primary School,Wandsworth,Nightingale Square,London,SW12 8QJ,Primary,Roman Catholic,30.0,98,30.0,26.086957,327,51.447881,-0.156341,Holy Ghost Catholic Primary School,30.0,A,Ofsted Good,http://www.holyghost.wandsworth.sch.uk/?utm_source=snobe-co-uk&utm_medium=school-profile&utm_campaign=organic,2026-03-19,5.7,28.5,30.0,30.0,5.7,30.0,30.0,65.0,5.0,30,,,Wandsworth,True
https://snobe.co.uk/schools/holy-ghost-catholic-primary-school,101036,Holy Ghost Catholic Primary School,Wandsworth,Nightingale Square,London,SW12 8QJ,Primary,Roman Catholic,30.0,112,30.0,26.086957,373,51.447881,-0.156341,Holy Ghost Catholic Primary School,30.0,A,Ofsted Good,http://www.holyghost.wandsworth.sch.uk/?utm_source=snobe-co-uk&utm_medium=school-profile&utm_campaign=organic,2026-03-19,5.7,28.5,30.0,30.0,5.7,30.0,30.0,65.0,5.0,30,,,Wandsworth,True
https://snobe.co.uk/schools/holy-ghost-catholic-primary-school,101036,Holy Ghost Catholic Primary School,Wandsworth,Nightingale Square,London,SW12 8QJ,Primary,Roman Catholic,30.0,115,30.0,26.086957,397,51.447881,-0.156341,Holy Ghost Catholic Primary School,30.0,A,Ofsted Good,http://www.holyghost.wandsworth.sch.uk/?utm_source=snobe-co-uk&utm_medium=school-profile&utm_campaign=organic,2026-03-19,5.7,28.5,30.0,30.0,5.7,30.0,30.0,65.0,5.0,29,,,Wandsworth,True
https://snobe.co.uk/schools/holy-ghost-catholic-primary-school,101036,Holy Ghost Catholic Primary School,Wandsworth,Nightingale Square,London,SW12 8QJ,Primary,Roman Catholic,30.0,88,30.0,26.086957,303,51.447881,-0.156341,Holy Ghost Catholic Primary School,30.0,A,Ofsted Good,http://www.holyghost.wandsworth.sch.uk/?utm_source=snobe-co-uk&utm_medium=school-profile&utm_campaign=organic,2026-03-19,5.7,28.5,30.0,30.0,5.7,30.0,30.0,65.0,5.0,29,,,Wandsworth,True
https://snobe.co.uk/schools/holy-ghost-catholic-primary-school,101036,Holy Ghost Catholic Primary School,Wandsworth,Nightingale Square,London,SW12 8QJ,Primary,Roman Catholic,30.0,117,30.0,26.086957,390,51.447881,-0.156341,Holy Ghost Catholic Primary School,30.0,A,Ofsted Good,http://www.holyghost.wandsworth.sch.uk/?utm_source=snobe-co-uk&utm_medium=school-profile&utm_campaign=organic,2026-03-19,5.7,28.5,30.0,30.0,5.7,30.0,30.0,65.0,5.0,30,,,Wandsworth,True
https://snobe.co.uk/schools/our-lady-queen-heaven-rc-school,101051,Our Lady Queen of Heaven RC School,Wandsworth,Victoria Drive,London,SW19 6AD,Primary,Roman Catholic,29.0,101,27.0,26.732673,348,51.44797,-0.220367,Our Lady Queen of Heaven RC School,29.0,A+,Ofsted Outstanding,http://www.ourladyqueenofheaven.wandsworth.sch.uk/?utm_source=snobe-co-uk&utm_medium=school-profile&utm_campaign=organic,2026-03-19,19.7,27.55,27.0,29.0,19.7,29.0,27.0,65.0,5.0,29,,,Wandsworth,True
https://snobe.co.uk/schools/our-lady-queen-heaven-rc-school,101051,Our Lady Queen of Heaven RC School,Wandsworth,Victoria Drive,London,SW19 6AD,Primary,Roman Catholic,29.0,91,27.0,26.732673,303,51.44797,-0.220367,Our Lady Queen of Heaven RC School,29.0,A+,Ofsted Outstanding,http://www.ourladyqueenofheaven.wandsworth.sch.uk/?utm_source=snobe-co-uk&utm_medium=school-profile&utm_campaign=organic,2026-03-19,19.7,27.55,27.0,29.0,19.7,29.0,27.0,65.0,5.0,30,,,Wandsworth,True
https://snobe.co.uk/schools/our-lady-queen-heaven-rc-school,101051,Our Lady Queen of Heaven RC School,Wandsworth,Victoria Drive,London,SW19 6AD,Primary,Roman Catholic,29.0,84,27.0,26.732673,280,51.44797,-0.220367,Our Lady Queen of Heaven RC School,29.0,A+,Ofsted Outstanding,http://www.ourladyqueenofheaven.wandsworth.sch.uk/?utm_source=snobe-co-uk&utm_medium=school-profile&utm_campaign=organic,2026-03-19,19.7,27.55,27.0,29.0,19.7,29.0,27.0,65.0,5.0,30,,,Wandsworth,True
https://snobe.co.uk/schools/our-lady-queen-heaven-rc-school,101051,Our Lady Queen of Heaven RC School,Wandsworth,Victoria Drive,London,SW19 6AD,Primary,Roman Catholic,29.0,82,27.0,26.732673,304,51.44797,-0.220367,Our Lady Queen of Heaven RC School,29.0,A+,Ofsted Outstanding,http://www.ourladyqueenofheaven.wandsworth.sch.uk/?utm_source=snobe-co-uk&utm_medium=school-profile&utm_campaign=organic,2026-03-19,19.7,27.55,27.0,29.0,19.7,29.0,27.0,65.0,5.0,27,,,Wandsworth,True
https://snobe.co.uk/schools/our-lady-queen-heaven-rc-school,101051,Our Lady Queen of Heaven RC School,Wandsworth,Victoria Drive,London,SW19 6AD,Primary,Roman Catholic,29.0,95,27.0,26.732673,317,51.44797,-0.220367,Our Lady Queen of Heaven RC School,29.0,A+,Ofsted Outstanding,http://www.ourladyqueenofheaven.wandsworth.sch.uk/?utm_source=snobe-co-uk&utm_medium=school-profile&utm_campaign=organic,2026-03-19,19.7,27.55,27.0,29.0,19.7,29.0,27.0,65.0,5.0,30,,,Wandsworth,True
https://snobe.co.uk/schools/our-lady-queen-heaven-rc-school,101051,Our Lady Queen of Heaven RC School,Wandsworth,Victoria Drive,London,SW19 6AD,Primary,Roman Catholic,29.0,111,27.0,26.732673,370,51.44797,-0.220367,Our Lady Queen of Heaven RC School,29.0,A+,Ofsted Outstanding,http://www.ourladyqueenofheaven.wandsworth.sch.uk/?utm_source=snobe-co-uk&utm_medium=school-profile&utm_campaign=organic,2026-03-19,19.7,27.55,27.0,29.0,19.7,29.0,27.0,65.0,5.0,30,,,Wandsworth,True
https://snobe.co.uk/schools/our-lady-queen-heaven-rc-school,101051,Our Lady Queen of Heaven RC School,Wandsworth,Victoria Drive,London,SW19 6AD,Primary,Roman Catholic,29.0,107,27.0,26.732673,382,51.44797,-0.220367,Our Lady Queen of Heaven RC School,29.0,A+,Ofsted Outstanding,http://www.ourladyqueenofheaven.wandsworth.sch.uk/?utm_source=snobe-co-uk&utm_medium=school-profile&utm_campaign=organic,2026-03-19,19.7,27.55,27.0,29.0,19.7,29.0,27.0,65.0,5.0,28,,,Wandsworth,True
https://snobe.co.uk/schools/our-lady-queen-heaven-rc-school,101051,Our Lady Queen of Heaven RC School,Wandsworth,Victoria Drive,London,SW19 6AD,Primary,Roman Catholic,29.0,112,27.0,26.732673,415,51.44797,-0.220367,Our Lady Queen of Heaven RC School,29.0,A+,Ofsted Outstanding,http://www.ourladyqueenofheaven.wandsworth.sch.uk/?utm_source=snobe-co-uk&utm_medium=school-profile&utm_campaign=organic,2026-03-19,19.7,27.55,27.0,29.0,19.7,29.0,27.0,65.0,5.0,27,,,Wandsworth,True
https://snobe.co.uk/schools/our-lady-queen-heaven-rc-school,101051,Our Lady Queen of Heaven RC School,Wandsworth,Victoria Drive,London,SW19 6AD,Primary,Roman Catholic,29.0,134,27.0,26.732673,447,51.44797,-0.220367,Our Lady Queen of Heaven RC School,29.0,A+,Ofsted Outstanding,http://www.ourladyqueenofheaven.wandsworth.sch.uk/?utm_source=snobe-co-uk&utm_medium=school-profile&utm_campaign=organic,2026-03-19,19.7,27.55,27.0,29.0,19.7,29.0,27.0,65.0,5.0,30,,,Wandsworth,True
https://snobe.co.uk/schools/our-lady-queen-heaven-rc-school,101051,Our Lady Queen of Heaven RC School,Wandsworth,Victoria Drive,London,SW19 6AD,Primary,Roman Catholic,29.0,124,27.0,26.732673,413,51.44797,-0.220367,Our Lady Queen of Heaven RC School,29.0,A+,Ofsted Outstanding,http://www.ourladyqueenofheaven.wandsworth.sch.uk/?utm_source=snobe-co-uk&utm_medium=school-profile&utm_campaign=organic,2026-03-19,19.7,27.55,27.0,29.0,19.7,29.0,27.0,65.0,5.0,30,,,Wandsworth,True
https://snobe.co.uk/schools/our-lady-queen-heaven-rc-school,101051,Our Lady Queen of Heaven RC School,Wandsworth,Victoria Drive,London,SW19 6AD,Primary,Roman Catholic,29.0,135,27.0,26.732673,466,51.44797,-0.220367,Our Lady Queen of Heaven RC School,29.0,A+,Ofsted Outstanding,http://www.ourladyqueenofheaven.wandsworth.sch.uk/?utm_source=snobe-co-uk&utm_medium=school-profile&utm_campaign=organic,2026-03-19,19.7,27.55,27.0,29.0,19.7,29.0,27.0,65.0,5.0,29,,,Wandsworth,True
https://snobe.co.uk/schools/our-lady-queen-heaven-rc-school,101051,Our Lady Queen of Heaven RC School,Wandsworth,Victoria Drive,London,SW19 6AD,Primary,Roman Catholic,29.0,141,27.0,26.732673,470,51.44797,-0.220367,Our Lady Queen of Heaven RC School,29.0,A+,Ofsted Outstanding,http://www.ourladyqueenofheaven.wandsworth.sch.uk/?utm_source=snobe-co-uk&utm_medium=school-profile&utm_campaign=organic,2026-03-19,19.7,27.55,27.0,29.0,19.7,29.0,27.0,65.0,5.0,30,,,Wandsworth,True
https://snobe.co.uk/schools/our-lady-victories-catholic-primary-school,101037,Our Lady of Victories Catholic Primary School,Wandsworth,1 Clarendon Drive,London,SW15 1AW,Primary,Roman Catholic,30.0,110,24.0,21.818182,367,51.463805,-0.223206,Our Lady of Victories Catholic Primary School,30.0,A,Ofsted Good,http://www.ourladyofvictories.wandsworth.sch.uk/?utm_source=snobe-co-uk&utm_medium=school-profile&utm_campaign=organic,2026-03-19,1.5,28.5,24.0,30.0,1.5,30.0,24.0,65.0,5.0,30,,,Wandsworth,True
https://snobe.co.uk/schools/our-lady-victories-catholic-primary-school,101037,Our Lady of Victories Catholic Primary School,Wandsworth,1 Clarendon Drive,London,SW15 1AW,Primary,Roman Catholic,30.0,84,24.0,21.818182,467,51.463805,-0.223206,Our Lady of Victories Catholic Primary School,30.0,A,Ofsted Good,http://www.ourladyofvictories.wandsworth.sch.uk/?utm_source=snobe-co-uk&utm_medium=school-profile&utm_campaign=organic,2026-03-19,1.5,28.5,24.0,30.0,1.5,30.0,24.0,65.0,5.0,18,,,Wandsworth,True
https://snobe.co.uk/schools/our-lady-victories-catholic-primary-school,101037,Our Lady of Victories Catholic Primary School,Wandsworth,1 Clarendon Drive,London,SW15 1AW,Primary,Roman Catholic,30.0,111,24.0,21.818182,370,51.463805,-0.223206,Our Lady of Victories Catholic Primary School,30.0,A,Ofsted Good,http://www.ourladyofvictories.wandsworth.sch.uk/?utm_source=snobe-co-uk&utm_medium=school-profile&utm_campaign=organic,2026-03-19,1.5,28.5,24.0,30.0,1.5,30.0,24.0,65.0,5.0,30,,,Wandsworth,True
https://snobe.co.uk/schools/our-lady-victories-catholic-primary-school,101037,Our Lady of Victories Catholic Primary School,Wandsworth,1 Clarendon Drive,London,SW15 1AW,Primary,Roman Catholic,30.0,124,24.0,21.818182,413,51.463805,-0.223206,Our Lady of Victories Catholic Primary School,30.0,A,Ofsted Good,http://www.ourladyofvictories.wandsworth.sch.uk/?utm_source=snobe-co-uk&utm_medium=school-profile&utm_campaign=organic,2026-03-19,1.5,28.5,24.0,30.0,1.5,30.0,24.0,65.0,5.0,30,,,Wandsworth,True
https://snobe.co.uk/schools/our-lady-victories-catholic-primary-school,101037,Our Lady of Victories Catholic Primary School,Wandsworth,1 Clarendon Drive,London,SW15 1AW,Primary,Roman Catholic,30.0,126,24.0,21.818182,420,51.463805,-0.223206,Our Lady of Victories Catholic Primary School,30.0,A,Ofsted Good,http://www.ourladyofvictories.wandsworth.sch.uk/?utm_source=snobe-co-uk&utm_medium=school-profile&utm_campaign=organic,2026-03-19,1.5,28.5,24.0,30.0,1.5,30.0,24.0,65.0,5.0,30,,,Wandsworth,True
https://snobe.co.uk/schools/our-lady-victories-catholic-primary-school,101037,Our Lady of Victories Catholic Primary School,Wandsworth,1 Clarendon Drive,London,SW15 1AW,Primary,Roman Catholic,30.0,142,24.0,21.818182,473,51.463805,-0.223206,Our Lady of Victories Catholic Primary School,30.0,A,Ofsted Good,http://www.ourladyofvictories.wandsworth.sch.uk/?utm_source=snobe-co-uk&utm_medium=school-profile&utm_campaign=organic,2026-03-19,1.5,28.5,24.0,30.0,1.5,30.0,24.0,65.0,5.0,30,,,Wandsworth,True
https://snobe.co.uk/schools/our-lady-victories-catholic-primary-school,101037,Our Lady of Victories Catholic Primary School,Wandsworth,1 Clarendon Drive,London,SW15 1AW,Primary,Roman Catholic,30.0,182,24.0,21.818182,607,51.463805,-0.223206,Our Lady of Victories Catholic Primary School,30.0,A,Ofsted Good,http://www.ourladyofvictories.wandsworth.sch.uk/?utm_source=snobe-co-uk&utm_medium=school-profile&utm_campaign=organic,2026-03-19,1.5,28.5,24.0,30.0,1.5,30.0,24.0,65.0,5.0,30,,,Wandsworth,True
https://snobe.co.uk/schools/our-lady-victories-catholic-primary-school,101037,Our Lady of Victories Catholic Primary School,Wandsworth,1 Clarendon Drive,London,SW15 1AW,Primary,Roman Catholic,30.0,159,24.0,21.818182,568,51.463805,-0.223206,Our Lady of Victories Catholic Primary School,30.0,A,Ofsted Good,http://www.ourladyofvictories.wandsworth.sch.uk/?utm_source=snobe-co-uk&utm_medium=school-profile&utm_campaign=organic,2026-03-19,1.5,28.5,24.0,30.0,1.5,30.0,24.0,65.0,5.0,28,,,Wandsworth,True
https://snobe.co.uk/schools/our-lady-victories-catholic-primary-school,101037,Our Lady of Victories Catholic Primary School,Wandsworth,1 Clarendon Drive,London,SW15 1AW,Primary,Roman Catholic,30.0,147,24.0,21.818182,507,51.463805,-0.223206,Our Lady of Victories Catholic Primary School,30.0,A,Ofsted Good,http://www.ourladyofvictories.wandsworth.sch.uk/?utm_source=snobe-co-uk&utm_medium=school-profile&utm_campaign=organic,2026-03-19,1.5,28.5,24.0,30.0,1.5,30.0,24.0,65.0,5.0,29,,,Wandsworth,True
https://snobe.co.uk/schools/our-lady-victories-catholic-primary-school,101037,Our Lady of Victories Catholic Primary School,Wandsworth,1 Clarendon Drive,London,SW15 1AW,Primary,Roman Catholic,30.0,156,24.0,21.818182,520,51.463805,-0.223206,Our Lady of Victories Catholic Primary School,30.0,A,Ofsted Good,http://www.ourladyofvictories.wandsworth.sch.uk/?utm_source=snobe-co-uk&utm_medium=school-profile&utm_campaign=organic,2026-03-19,1.5,28.5,24.0,30.0,1.5,30.0,24.0,65.0,5.0,30,,,Wandsworth,True
https://snobe.co.uk/schools/our-lady-victories-catholic-primary-school,101037,Our Lady of Victories Catholic Primary School,Wandsworth,1 Clarendon Drive,London,SW15 1AW,Primary,Roman Catholic,30.0,170,24.0,21.818182,567,51.463805,-0.223206,Our Lady of Victories Catholic Primary School,30.0,A,Ofsted Good,http://www.ourladyofvictories.wandsworth.sch.uk/?utm_source=snobe-co-uk&utm_medium=school-profile&utm_campaign=organic,2026-03-19,1.5,28.5,24.0,30.0,1.5,30.0,24.0,65.0,5.0,30,,,Wandsworth,True
https://snobe.co.uk/schools/our-lady-victories-catholic-primary-school,101037,Our Lady of Victories Catholic Primary School,Wandsworth,1 Clarendon Drive,London,SW15 1AW,Primary,Roman Catholic,30.0,153,24.0,21.818182,528,51.463805,-0.223206,Our Lady of Victories Catholic Primary School,30.0,A,Ofsted Good,http://www.ourladyofvictories.wandsworth.sch.uk/?utm_source=snobe-co-uk&utm_medium=school-profile&utm_campaign=organic,2026-03-19,1.5,28.5,24.0,30.0,1.5,30.0,24.0,65.0,5.0,29,,,Wandsworth,True
https://snobe.co.uk/schools/sacred-heart-catholic-primary-school-battersea,131520,"Sacred Heart Catholic Primary School, Battersea",Wandsworth,Este Road,London,SW11 2TD,Primary,Roman Catholic,39.0,80,24.0,30.0,205,51.469378,-0.166951,"Sacred Heart Catholic Primary School, Battersea",39.0,A,Ofsted Good,http://www.sacredheartschoolbattersea.co.uk/?utm_source=snobe-co-uk&utm_medium=school-profile&utm_campaign=organic,2026-03-19,42.9,37.05,24.0,27.0,42.9,39.0,24.0,65.0,5.0,39,,,Wandsworth,True
https://snobe.co.uk/schools/sacred-heart-catholic-primary-school-battersea,131520,"Sacred Heart Catholic Primary School, Battersea",Wandsworth,Este Road,London,SW11 2TD,Primary,Roman Catholic,39.0,90,24.0,30.0,200,51.469378,-0.166951,"Sacred Heart Catholic Primary School, Battersea",39.0,A,Ofsted Good,http://www.sacredheartschoolbattersea.co.uk/?utm_source=snobe-co-uk&utm_medium=school-profile&utm_campaign=organic,2026-03-19,42.9,37.05,24.0,27.0,42.9,39.0,24.0,65.0,5.0,45,,,Wandsworth,True
https://snobe.co.uk/schools/sacred-heart-catholic-primary-school-battersea,131520,"Sacred Heart Catholic Primary School, Battersea",Wandsworth,Este Road,London,SW11 2TD,Primary,Roman Catholic,39.0,88,24.0,30.0,244,51.469378,-0.166951,"Sacred Heart Catholic Primary School, Battersea",39.0,A,Ofsted Good,http://www.sacredheartschoolbattersea.co.uk/?utm_source=snobe-co-uk&utm_medium=school-profile&utm_campaign=organic,2026-03-19,42.9,37.05,24.0,27.0,42.9,39.0,24.0,65.0,5.0,36,,,Wandsworth,True
https://snobe.co.uk/schools/sacred-heart-catholic-primary-school-battersea,131520,"Sacred Heart Catholic Primary School, Battersea",Wandsworth,Este Road,London,SW11 2TD,Primary,Roman Catholic,39.0,96,24.0,30.0,188,51.469378,-0.166951,"Sacred Heart Catholic Primary School, Battersea",39.0,A,Ofsted Good,http://www.sacredheartschoolbattersea.co.uk/?utm_source=snobe-co-uk&utm_medium=school-profile&utm_campaign=organic,2026-03-19,42.9,37.05,24.0,27.0,42.9,39.0,24.0,65.0,5.0,51,,,Wandsworth,True
https://snobe.co.uk/schools/sacred-heart-catholic-primary-school-battersea,131520,"Sacred Heart Catholic Primary School, Battersea",Wandsworth,Este Road,London,SW11 2TD,Primary,Roman Catholic,39.0,114,24.0,30.0,207,51.469378,-0.166951,"Sacred Heart Catholic Primary School, Battersea",39.0,A,Ofsted Good,http://www.sacredheartschoolbattersea.co.uk/?utm_source=snobe-co-uk&utm_medium=school-profile&utm_campaign=organic,2026-03-19,42.9,37.05,24.0,27.0,42.9,39.0,24.0,65.0,5.0,55,,,Wandsworth,True
https://snobe.co.uk/schools/sacred-heart-catholic-primary-school-battersea,131520,"Sacred Heart Catholic Primary School, Battersea",Wandsworth,Este Road,London,SW11 2TD,Primary,Roman Catholic,39.0,103,24.0,30.0,187,51.469378,-0.166951,"Sacred Heart Catholic Primary School, Battersea",39.0,A,Ofsted Good,http://www.sacredheartschoolbattersea.co.uk/?utm_source=snobe-co-uk&utm_medium=school-profile&utm_campaign=organic,2026-03-19,42.9,37.05,24.0,27.0,42.9,39.0,24.0,65.0,5.0,55,,,Wandsworth,True
https://snobe.co.uk/schools/sacred-heart-catholic-primary-school-battersea,131520,"Sacred Heart Catholic Primary School, Battersea",Wandsworth,Este Road,London,SW11 2TD,Primary,Roman Catholic,39.0,129,24.0,30.0,215,51.469378,-0.166951,"Sacred Heart Catholic Primary School, Battersea",39.0,A,Ofsted Good,http://www.sacredheartschoolbattersea.co.uk/?utm_source=snobe-co-uk&utm_medium=school-profile&utm_campaign=organic,2026-03-19,42.9,37.05,24.0,27.0,42.9,39.0,24.0,65.0,5.0,60,,,Wandsworth,True
https://snobe.co.uk/schools/sacred-heart-catholic-primary-school-battersea,131520,"Sacred Heart Catholic Primary School, Battersea",Wandsworth,Este Road,London,SW11 2TD,Primary,Roman Catholic,39.0,122,24.0,30.0,200,51.469378,-0.166951,"Sacred Heart Catholic Primary School, Battersea",39.0,A,Ofsted Good,http://www.sacredheartschoolbattersea.co.uk/?utm_source=snobe-co-uk&utm_medium=school-profile&utm_campaign=organic,2026-03-19,42.9,37.05,24.0,27.0,42.9,39.0,24.0,65.0,5.0,61,,,Wandsworth,True
https://snobe.co.uk/schools/sacred-heart-catholic-primary-school-battersea,131520,"Sacred Heart Catholic Primary School, Battersea",Wandsworth,Este Road,London,SW11 2TD,Primary,Roman Catholic,39.0,128,24.0,30.0,213,51.469378,-0.166951,"Sacred Heart Catholic Primary School, Battersea",39.0,A,Ofsted Good,http://www.sacredheartschoolbattersea.co.uk/?utm_source=snobe-co-uk&utm_medium=school-profile&utm_campaign=organic,2026-03-19,42.9,37.05,24.0,27.0,42.9,39.0,24.0,65.0,5.0,60,,,Wandsworth,True
https://snobe.co.uk/schools/sacred-heart-catholic-primary-school-battersea,131520,"Sacred Heart Catholic Primary School, Battersea",Wandsworth,Este Road,London,SW11 2TD,Primary,Roman Catholic,39.0,116,24.0,30.0,193,51.469378,-0.166951,"Sacred Heart Catholic Primary School, Battersea",39.0,A,Ofsted Good,http://www.sacredheartschoolbattersea.co.uk/?utm_source=snobe-co-uk&utm_medium=school-profile&utm_campaign=organic,2026-03-19,42.9,37.05,24.0,27.0,42.9,39.0,24.0,65.0,5.0,60,,,Wandsworth,True
https://snobe.co.uk/schools/sacred-heart-catholic-primary-school-battersea,131520,"Sacred Heart Catholic Primary School, Battersea",Wandsworth,Este Road,London,SW11 2TD,Primary,Roman Catholic,39.0,123,24.0,30.0,205,51.469378,-0.166951,"Sacred Heart Catholic Primary School, Battersea",39.0,A,Ofsted Good,http://www.sacredheartschoolbattersea.co.uk/?utm_source=snobe-co-uk&utm_medium=school-profile&utm_campaign=organic,2026-03-19,42.9,37.05,24.0,27.0,42.9,39.0,24.0,65.0,5.0,60,,,Wandsworth,True
https://snobe.co.uk/schools/sacred-heart-catholic-primary-school-battersea,131520,"Sacred Heart Catholic Primary School, Battersea",Wandsworth,Este Road,London,SW11 2TD,Primary,Roman Catholic,39.0,140,24.0,30.0,237,51.469378,-0.166951,"Sacred Heart Catholic Primary School, Battersea",39.0,A,Ofsted Good,http://www.sacredheartschoolbattersea.co.uk/?utm_source=snobe-co-uk&utm_medium=school-profile&utm_campaign=organic,2026-03-19,42.9,37.05,24.0,27.0,42.9,39.0,24.0,65.0,5.0,59,,,Wandsworth,True
https://snobe.co.uk/schools/sacred-heart-catholic-primary-school-roehampton,101050,"Sacred Heart Catholic Primary School, Roehampton",Wandsworth,Roehampton Lane,London,SW15 5NX,Primary,Roman Catholic,43.0,71,33.0,46.478873,165,51.457612,-0.241943,"Sacred Heart Catholic Primary School, Roehampton",43.0,A,Ofsted Good,http://www.sacredheart-roe.wandsworth.sch.uk/?utm_source=snobe-co-uk&utm_medium=school-profile&utm_campaign=organic,2026-03-19,39.6,40.85,33.0,41.0,39.6,43.0,33.0,65.0,5.0,43,,,Wandsworth,True
https://snobe.co.uk/schools/sacred-heart-catholic-primary-school-roehampton,101050,"Sacred Heart Catholic Primary School, Roehampton",Wandsworth,Roehampton Lane,London,SW15 5NX,Primary,Roman Catholic,43.0,76,33.0,46.478873,177,51.457612,-0.241943,"Sacred Heart Catholic Primary School, Roehampton",43.0,A,Ofsted Good,http://www.sacredheart-roe.wandsworth.sch.uk/?utm_source=snobe-co-uk&utm_medium=school-profile&utm_campaign=organic,2026-03-19,39.6,40.85,33.0,41.0,39.6,43.0,33.0,65.0,5.0,43,,,Wandsworth,True
https://snobe.co.uk/schools/sacred-heart-catholic-primary-school-roehampton,101050,"Sacred Heart Catholic Primary School, Roehampton",Wandsworth,Roehampton Lane,London,SW15 5NX,Primary,Roman Catholic,43.0,89,33.0,46.478873,202,51.457612,-0.241943,"Sacred Heart Catholic Primary School, Roehampton",43.0,A,Ofsted Good,http://www.sacredheart-roe.wandsworth.sch.uk/?utm_source=snobe-co-uk&utm_medium=school-profile&utm_campaign=organic,2026-03-19,39.6,40.85,33.0,41.0,39.6,43.0,33.0,65.0,5.0,44,,,Wandsworth,True
https://snobe.co.uk/schools/sacred-heart-catholic-primary-school-roehampton,101050,"Sacred Heart Catholic Primary School, Roehampton",Wandsworth,Roehampton Lane,London,SW15 5NX,Primary,Roman Catholic,43.0,79,33.0,46.478873,226,51.457612,-0.241943,"Sacred Heart Catholic Primary School, Roehampton",43.0,A,Ofsted Good,http://www.sacredheart-roe.wandsworth.sch.uk/?utm_source=snobe-co-uk&utm_medium=school-profile&utm_campaign=organic,2026-03-19,39.6,40.85,33.0,41.0,39.6,43.0,33.0,65.0,5.0,35,,,Wandsworth,True
https://snobe.co.uk/schools/sacred-heart-catholic-primary-school-roehampton,101050,"Sacred Heart Catholic Primary School, Roehampton",Wandsworth,Roehampton Lane,London,SW15 5NX,Primary,Roman Catholic,43.0,81,33.0,46.478873,208,51.457612,-0.241943,"Sacred Heart Catholic Primary School, Roehampton",43.0,A,Ofsted Good,http://www.sacredheart-roe.wandsworth.sch.uk/?utm_source=snobe-co-uk&utm_medium=school-profile&utm_campaign=organic,2026-03-19,39.6,40.85,33.0,41.0,39.6,43.0,33.0,65.0,5.0,39,,,Wandsworth,True
https://snobe.co.uk/schools/sacred-heart-catholic-primary-school-roehampton,101050,"Sacred Heart Catholic Primary School, Roehampton",Wandsworth,Roehampton Lane,London,SW15 5NX,Primary,Roman Catholic,43.0,116,33.0,46.478873,215,51.457612,-0.241943,"Sacred Heart Catholic Primary School, Roehampton",43.0,A,Ofsted Good,http://www.sacredheart-roe.wandsworth.sch.uk/?utm_source=snobe-co-uk&utm_medium=school-profile&utm_campaign=organic,2026-03-19,39.6,40.85,33.0,41.0,39.6,43.0,33.0,65.0,5.0,54,,,Wandsworth,True
https://snobe.co.uk/schools/sacred-heart-catholic-primary-school-roehampton,101050,"Sacred Heart Catholic Primary School, Roehampton",Wandsworth,Roehampton Lane,London,SW15 5NX,Primary,Roman Catholic,43.0,100,33.0,46.478873,213,51.457612,-0.241943,"Sacred Heart Catholic Primary School, Roehampton",43.0,A,Ofsted Good,http://www.sacredheart-roe.wandsworth.sch.uk/?utm_source=snobe-co-uk&utm_medium=school-profile&utm_campaign=organic,2026-03-19,39.6,40.85,33.0,41.0,39.6,43.0,33.0,65.0,5.0,47,,,Wandsworth,True
https://snobe.co.uk/schools/sacred-heart-catholic-primary-school-roehampton,101050,"Sacred Heart Catholic Primary School, Roehampton",Wandsworth,Roehampton Lane,London,SW15 5NX,Primary,Roman Catholic,43.0,127,33.0,46.478873,219,51.457612,-0.241943,"Sacred Heart Catholic Primary School, Roehampton",43.0,A,Ofsted Good,http://www.sacredheart-roe.wandsworth.sch.uk/?utm_source=snobe-co-uk&utm_medium=school-profile&utm_campaign=organic,2026-03-19,39.6,40.85,33.0,41.0,39.6,43.0,33.0,65.0,5.0,58,,,Wandsworth,True
https://snobe.co.uk/schools/sacred-heart-catholic-primary-school-roehampton,101050,"Sacred Heart Catholic Primary School, Roehampton",Wandsworth,Roehampton Lane,London,SW15 5NX,Primary,Roman Catholic,43.0,120,33.0,46.478873,200,51.457612,-0.241943,"Sacred Heart Catholic Primary School, Roehampton",43.0,A,Ofsted Good,http://www.sacredheart-roe.wandsworth.sch.uk/?utm_source=snobe-co-uk&utm_medium=school-profile&utm_campaign=organic,2026-03-19,39.6,40.85,33.0,41.0,39.6,43.0,33.0,65.0,5.0,60,,,Wandsworth,True
https://snobe.co.uk/schools/sacred-heart-catholic-primary-school-roehampton,101050,"Sacred Heart Catholic Primary School, Roehampton",Wandsworth,Roehampton Lane,London,SW15 5NX,Primary,Roman Catholic,43.0,158,33.0,46.478873,263,51.457612,-0.241943,"Sacred Heart Catholic Primary School, Roehampton",43.0,A,Ofsted Good,http://www.sacredheart-roe.wandsworth.sch.uk/?utm_source=snobe-co-uk&utm_medium=school-profile&utm_campaign=organic,2026-03-19,39.6,40.85,33.0,41.0,39.6,43.0,33.0,65.0,5.0,60,,,Wandsworth,True
https://snobe.co.uk/schools/sacred-heart-catholic-primary-school-roehampton,101050,"Sacred Heart Catholic Primary School, Roehampton",Wandsworth,Roehampton Lane,London,SW15 5NX,Primary,Roman Catholic,43.0,135,33.0,46.478873,225,51.457612,-0.241943,"Sacred Heart Catholic Primary School, Roehampton",43.0,A,Ofsted Good,http://www.sacredheart-roe.wandsworth.sch.uk/?utm_source=snobe-co-uk&utm_medium=school-profile&utm_campaign=organic,2026-03-19,39.6,40.85,33.0,41.0,39.6,43.0,33.0,65.0,5.0,60,,,Wandsworth,True
https://snobe.co.uk/schools/sacred-heart-catholic-primary-school-roehampton,101050,"Sacred Heart Catholic Primary School, Roehampton",Wandsworth,Roehampton Lane,London,SW15 5NX,Primary,Roman Catholic,43.0,129,33.0,46.478873,211,51.457612,-0.241943,"Sacred Heart Catholic Primary School, Roehampton",43.0,A,Ofsted Good,http://www.sacredheart-roe.wandsworth.sch.uk/?utm_source=snobe-co-uk&utm_medium=school-profile&utm_campaign=organic,2026-03-19,39.6,40.85,33.0,41.0,39.6,43.0,33.0,65.0,5.0,61,,,Wandsworth,True
https://snobe.co.uk/schools/saint-john-bosco-college,135762,Saint John Bosco College,Wandsworth,Parkham Street,London,SW11 3DQ,Secondary,Roman Catholic,132.0,262,89.0,33.969466,198,51.474734,-0.171935,Saint John Bosco College,132.0,B+,Ofsted Good,http://www.sjbc.wandsworth.sch.uk/?utm_source=snobe-co-uk&utm_medium=school-profile&utm_campaign=organic,2026-03-19,47.3,125.4,89.0,113.0,47.3,132.0,89.0,65.0,5.0,132,,,Wandsworth,True
https://snobe.co.uk/schools/saint-john-bosco-college,135762,Saint John Bosco College,Wandsworth,Parkham Street,London,SW11 3DQ,Secondary,Roman Catholic,132.0,275,89.0,33.969466,194,51.474734,-0.171935,Saint John Bosco College,132.0,B+,Ofsted Good,http://www.sjbc.wandsworth.sch.uk/?utm_source=snobe-co-uk&utm_medium=school-profile&utm_campaign=organic,2026-03-19,47.3,125.4,89.0,113.0,47.3,132.0,89.0,65.0,5.0,142,,,Wandsworth,True
https://snobe.co.uk/schools/saint-john-bosco-college,135762,Saint John Bosco College,Wandsworth,Parkham Street,London,SW11 3DQ,Secondary,Roman Catholic,132.0,264,89.0,33.969466,198,51.474734,-0.171935,Saint John Bosco College,132.0,B+,Ofsted Good,http://www.sjbc.wandsworth.sch.uk/?utm_source=snobe-co-uk&utm_medium=school-profile&utm_campaign=organic,2026-03-19,47.3,125.4,89.0,113.0,47.3,132.0,89.0,65.0,5.0,133,,,Wandsworth,True
https://snobe.co.uk/schools/saint-john-bosco-college,135762,Saint John Bosco College,Wandsworth,Parkham Street,London,SW11 3DQ,Secondary,Roman Catholic,132.0,290,89.0,33.969466,240,51.474734,-0.171935,Saint John Bosco College,132.0,B+,Ofsted Good,http://www.sjbc.wandsworth.sch.uk/?utm_source=snobe-co-uk&utm_medium=school-profile&utm_campaign=organic,2026-03-19,47.3,125.4,89.0,113.0,47.3,132.0,89.0,65.0,5.0,121,,,Wandsworth,True
https://snobe.co.uk/schools/saint-john-bosco-college,135762,Saint John Bosco College,Wandsworth,Parkham Street,London,SW11 3DQ,Secondary,Roman Catholic,132.0,280,89.0,33.969466,190,51.474734,-0.171935,Saint John Bosco College,132.0,B+,Ofsted Good,http://www.sjbc.wandsworth.sch.uk/?utm_source=snobe-co-uk&utm_medium=school-profile&utm_campaign=organic,2026-03-19,47.3,125.4,89.0,113.0,47.3,132.0,89.0,65.0,5.0,147,,,Wandsworth,True
https://snobe.co.uk/schools/saint-john-bosco-college,135762,Saint John Bosco College,Wandsworth,Parkham Street,London,SW11 3DQ,Secondary,Roman Catholic,132.0,303,89.0,33.969466,192,51.474734,-0.171935,Saint John Bosco College,132.0,B+,Ofsted Good,http://www.sjbc.wandsworth.sch.uk/?utm_source=snobe-co-uk&utm_medium=school-profile&utm_campaign=organic,2026-03-19,47.3,125.4,89.0,113.0,47.3,132.0,89.0,65.0,5.0,158,,,Wandsworth,True
https://snobe.co.uk/schools/saint-john-bosco-college,135762,Saint John Bosco College,Wandsworth,Parkham Street,London,SW11 3DQ,Secondary,Roman Catholic,132.0,285,89.0,33.969466,230,51.474734,-0.171935,Saint John Bosco College,132.0,B+,Ofsted Good,http://www.sjbc.wandsworth.sch.uk/?utm_source=snobe-co-uk&utm_medium=school-profile&utm_campaign=organic,2026-03-19,47.3,125.4,89.0,113.0,47.3,132.0,89.0,65.0,5.0,124,,,Wandsworth,True
https://snobe.co.uk/schools/saint-john-bosco-college,135762,Saint John Bosco College,Wandsworth,Parkham Street,London,SW11 3DQ,Secondary,Roman Catholic,132.0,286,89.0,33.969466,136,51.474734,-0.171935,Saint John Bosco College,132.0,B+,Ofsted Good,http://www.sjbc.wandsworth.sch.uk/?utm_source=snobe-co-uk&utm_medium=school-profile&utm_campaign=organic,2026-03-19,47.3,125.4,89.0,113.0,47.3,132.0,89.0,65.0,5.0,211,,,Wandsworth,True
https://snobe.co.uk/schools/saint-john-bosco-college,135762,Saint John Bosco College,Wandsworth,Parkham Street,London,SW11 3DQ,Secondary,Roman Catholic,132.0,242,89.0,33.969466,165,51.474734,-0.171935,Saint John Bosco College,132.0,B+,Ofsted Good,http://www.sjbc.wandsworth.sch.uk/?utm_source=snobe-co-uk&utm_medium=school-profile&utm_campaign=organic,2026-03-19,47.3,125.4,89.0,113.0,47.3,132.0,89.0,65.0,5.0,147,,,Wandsworth,True
https://snobe.co.uk/schools/saint-john-bosco-college,135762,Saint John Bosco College,Wandsworth,Parkham Street,London,SW11 3DQ,Secondary,Roman Catholic,132.0,251,89.0,33.969466,273,51.474734,-0.171935,Saint John Bosco College,132.0,B+,Ofsted Good,http://www.sjbc.wandsworth.sch.uk/?utm_source=snobe-co-uk&utm_medium=school-profile&utm_campaign=organic,2026-03-19,47.3,125.4,89.0,113.0,47.3,132.0,89.0,65.0,5.0,92,,,Wandsworth,True
https://snobe.co.uk/schools/saint-john-bosco-college,135762,Saint John Bosco College,Wandsworth,Parkham Street,London,SW11 3DQ,Secondary,Roman Catholic,132.0,255,89.0,33.969466,297,51.474734,-0.171935,Saint John Bosco College,132.0,B+,Ofsted Good,http://www.sjbc.wandsworth.sch.uk/?utm_source=snobe-co-uk&utm_medium=school-profile&utm_campaign=organic,2026-03-19,47.3,125.4,89.0,113.0,47.3,132.0,89.0,65.0,5.0,86,,,Wandsworth,True
https://snobe.co.uk/schools/saint-john-bosco-college,135762,Saint John Bosco College,Wandsworth,Parkham Street,London,SW11 3DQ,Secondary,Roman Catholic,132.0,156,89.0,33.969466,347,51.474734,-0.171935,Saint John Bosco College,132.0,B+,Ofsted Good,http://www.sjbc.wandsworth.sch.uk/?utm_source=snobe-co-uk&utm_medium=school-profile&utm_campaign=organic,2026-03-19,47.3,125.4,89.0,113.0,47.3,132.0,89.0,65.0,5.0,45,,,Wandsworth,True
https://snobe.co.uk/schools/st-anselms-catholic-primary-school-0,101052,St Anselm's Catholic Primary School,Wandsworth,Louisville Road,London,SW17 8RW,Primary,Roman Catholic,30.0,89,22.0,24.719101,297,51.435271,-0.15623,St Anselm's Catholic Primary School,30.0,A+,Ofsted Good,http://www.stanselmscatholicprimaryschool.co.uk?utm_source=snobe-co-uk&utm_medium=school-profile&utm_campaign=organic,2026-03-19,6.8,28.5,22.0,30.0,6.8,30.0,22.0,65.0,5.0,30,,,Wandsworth,True
https://snobe.co.uk/schools/st-anselms-catholic-primary-school-0,101052,St Anselm's Catholic Primary School,Wandsworth,Louisville Road,London,SW17 8RW,Primary,Roman Catholic,30.0,93,22.0,24.719101,310,51.435271,-0.15623,St Anselm's Catholic Primary School,30.0,A+,Ofsted Good,http://www.stanselmscatholicprimaryschool.co.uk?utm_source=snobe-co-uk&utm_medium=school-profile&utm_campaign=organic,2026-03-19,6.8,28.5,22.0,30.0,6.8,30.0,22.0,65.0,5.0,30,,,Wandsworth,True
https://snobe.co.uk/schools/st-anselms-catholic-primary-school-0,101052,St Anselm's Catholic Primary School,Wandsworth,Louisville Road,London,SW17 8RW,Primary,Roman Catholic,30.0,98,22.0,24.719101,338,51.435271,-0.15623,St Anselm's Catholic Primary School,30.0,A+,Ofsted Good,http://www.stanselmscatholicprimaryschool.co.uk?utm_source=snobe-co-uk&utm_medium=school-profile&utm_campaign=organic,2026-03-19,6.8,28.5,22.0,30.0,6.8,30.0,22.0,65.0,5.0,29,,,Wandsworth,True
https://snobe.co.uk/schools/st-anselms-catholic-primary-school-0,101052,St Anselm's Catholic Primary School,Wandsworth,Louisville Road,London,SW17 8RW,Primary,Roman Catholic,30.0,91,22.0,24.719101,303,51.435271,-0.15623,St Anselm's Catholic Primary School,30.0,A+,Ofsted Good,http://www.stanselmscatholicprimaryschool.co.uk?utm_source=snobe-co-uk&utm_medium=school-profile&utm_campaign=organic,2026-03-19,6.8,28.5,22.0,30.0,6.8,30.0,22.0,65.0,5.0,30,,,Wandsworth,True
https://snobe.co.uk/schools/st-anselms-catholic-primary-school-0,101052,St Anselm's Catholic Primary School,Wandsworth,Louisville Road,London,SW17 8RW,Primary,Roman Catholic,30.0,108,22.0,24.719101,360,51.435271,-0.15623,St Anselm's Catholic Primary School,30.0,A+,Ofsted Good,http://www.stanselmscatholicprimaryschool.co.uk?utm_source=snobe-co-uk&utm_medium=school-profile&utm_campaign=organic,2026-03-19,6.8,28.5,22.0,30.0,6.8,30.0,22.0,65.0,5.0,30,,,Wandsworth,True
https://snobe.co.uk/schools/st-anselms-catholic-primary-school-0,101052,St Anselm's Catholic Primary School,Wandsworth,Louisville Road,London,SW17 8RW,Primary,Roman Catholic,30.0,113,22.0,24.719101,404,51.435271,-0.15623,St Anselm's Catholic Primary School,30.0,A+,Ofsted Good,http://www.stanselmscatholicprimaryschool.co.uk?utm_source=snobe-co-uk&utm_medium=school-profile&utm_campaign=organic,2026-03-19,6.8,28.5,22.0,30.0,6.8,30.0,22.0,65.0,5.0,28,,,Wandsworth,True
https://snobe.co.uk/schools/st-anselms-catholic-primary-school-0,101052,St Anselm's Catholic Primary School,Wandsworth,Louisville Road,London,SW17 8RW,Primary,Roman Catholic,30.0,94,22.0,24.719101,313,51.435271,-0.15623,St Anselm's Catholic Primary School,30.0,A+,Ofsted Good,http://www.stanselmscatholicprimaryschool.co.uk?utm_source=snobe-co-uk&utm_medium=school-profile&utm_campaign=organic,2026-03-19,6.8,28.5,22.0,30.0,6.8,30.0,22.0,65.0,5.0,30,,,Wandsworth,True
https://snobe.co.uk/schools/st-anselms-catholic-primary-school-0,101052,St Anselm's Catholic Primary School,Wandsworth,Louisville Road,London,SW17 8RW,Primary,Roman Catholic,30.0,108,22.0,24.719101,372,51.435271,-0.15623,St Anselm's Catholic Primary School,30.0,A+,Ofsted Good,http://www.stanselmscatholicprimaryschool.co.uk?utm_source=snobe-co-uk&utm_medium=school-profile&utm_campaign=organic,2026-03-19,6.8,28.5,22.0,30.0,6.8,30.0,22.0,65.0,5.0,29,,,Wandsworth,True
https://snobe.co.uk/schools/st-anselms-catholic-primary-school-0,101052,St Anselm's Catholic Primary School,Wandsworth,Louisville Road,London,SW17 8RW,Primary,Roman Catholic,30.0,113,22.0,24.719101,377,51.435271,-0.15623,St Anselm's Catholic Primary School,30.0,A+,Ofsted Good,http://www.stanselmscatholicprimaryschool.co.uk?utm_source=snobe-co-uk&utm_medium=school-profile&utm_campaign=organic,2026-03-19,6.8,28.5,22.0,30.0,6.8,30.0,22.0,65.0,5.0,30,,,Wandsworth,True
https://snobe.co.uk/schools/st-anselms-catholic-primary-school-0,101052,St Anselm's Catholic Primary School,Wandsworth,Louisville Road,London,SW17 8RW,Primary,Roman Catholic,30.0,137,22.0,24.719101,457,51.435271,-0.15623,St Anselm's Catholic Primary School,30.0,A+,Ofsted Good,http://www.stanselmscatholicprimaryschool.co.uk?utm_source=snobe-co-uk&utm_medium=school-profile&utm_campaign=organic,2026-03-19,6.8,28.5,22.0,30.0,6.8,30.0,22.0,65.0,5.0,30,,,Wandsworth,True
https://snobe.co.uk/schools/st-anselms-catholic-primary-school-0,101052,St Anselm's Catholic Primary School,Wandsworth,Louisville Road,London,SW17 8RW,Primary,Roman Catholic,30.0,148,22.0,24.719101,493,51.435271,-0.15623,St Anselm's Catholic Primary School,30.0,A+,Ofsted Good,http://www.stanselmscatholicprimaryschool.co.uk?utm_source=snobe-co-uk&utm_medium=school-profile&utm_campaign=organic,2026-03-19,6.8,28.5,22.0,30.0,6.8,30.0,22.0,65.0,5.0,30,,,Wandsworth,True
https://snobe.co.uk/schools/st-anselms-catholic-primary-school-0,101052,St Anselm's Catholic Primary School,Wandsworth,Louisville Road,London,SW17 8RW,Primary,Roman Catholic,30.0,139,22.0,24.719101,463,51.435271,-0.15623,St Anselm's Catholic Primary School,30.0,A+,Ofsted Good,http://www.stanselmscatholicprimaryschool.co.uk?utm_source=snobe-co-uk&utm_medium=school-profile&utm_campaign=organic,2026-03-19,6.8,28.5,22.0,30.0,6.8,30.0,22.0,65.0,5.0,30,,,Wandsworth,True
https://snobe.co.uk/schools/st-boniface-rc-primary-school,101042,St Boniface RC Primary School,Wandsworth,Undine Street,London,SW17 8PP,Primary,Roman Catholic,30.0,55,18.0,32.727273,183,51.427353,-0.164576,St Boniface RC Primary School,30.0,A,Ofsted Good,http://www.stboniface.wandsworth.sch.uk/?utm_source=snobe-co-uk&utm_medium=school-profile&utm_campaign=organic,2026-03-19,16.9,28.5,18.0,24.0,16.9,30.0,18.0,65.0,5.0,30,,,Wandsworth,True
https://snobe.co.uk/schools/st-boniface-rc-primary-school,101042,St Boniface RC Primary School,Wandsworth,Undine Street,London,SW17 8PP,Primary,Roman Catholic,30.0,85,18.0,32.727273,283,51.427353,-0.164576,St Boniface RC Primary School,30.0,A,Ofsted Good,http://www.stboniface.wandsworth.sch.uk/?utm_source=snobe-co-uk&utm_medium=school-profile&utm_campaign=organic,2026-03-19,16.9,28.5,18.0,24.0,16.9,30.0,18.0,65.0,5.0,30,,,Wandsworth,True
https://snobe.co.uk/schools/st-boniface-rc-primary-school,101042,St Boniface RC Primary School,Wandsworth,Undine Street,London,SW17 8PP,Primary,Roman Catholic,30.0,78,18.0,32.727273,260,51.427353,-0.164576,St Boniface RC Primary School,30.0,A,Ofsted Good,http://www.stboniface.wandsworth.sch.uk/?utm_source=snobe-co-uk&utm_medium=school-profile&utm_campaign=organic,2026-03-19,16.9,28.5,18.0,24.0,16.9,30.0,18.0,65.0,5.0,30,,,Wandsworth,True
https://snobe.co.uk/schools/st-boniface-rc-primary-school,101042,St Boniface RC Primary School,Wandsworth,Undine Street,London,SW17 8PP,Primary,Roman Catholic,30.0,93,18.0,32.727273,258,51.427353,-0.164576,St Boniface RC Primary School,30.0,A,Ofsted Good,http://www.stboniface.wandsworth.sch.uk/?utm_source=snobe-co-uk&utm_medium=school-profile&utm_campaign=organic,2026-03-19,16.9,28.5,18.0,24.0,16.9,30.0,18.0,65.0,5.0,36,,,Wandsworth,True
https://snobe.co.uk/schools/st-boniface-rc-primary-school,101042,St Boniface RC Primary School,Wandsworth,Undine Street,London,SW17 8PP,Primary,Roman Catholic,30.0,88,18.0,32.727273,200,51.427353,-0.164576,St Boniface RC Primary School,30.0,A,Ofsted Good,http://www.stboniface.wandsworth.sch.uk/?utm_source=snobe-co-uk&utm_medium=school-profile&utm_campaign=organic,2026-03-19,16.9,28.5,18.0,24.0,16.9,30.0,18.0,65.0,5.0,44,,,Wandsworth,True
https://snobe.co.uk/schools/st-boniface-rc-primary-school,101042,St Boniface RC Primary School,Wandsworth,Undine Street,London,SW17 8PP,Primary,Roman Catholic,30.0,93,18.0,32.727273,258,51.427353,-0.164576,St Boniface RC Primary School,30.0,A,Ofsted Good,http://www.stboniface.wandsworth.sch.uk/?utm_source=snobe-co-uk&utm_medium=school-profile&utm_campaign=organic,2026-03-19,16.9,28.5,18.0,24.0,16.9,30.0,18.0,65.0,5.0,36,,,Wandsworth,True
https://snobe.co.uk/schools/st-boniface-rc-primary-school,101042,St Boniface RC Primary School,Wandsworth,Undine Street,London,SW17 8PP,Primary,Roman Catholic,30.0,116,18.0,32.727273,242,51.427353,-0.164576,St Boniface RC Primary School,30.0,A,Ofsted Good,http://www.stboniface.wandsworth.sch.uk/?utm_source=snobe-co-uk&utm_medium=school-profile&utm_campaign=organic,2026-03-19,16.9,28.5,18.0,24.0,16.9,30.0,18.0,65.0,5.0,48,,,Wandsworth,True
https://snobe.co.uk/schools/st-boniface-rc-primary-school,101042,St Boniface RC Primary School,Wandsworth,Undine Street,London,SW17 8PP,Primary,Roman Catholic,30.0,104,18.0,32.727273,231,51.427353,-0.164576,St Boniface RC Primary School,30.0,A,Ofsted Good,http://www.stboniface.wandsworth.sch.uk/?utm_source=snobe-co-uk&utm_medium=school-profile&utm_campaign=organic,2026-03-19,16.9,28.5,18.0,24.0,16.9,30.0,18.0,65.0,5.0,45,,,Wandsworth,True
https://snobe.co.uk/schools/st-boniface-rc-primary-school,101042,St Boniface RC Primary School,Wandsworth,Undine Street,London,SW17 8PP,Primary,Roman Catholic,30.0,133,18.0,32.727273,266,51.427353,-0.164576,St Boniface RC Primary School,30.0,A,Ofsted Good,http://www.stboniface.wandsworth.sch.uk/?utm_source=snobe-co-uk&utm_medium=school-profile&utm_campaign=organic,2026-03-19,16.9,28.5,18.0,24.0,16.9,30.0,18.0,65.0,5.0,50,,,Wandsworth,True
https://snobe.co.uk/schools/st-boniface-rc-primary-school,101042,St Boniface RC Primary School,Wandsworth,Undine Street,London,SW17 8PP,Primary,Roman Catholic,30.0,139,18.0,32.727273,278,51.427353,-0.164576,St Boniface RC Primary School,30.0,A,Ofsted Good,http://www.stboniface.wandsworth.sch.uk/?utm_source=snobe-co-uk&utm_medium=school-profile&utm_campaign=organic,2026-03-19,16.9,28.5,18.0,24.0,16.9,30.0,18.0,65.0,5.0,50,,,Wandsworth,True
https://snobe.co.uk/schools/st-boniface-rc-primary-school,101042,St Boniface RC Primary School,Wandsworth,Undine Street,London,SW17 8PP,Primary,Roman Catholic,30.0,181,18.0,32.727273,362,51.427353,-0.164576,St Boniface RC Primary School,30.0,A,Ofsted Good,http://www.stboniface.wandsworth.sch.uk/?utm_source=snobe-co-uk&utm_medium=school-profile&utm_campaign=organic,2026-03-19,16.9,28.5,18.0,24.0,16.9,30.0,18.0,65.0,5.0,50,,,Wandsworth,True
https://snobe.co.uk/schools/st-boniface-rc-primary-school,101042,St Boniface RC Primary School,Wandsworth,Undine Street,London,SW17 8PP,Primary,Roman Catholic,30.0,167,18.0,32.727273,371,51.427353,-0.164576,St Boniface RC Primary School,30.0,A,Ofsted Good,http://www.stboniface.wandsworth.sch.uk/?utm_source=snobe-co-uk&utm_medium=school-profile&utm_campaign=organic,2026-03-19,16.9,28.5,18.0,24.0,16.9,30.0,18.0,65.0,5.0,45,,,Wandsworth,True
https://snobe.co.uk/schools/st-josephs-catholic-primary-and-nursery-school-1,101045,St Joseph's Catholic Primary and Nursery School,Wandsworth,90 Oakhill Road,London,SW15 2QD,Primary,Roman Catholic,30.0,57,11.0,19.298246,190,51.459195,-0.200439,St Joseph's Catholic Primary and Nursery School,30.0,A+,Ofsted Good,https://www.stjosephs.wandsworth.sch.uk?utm_source=snobe-co-uk&utm_medium=school-profile&utm_campaign=organic,2026-03-19,36.8,28.5,11.0,15.0,36.8,30.0,11.0,65.0,5.0,30,,,Wandsworth,True
https://snobe.co.uk/schools/st-josephs-catholic-primary-and-nursery-school-1,101045,St Joseph's Catholic Primary and Nursery School,Wandsworth,90 Oakhill Road,London,SW15 2QD,Primary,Roman Catholic,30.0,52,11.0,19.298246,371,51.459195,-0.200439,St Joseph's Catholic Primary and Nursery School,30.0,A+,Ofsted Good,https://www.stjosephs.wandsworth.sch.uk?utm_source=snobe-co-uk&utm_medium=school-profile&utm_campaign=organic,2026-03-19,36.8,28.5,11.0,15.0,36.8,30.0,11.0,65.0,5.0,14,,,Wandsworth,True
https://snobe.co.uk/schools/st-josephs-catholic-primary-and-nursery-school-1,101045,St Joseph's Catholic Primary and Nursery School,Wandsworth,90 Oakhill Road,London,SW15 2QD,Primary,Roman Catholic,30.0,56,11.0,19.298246,233,51.459195,-0.200439,St Joseph's Catholic Primary and Nursery School,30.0,A+,Ofsted Good,https://www.stjosephs.wandsworth.sch.uk?utm_source=snobe-co-uk&utm_medium=school-profile&utm_campaign=organic,2026-03-19,36.8,28.5,11.0,15.0,36.8,30.0,11.0,65.0,5.0,24,,,Wandsworth,True
https://snobe.co.uk/schools/st-josephs-catholic-primary-and-nursery-school-1,101045,St Joseph's Catholic Primary and Nursery School,Wandsworth,90 Oakhill Road,London,SW15 2QD,Primary,Roman Catholic,30.0,38,11.0,19.298246,475,51.459195,-0.200439,St Joseph's Catholic Primary and Nursery School,30.0,A+,Ofsted Good,https://www.stjosephs.wandsworth.sch.uk?utm_source=snobe-co-uk&utm_medium=school-profile&utm_campaign=organic,2026-03-19,36.8,28.5,11.0,15.0,36.8,30.0,11.0,65.0,5.0,8,,,Wandsworth,True
https://snobe.co.uk/schools/st-josephs-catholic-primary-and-nursery-school-1,101045,St Joseph's Catholic Primary and Nursery School,Wandsworth,90 Oakhill Road,London,SW15 2QD,Primary,Roman Catholic,30.0,75,11.0,19.298246,250,51.459195,-0.200439,St Joseph's Catholic Primary and Nursery School,30.0,A+,Ofsted Good,https://www.stjosephs.wandsworth.sch.uk?utm_source=snobe-co-uk&utm_medium=school-profile&utm_campaign=organic,2026-03-19,36.8,28.5,11.0,15.0,36.8,30.0,11.0,65.0,5.0,30,,,Wandsworth,True
https://snobe.co.uk/schools/st-josephs-catholic-primary-and-nursery-school-1,101045,St Joseph's Catholic Primary and Nursery School,Wandsworth,90 Oakhill Road,London,SW15 2QD,Primary,Roman Catholic,30.0,73,11.0,19.298246,243,51.459195,-0.200439,St Joseph's Catholic Primary and Nursery School,30.0,A+,Ofsted Good,https://www.stjosephs.wandsworth.sch.uk?utm_source=snobe-co-uk&utm_medium=school-profile&utm_campaign=organic,2026-03-19,36.8,28.5,11.0,15.0,36.8,30.0,11.0,65.0,5.0,30,,,Wandsworth,True
https://snobe.co.uk/schools/st-josephs-catholic-primary-and-nursery-school-1,101045,St Joseph's Catholic Primary and Nursery School,Wandsworth,90 Oakhill Road,London,SW15 2QD,Primary,Roman Catholic,30.0,79,11.0,19.298246,263,51.459195,-0.200439,St Joseph's Catholic Primary and Nursery School,30.0,A+,Ofsted Good,https://www.stjosephs.wandsworth.sch.uk?utm_source=snobe-co-uk&utm_medium=school-profile&utm_campaign=organic,2026-03-19,36.8,28.5,11.0,15.0,36.8,30.0,11.0,65.0,5.0,30,,,Wandsworth,True
https://snobe.co.uk/schools/st-josephs-catholic-primary-and-nursery-school-1,101045,St Joseph's Catholic Primary and Nursery School,Wandsworth,90 Oakhill Road,London,SW15 2QD,Primary,Roman Catholic,30.0,82,11.0,19.298246,273,51.459195,-0.200439,St Joseph's Catholic Primary and Nursery School,30.0,A+,Ofsted Good,https://www.stjosephs.wandsworth.sch.uk?utm_source=snobe-co-uk&utm_medium=school-profile&utm_campaign=organic,2026-03-19,36.8,28.5,11.0,15.0,36.8,30.0,11.0,65.0,5.0,30,,,Wandsworth,True
https://snobe.co.uk/schools/st-josephs-catholic-primary-and-nursery-school-1,101045,St Joseph's Catholic Primary and Nursery School,Wandsworth,90 Oakhill Road,London,SW15 2QD,Primary,Roman Catholic,30.0,73,11.0,19.298246,243,51.459195,-0.200439,St Joseph's Catholic Primary and Nursery School,30.0,A+,Ofsted Good,https://www.stjosephs.wandsworth.sch.uk?utm_source=snobe-co-uk&utm_medium=school-profile&utm_campaign=organic,2026-03-19,36.8,28.5,11.0,15.0,36.8,30.0,11.0,65.0,5.0,30,,,Wandsworth,True
https://snobe.co.uk/schools/st-josephs-catholic-primary-and-nursery-school-1,101045,St Joseph's Catholic Primary and Nursery School,Wandsworth,90 Oakhill Road,London,SW15 2QD,Primary,Roman Catholic,30.0,85,11.0,19.298246,283,51.459195,-0.200439,St Joseph's Catholic Primary and Nursery School,30.0,A+,Ofsted Good,https://www.stjosephs.wandsworth.sch.uk?utm_source=snobe-co-uk&utm_medium=school-profile&utm_campaign=organic,2026-03-19,36.8,28.5,11.0,15.0,36.8,30.0,11.0,65.0,5.0,30,,,Wandsworth,True
https://snobe.co.uk/schools/st-josephs-catholic-primary-and-nursery-school-1,101045,St Joseph's Catholic Primary and Nursery School,Wandsworth,90 Oakhill Road,London,SW15 2QD,Primary,Roman Catholic,30.0,74,11.0,19.298246,247,51.459195,-0.200439,St Joseph's Catholic Primary and Nursery School,30.0,A+,Ofsted Good,https://www.stjosephs.wandsworth.sch.uk?utm_source=snobe-co-uk&utm_medium=school-profile&utm_campaign=organic,2026-03-19,36.8,28.5,11.0,15.0,36.8,30.0,11.0,65.0,5.0,30,,,Wandsworth,True
https://snobe.co.uk/schools/st-josephs-catholic-primary-and-nursery-school-1,101045,St Joseph's Catholic Primary and Nursery School,Wandsworth,90 Oakhill Road,London,SW15 2QD,Primary,Roman Catholic,30.0,87,11.0,19.298246,300,51.459195,-0.200439,St Joseph's Catholic Primary and Nursery School,30.0,A+,Ofsted Good,https://www.stjosephs.wandsworth.sch.uk?utm_source=snobe-co-uk&utm_medium=school-profile&utm_campaign=organic,2026-03-19,36.8,28.5,11.0,15.0,36.8,30.0,11.0,65.0,5.0,29,,,Wandsworth,True
https://snobe.co.uk/schools/st-marys-rc-voluntary-aided-primary-school,101048,St Mary's RC Voluntary Aided Primary School,Wandsworth,7 St Josephs Street,London,SW8 4EN,Primary,Roman Catholic,25.0,57,22.0,38.596491,228,51.476569,-0.146156,St Mary's RC Voluntary Aided Primary School,25.0,A+,Ofsted Good,http://www.stmarysschoolbattersea.co.uk?utm_source=snobe-co-uk&utm_medium=school-profile&utm_campaign=organic,2026-03-19,46.6,23.75,22.0,25.0,46.6,25.0,22.0,65.0,5.0,25,,,Wandsworth,True
https://snobe.co.uk/schools/st-marys-rc-voluntary-aided-primary-school,101048,St Mary's RC Voluntary Aided Primary School,Wandsworth,7 St Josephs Street,London,SW8 4EN,Primary,Roman Catholic,25.0,51,22.0,38.596491,176,51.476569,-0.146156,St Mary's RC Voluntary Aided Primary School,25.0,A+,Ofsted Good,http://www.stmarysschoolbattersea.co.uk?utm_source=snobe-co-uk&utm_medium=school-profile&utm_campaign=organic,2026-03-19,46.6,23.75,22.0,25.0,46.6,25.0,22.0,65.0,5.0,29,,,Wandsworth,True
https://snobe.co.uk/schools/st-marys-rc-voluntary-aided-primary-school,101048,St Mary's RC Voluntary Aided Primary School,Wandsworth,7 St Josephs Street,London,SW8 4EN,Primary,Roman Catholic,25.0,45,22.0,38.596491,237,51.476569,-0.146156,St Mary's RC Voluntary Aided Primary School,25.0,A+,Ofsted Good,http://www.stmarysschoolbattersea.co.uk?utm_source=snobe-co-uk&utm_medium=school-profile&utm_campaign=organic,2026-03-19,46.6,23.75,22.0,25.0,46.6,25.0,22.0,65.0,5.0,19,,,Wandsworth,True
https://snobe.co.uk/schools/st-marys-rc-voluntary-aided-primary-school,101048,St Mary's RC Voluntary Aided Primary School,Wandsworth,7 St Josephs Street,London,SW8 4EN,Primary,Roman Catholic,25.0,39,22.0,38.596491,177,51.476569,-0.146156,St Mary's RC Voluntary Aided Primary School,25.0,A+,Ofsted Good,http://www.stmarysschoolbattersea.co.uk?utm_source=snobe-co-uk&utm_medium=school-profile&utm_campaign=organic,2026-03-19,46.6,23.75,22.0,25.0,46.6,25.0,22.0,65.0,5.0,22,,,Wandsworth,True
https://snobe.co.uk/schools/st-marys-rc-voluntary-aided-primary-school,101048,St Mary's RC Voluntary Aided Primary School,Wandsworth,7 St Josephs Street,London,SW8 4EN,Primary,Roman Catholic,25.0,53,22.0,38.596491,230,51.476569,-0.146156,St Mary's RC Voluntary Aided Primary School,25.0,A+,Ofsted Good,http://www.stmarysschoolbattersea.co.uk?utm_source=snobe-co-uk&utm_medium=school-profile&utm_campaign=organic,2026-03-19,46.6,23.75,22.0,25.0,46.6,25.0,22.0,65.0,5.0,23,,,Wandsworth,True
https://snobe.co.uk/schools/st-marys-rc-voluntary-aided-primary-school,101048,St Mary's RC Voluntary Aided Primary School,Wandsworth,7 St Josephs Street,London,SW8 4EN,Primary,Roman Catholic,25.0,56,22.0,38.596491,295,51.476569,-0.146156,St Mary's RC Voluntary Aided Primary School,25.0,A+,Ofsted Good,http://www.stmarysschoolbattersea.co.uk?utm_source=snobe-co-uk&utm_medium=school-profile&utm_campaign=organic,2026-03-19,46.6,23.75,22.0,25.0,46.6,25.0,22.0,65.0,5.0,19,,,Wandsworth,True
https://snobe.co.uk/schools/st-marys-rc-voluntary-aided-primary-school,101048,St Mary's RC Voluntary Aided Primary School,Wandsworth,7 St Josephs Street,London,SW8 4EN,Primary,Roman Catholic,25.0,70,22.0,38.596491,259,51.476569,-0.146156,St Mary's RC Voluntary Aided Primary School,25.0,A+,Ofsted Good,http://www.stmarysschoolbattersea.co.uk?utm_source=snobe-co-uk&utm_medium=school-profile&utm_campaign=organic,2026-03-19,46.6,23.75,22.0,25.0,46.6,25.0,22.0,65.0,5.0,27,,,Wandsworth,True
https://snobe.co.uk/schools/st-marys-rc-voluntary-aided-primary-school,101048,St Mary's RC Voluntary Aided Primary School,Wandsworth,7 St Josephs Street,London,SW8 4EN,Primary,Roman Catholic,25.0,79,22.0,38.596491,263,51.476569,-0.146156,St Mary's RC Voluntary Aided Primary School,25.0,A+,Ofsted Good,http://www.stmarysschoolbattersea.co.uk?utm_source=snobe-co-uk&utm_medium=school-profile&utm_campaign=organic,2026-03-19,46.6,23.75,22.0,25.0,46.6,25.0,22.0,65.0,5.0,30,,,Wandsworth,True
https://snobe.co.uk/schools/st-marys-rc-voluntary-aided-primary-school,101048,St Mary's RC Voluntary Aided Primary School,Wandsworth,7 St Josephs Street,London,SW8 4EN,Primary,Roman Catholic,25.0,93,22.0,38.596491,321,51.476569,-0.146156,St Mary's RC Voluntary Aided Primary School,25.0,A+,Ofsted Good,http://www.stmarysschoolbattersea.co.uk?utm_source=snobe-co-uk&utm_medium=school-profile&utm_campaign=organic,2026-03-19,46.6,23.75,22.0,25.0,46.6,25.0,22.0,65.0,5.0,29,,,Wandsworth,True
https://snobe.co.uk/schools/st-marys-rc-voluntary-aided-primary-school,101048,St Mary's RC Voluntary Aided Primary School,Wandsworth,7 St Josephs Street,London,SW8 4EN,Primary,Roman Catholic,25.0,53,22.0,38.596491,204,51.476569,-0.146156,St Mary's RC Voluntary Aided Primary School,25.0,A+,Ofsted Good,http://www.stmarysschoolbattersea.co.uk?utm_source=snobe-co-uk&utm_medium=school-profile&utm_campaign=organic,2026-03-19,46.6,23.75,22.0,25.0,46.6,25.0,22.0,65.0,5.0,26,,,Wandsworth,True
https://snobe.co.uk/schools/st-marys-rc-voluntary-aided-primary-school,101048,St Mary's RC Voluntary Aided Primary School,Wandsworth,7 St Josephs Street,London,SW8 4EN,Primary,Roman Catholic,25.0,64,22.0,38.596491,337,51.476569,-0.146156,St Mary's RC Voluntary Aided Primary School,25.0,A+,Ofsted Good,http://www.stmarysschoolbattersea.co.uk?utm_source=snobe-co-uk&utm_medium=school-profile&utm_campaign=organic,2026-03-19,46.6,23.75,22.0,25.0,46.6,25.0,22.0,65.0,5.0,19,,,Wandsworth,True
https://snobe.co.uk/schools/st-marys-rc-voluntary-aided-primary-school,101048,St Mary's RC Voluntary Aided Primary School,Wandsworth,7 St Josephs Street,London,SW8 4EN,Primary,Roman Catholic,25.0,84,22.0,38.596491,280,51.476569,-0.146156,St Mary's RC Voluntary Aided Primary School,25.0,A+,Ofsted Good,http://www.stmarysschoolbattersea.co.uk?utm_source=snobe-co-uk&utm_medium=school-profile&utm_campaign=organic,2026-03-19,46.6,23.75,22.0,25.0,46.6,25.0,22.0,65.0,5.0,30,,,Wandsworth,True
https://snobe.co.uk/schools/our-lady-dolours-catholic-primary,101124,Our Lady of Dolours Catholic Primary,Westminster,19 Cirencester Street,London,W2 5SR,Primary,Roman Catholic,10.0,31,10.0,32.258065,310,51.52149,-0.191282,Our Lady of Dolours Catholic Primary,10.0,A,Ofsted Good,http://www.ourladydolours.co.uk?utm_source=snobe-co-uk&utm_medium=school-profile&utm_campaign=organic,2026-03-19,57.7,9.5,10.0,10.0,57.7,10.0,10.0,85.0,8.0,10,,,Westminster,True
https://snobe.co.uk/schools/our-lady-dolours-catholic-primary,101124,Our Lady of Dolours Catholic Primary,Westminster,19 Cirencester Street,London,W2 5SR,Primary,Roman Catholic,10.0,22,10.0,32.258065,183,51.52149,-0.191282,Our Lady of Dolours Catholic Primary,10.0,A,Ofsted Good,http://www.ourladydolours.co.uk?utm_source=snobe-co-uk&utm_medium=school-profile&utm_campaign=organic,2026-03-19,57.7,9.5,10.0,10.0,57.7,10.0,10.0,85.0,8.0,12,,,Westminster,True
https://snobe.co.uk/schools/our-lady-dolours-catholic-primary,101124,Our Lady of Dolours Catholic Primary,Westminster,19 Cirencester Street,London,W2 5SR,Primary,Roman Catholic,10.0,35,10.0,32.258065,194,51.52149,-0.191282,Our Lady of Dolours Catholic Primary,10.0,A,Ofsted Good,http://www.ourladydolours.co.uk?utm_source=snobe-co-uk&utm_medium=school-profile&utm_campaign=organic,2026-03-19,57.7,9.5,10.0,10.0,57.7,10.0,10.0,85.0,8.0,18,,,Westminster,True
https://snobe.co.uk/schools/our-lady-dolours-catholic-primary,101124,Our Lady of Dolours Catholic Primary,Westminster,19 Cirencester Street,London,W2 5SR,Primary,Roman Catholic,10.0,35,10.0,32.258065,233,51.52149,-0.191282,Our Lady of Dolours Catholic Primary,10.0,A,Ofsted Good,http://www.ourladydolours.co.uk?utm_source=snobe-co-uk&utm_medium=school-profile&utm_campaign=organic,2026-03-19,57.7,9.5,10.0,10.0,57.7,10.0,10.0,85.0,8.0,15,,,Westminster,True
https://snobe.co.uk/schools/our-lady-dolours-catholic-primary,101124,Our Lady of Dolours Catholic Primary,Westminster,19 Cirencester Street,London,W2 5SR,Primary,Roman Catholic,10.0,58,10.0,32.258065,242,51.52149,-0.191282,Our Lady of Dolours Catholic Primary,10.0,A,Ofsted Good,http://www.ourladydolours.co.uk?utm_source=snobe-co-uk&utm_medium=school-profile&utm_campaign=organic,2026-03-19,57.7,9.5,10.0,10.0,57.7,10.0,10.0,85.0,8.0,24,,,Westminster,True
https://snobe.co.uk/schools/our-lady-dolours-catholic-primary,101124,Our Lady of Dolours Catholic Primary,Westminster,19 Cirencester Street,London,W2 5SR,Primary,Roman Catholic,10.0,58,10.0,32.258065,322,51.52149,-0.191282,Our Lady of Dolours Catholic Primary,10.0,A,Ofsted Good,http://www.ourladydolours.co.uk?utm_source=snobe-co-uk&utm_medium=school-profile&utm_campaign=organic,2026-03-19,57.7,9.5,10.0,10.0,57.7,10.0,10.0,85.0,8.0,18,,,Westminster,True
https://snobe.co.uk/schools/our-lady-dolours-catholic-primary,101124,Our Lady of Dolours Catholic Primary,Westminster,19 Cirencester Street,London,W2 5SR,Primary,Roman Catholic,10.0,64,10.0,32.258065,305,51.52149,-0.191282,Our Lady of Dolours Catholic Primary,10.0,A,Ofsted Good,http://www.ourladydolours.co.uk?utm_source=snobe-co-uk&utm_medium=school-profile&utm_campaign=organic,2026-03-19,57.7,9.5,10.0,10.0,57.7,10.0,10.0,85.0,8.0,21,,,Westminster,True
https://snobe.co.uk/schools/our-lady-dolours-catholic-primary,101124,Our Lady of Dolours Catholic Primary,Westminster,19 Cirencester Street,London,W2 5SR,Primary,Roman Catholic,10.0,54,10.0,32.258065,338,51.52149,-0.191282,Our Lady of Dolours Catholic Primary,10.0,A,Ofsted Good,http://www.ourladydolours.co.uk?utm_source=snobe-co-uk&utm_medium=school-profile&utm_campaign=organic,2026-03-19,57.7,9.5,10.0,10.0,57.7,10.0,10.0,85.0,8.0,16,,,Westminster,True
https://snobe.co.uk/schools/our-lady-dolours-catholic-primary,101124,Our Lady of Dolours Catholic Primary,Westminster,19 Cirencester Street,London,W2 5SR,Primary,Roman Catholic,10.0,64,10.0,32.258065,267,51.52149,-0.191282,Our Lady of Dolours Catholic Primary,10.0,A,Ofsted Good,http://www.ourladydolours.co.uk?utm_source=snobe-co-uk&utm_medium=school-profile&utm_campaign=organic,2026-03-19,57.7,9.5,10.0,10.0,57.7,10.0,10.0,85.0,8.0,24,,,Westminster,True
https://snobe.co.uk/schools/our-lady-dolours-catholic-primary,101124,Our Lady of Dolours Catholic Primary,Westminster,19 Cirencester Street,London,W2 5SR,Primary,Roman Catholic,10.0,67,10.0,32.258065,248,51.52149,-0.191282,Our Lady of Dolours Catholic Primary,10.0,A,Ofsted Good,http://www.ourladydolours.co.uk?utm_source=snobe-co-uk&utm_medium=school-profile&utm_campaign=organic,2026-03-19,57.7,9.5,10.0,10.0,57.7,10.0,10.0,85.0,8.0,27,,,Westminster,True
https://snobe.co.uk/schools/our-lady-dolours-catholic-primary,101124,Our Lady of Dolours Catholic Primary,Westminster,19 Cirencester Street,London,W2 5SR,Primary,Roman Catholic,10.0,77,10.0,32.258065,248,51.52149,-0.191282,Our Lady of Dolours Catholic Primary,10.0,A,Ofsted Good,http://www.ourladydolours.co.uk?utm_source=snobe-co-uk&utm_medium=school-profile&utm_campaign=organic,2026-03-19,57.7,9.5,10.0,10.0,57.7,10.0,10.0,85.0,8.0,31,,,Westminster,True
https://snobe.co.uk/schools/our-lady-dolours-catholic-primary,101124,Our Lady of Dolours Catholic Primary,Westminster,19 Cirencester Street,London,W2 5SR,Primary,Roman Catholic,10.0,78,10.0,32.258065,300,51.52149,-0.191282,Our Lady of Dolours Catholic Primary,10.0,A,Ofsted Good,http://www.ourladydolours.co.uk?utm_source=snobe-co-uk&utm_medium=school-profile&utm_campaign=organic,2026-03-19,57.7,9.5,10.0,10.0,57.7,10.0,10.0,85.0,8.0,26,,,Westminster,True
https://snobe.co.uk/schools/st-edwards-catholic-primary-school,101128,St Edward's Catholic Primary School,Westminster,Lisson Grove,London,NW1 6LH,Primary,Roman Catholic,27.0,69,23.0,33.333333,256,51.523332,-0.165679,St Edward's Catholic Primary School,27.0,A+,Ofsted Good,http://www.stedwardsprimary.org?utm_source=snobe-co-uk&utm_medium=school-profile&utm_campaign=organic,2026-03-19,52.8,25.65,23.0,25.0,52.8,27.0,23.0,85.0,8.0,27,,,Westminster,True
https://snobe.co.uk/schools/st-edwards-catholic-primary-school,101128,St Edward's Catholic Primary School,Westminster,Lisson Grove,London,NW1 6LH,Primary,Roman Catholic,27.0,70,23.0,33.333333,233,51.523332,-0.165679,St Edward's Catholic Primary School,27.0,A+,Ofsted Good,http://www.stedwardsprimary.org?utm_source=snobe-co-uk&utm_medium=school-profile&utm_campaign=organic,2026-03-19,52.8,25.65,23.0,25.0,52.8,27.0,23.0,85.0,8.0,30,,,Westminster,True
https://snobe.co.uk/schools/st-edwards-catholic-primary-school,101128,St Edward's Catholic Primary School,Westminster,Lisson Grove,London,NW1 6LH,Primary,Roman Catholic,27.0,47,23.0,33.333333,235,51.523332,-0.165679,St Edward's Catholic Primary School,27.0,A+,Ofsted Good,http://www.stedwardsprimary.org?utm_source=snobe-co-uk&utm_medium=school-profile&utm_campaign=organic,2026-03-19,52.8,25.65,23.0,25.0,52.8,27.0,23.0,85.0,8.0,20,,,Westminster,True
https://snobe.co.uk/schools/st-edwards-catholic-primary-school,101128,St Edward's Catholic Primary School,Westminster,Lisson Grove,London,NW1 6LH,Primary,Roman Catholic,27.0,42,23.0,33.333333,600,51.523332,-0.165679,St Edward's Catholic Primary School,27.0,A+,Ofsted Good,http://www.stedwardsprimary.org?utm_source=snobe-co-uk&utm_medium=school-profile&utm_campaign=organic,2026-03-19,52.8,25.65,23.0,25.0,52.8,27.0,23.0,85.0,8.0,7,,,Westminster,True
https://snobe.co.uk/schools/st-edwards-catholic-primary-school,101128,St Edward's Catholic Primary School,Westminster,Lisson Grove,London,NW1 6LH,Primary,Roman Catholic,27.0,49,23.0,33.333333,490,51.523332,-0.165679,St Edward's Catholic Primary School,27.0,A+,Ofsted Good,http://www.stedwardsprimary.org?utm_source=snobe-co-uk&utm_medium=school-profile&utm_campaign=organic,2026-03-19,52.8,25.65,23.0,25.0,52.8,27.0,23.0,85.0,8.0,10,,,Westminster,True
https://snobe.co.uk/schools/st-edwards-catholic-primary-school,101128,St Edward's Catholic Primary School,Westminster,Lisson Grove,London,NW1 6LH,Primary,Roman Catholic,27.0,78,23.0,33.333333,260,51.523332,-0.165679,St Edward's Catholic Primary School,27.0,A+,Ofsted Good,http://www.stedwardsprimary.org?utm_source=snobe-co-uk&utm_medium=school-profile&utm_campaign=organic,2026-03-19,52.8,25.65,23.0,25.0,52.8,27.0,23.0,85.0,8.0,30,,,Westminster,True
https://snobe.co.uk/schools/st-edwards-catholic-primary-school,101128,St Edward's Catholic Primary School,Westminster,Lisson Grove,London,NW1 6LH,Primary,Roman Catholic,27.0,73,23.0,33.333333,281,51.523332,-0.165679,St Edward's Catholic Primary School,27.0,A+,Ofsted Good,http://www.stedwardsprimary.org?utm_source=snobe-co-uk&utm_medium=school-profile&utm_campaign=organic,2026-03-19,52.8,25.65,23.0,25.0,52.8,27.0,23.0,85.0,8.0,26,,,Westminster,True
https://snobe.co.uk/schools/st-edwards-catholic-primary-school,101128,St Edward's Catholic Primary School,Westminster,Lisson Grove,London,NW1 6LH,Primary,Roman Catholic,27.0,69,23.0,33.333333,288,51.523332,-0.165679,St Edward's Catholic Primary School,27.0,A+,Ofsted Good,http://www.stedwardsprimary.org?utm_source=snobe-co-uk&utm_medium=school-profile&utm_campaign=organic,2026-03-19,52.8,25.65,23.0,25.0,52.8,27.0,23.0,85.0,8.0,24,,,Westminster,True
https://snobe.co.uk/schools/st-edwards-catholic-primary-school,101128,St Edward's Catholic Primary School,Westminster,Lisson Grove,London,NW1 6LH,Primary,Roman Catholic,27.0,100,23.0,33.333333,286,51.523332,-0.165679,St Edward's Catholic Primary School,27.0,A+,Ofsted Good,http://www.stedwardsprimary.org?utm_source=snobe-co-uk&utm_medium=school-profile&utm_campaign=organic,2026-03-19,52.8,25.65,23.0,25.0,52.8,27.0,23.0,85.0,8.0,35,,,Westminster,True
https://snobe.co.uk/schools/st-edwards-catholic-primary-school,101128,St Edward's Catholic Primary School,Westminster,Lisson Grove,London,NW1 6LH,Primary,Roman Catholic,27.0,86,23.0,33.333333,246,51.523332,-0.165679,St Edward's Catholic Primary School,27.0,A+,Ofsted Good,http://www.stedwardsprimary.org?utm_source=snobe-co-uk&utm_medium=school-profile&utm_campaign=organic,2026-03-19,52.8,25.65,23.0,25.0,52.8,27.0,23.0,85.0,8.0,35,,,Westminster,True
https://snobe.co.uk/schools/st-edwards-catholic-primary-school,101128,St Edward's Catholic Primary School,Westminster,Lisson Grove,London,NW1 6LH,Primary,Roman Catholic,27.0,117,23.0,33.333333,234,51.523332,-0.165679,St Edward's Catholic Primary School,27.0,A+,Ofsted Good,http://www.stedwardsprimary.org?utm_source=snobe-co-uk&utm_medium=school-profile&utm_campaign=organic,2026-03-19,52.8,25.65,23.0,25.0,52.8,27.0,23.0,85.0,8.0,50,,,Westminster,True
https://snobe.co.uk/schools/st-edwards-catholic-primary-school,101128,St Edward's Catholic Primary School,Westminster,Lisson Grove,London,NW1 6LH,Primary,Roman Catholic,27.0,113,23.0,33.333333,342,51.523332,-0.165679,St Edward's Catholic Primary School,27.0,A+,Ofsted Good,http://www.stedwardsprimary.org?utm_source=snobe-co-uk&utm_medium=school-profile&utm_campaign=organic,2026-03-19,52.8,25.65,23.0,25.0,52.8,27.0,23.0,85.0,8.0,33,,,Westminster,True
https://snobe.co.uk/schools/st-georges-catholic-school-0,101155,St George's Catholic School,Westminster,Lanark Road,London,W9 1RB,Secondary,Roman Catholic,206.0,584,140.0,23.972603,58400,51.532904,-0.187945,St George's Catholic School,210.0,A,Ofsted Outstanding,http://www.stgeorgesrc.org?utm_source=snobe-co-uk&utm_medium=school-profile&utm_campaign=organic,2026-03-19,25.0,195.7,0.0,,,,,85.0,8.0,0,,,,True
https://snobe.co.uk/schools/st-josephs-rc-primary-school,101133,St Joseph's RC Primary School,Westminster,Lanark Road,London,W9 1DF,Primary,Roman Catholic,42.0,135,41.0,34.453782,329,51.52742,-0.182209,St Joseph's RC Primary School,41.0,A+,Ofsted Outstanding,http://www.stjosephsschool.org.uk?utm_source=snobe-co-uk&utm_medium=school-profile&utm_campaign=organic,2026-03-19,16.4,39.9,37.0,41.0,16.4,41.0,37.0,85.0,8.0,41,,,Westminster,True
https://snobe.co.uk/schools/st-josephs-rc-primary-school,101133,St Joseph's RC Primary School,Westminster,Lanark Road,London,W9 1DF,Primary,Roman Catholic,42.0,129,41.0,34.453782,307,51.52742,-0.182209,St Joseph's RC Primary School,41.0,A+,Ofsted Outstanding,http://www.stjosephsschool.org.uk?utm_source=snobe-co-uk&utm_medium=school-profile&utm_campaign=organic,2026-03-19,16.4,39.9,37.0,41.0,16.4,41.0,37.0,85.0,8.0,42,,,Westminster,True
https://snobe.co.uk/schools/st-josephs-rc-primary-school,101133,St Joseph's RC Primary School,Westminster,Lanark Road,London,W9 1DF,Primary,Roman Catholic,42.0,148,41.0,34.453782,329,51.52742,-0.182209,St Joseph's RC Primary School,41.0,A+,Ofsted Outstanding,http://www.stjosephsschool.org.uk?utm_source=snobe-co-uk&utm_medium=school-profile&utm_campaign=organic,2026-03-19,16.4,39.9,37.0,41.0,16.4,41.0,37.0,85.0,8.0,45,,,Westminster,True
https://snobe.co.uk/schools/st-josephs-rc-primary-school,101133,St Joseph's RC Primary School,Westminster,Lanark Road,London,W9 1DF,Primary,Roman Catholic,42.0,155,41.0,34.453782,369,51.52742,-0.182209,St Joseph's RC Primary School,41.0,A+,Ofsted Outstanding,http://www.stjosephsschool.org.uk?utm_source=snobe-co-uk&utm_medium=school-profile&utm_campaign=organic,2026-03-19,16.4,39.9,37.0,41.0,16.4,41.0,37.0,85.0,8.0,42,,,Westminster,True
https://snobe.co.uk/schools/st-josephs-rc-primary-school,101133,St Joseph's RC Primary School,Westminster,Lanark Road,London,W9 1DF,Primary,Roman Catholic,42.0,143,41.0,34.453782,349,51.52742,-0.182209,St Joseph's RC Primary School,41.0,A+,Ofsted Outstanding,http://www.stjosephsschool.org.uk?utm_source=snobe-co-uk&utm_medium=school-profile&utm_campaign=organic,2026-03-19,16.4,39.9,37.0,41.0,16.4,41.0,37.0,85.0,8.0,41,,,Westminster,True
https://snobe.co.uk/schools/st-josephs-rc-primary-school,101133,St Joseph's RC Primary School,Westminster,Lanark Road,London,W9 1DF,Primary,Roman Catholic,42.0,148,41.0,34.453782,370,51.52742,-0.182209,St Joseph's RC Primary School,41.0,A+,Ofsted Outstanding,http://www.stjosephsschool.org.uk?utm_source=snobe-co-uk&utm_medium=school-profile&utm_campaign=organic,2026-03-19,16.4,39.9,37.0,41.0,16.4,41.0,37.0,85.0,8.0,40,,,Westminster,True
https://snobe.co.uk/schools/st-josephs-rc-primary-school,101133,St Joseph's RC Primary School,Westminster,Lanark Road,London,W9 1DF,Primary,Roman Catholic,42.0,151,41.0,34.453782,368,51.52742,-0.182209,St Joseph's RC Primary School,41.0,A+,Ofsted Outstanding,http://www.stjosephsschool.org.uk?utm_source=snobe-co-uk&utm_medium=school-profile&utm_campaign=organic,2026-03-19,16.4,39.9,37.0,41.0,16.4,41.0,37.0,85.0,8.0,41,,,Westminster,True
https://snobe.co.uk/schools/st-josephs-rc-primary-school,101133,St Joseph's RC Primary School,Westminster,Lanark Road,London,W9 1DF,Primary,Roman Catholic,42.0,154,41.0,34.453782,350,51.52742,-0.182209,St Joseph's RC Primary School,41.0,A+,Ofsted Outstanding,http://www.stjosephsschool.org.uk?utm_source=snobe-co-uk&utm_medium=school-profile&utm_campaign=organic,2026-03-19,16.4,39.9,37.0,41.0,16.4,41.0,37.0,85.0,8.0,44,,,Westminster,True
https://snobe.co.uk/schools/st-josephs-rc-primary-school,101133,St Joseph's RC Primary School,Westminster,Lanark Road,London,W9 1DF,Primary,Roman Catholic,42.0,174,41.0,34.453782,435,51.52742,-0.182209,St Joseph's RC Primary School,41.0,A+,Ofsted Outstanding,http://www.stjosephsschool.org.uk?utm_source=snobe-co-uk&utm_medium=school-profile&utm_campaign=organic,2026-03-19,16.4,39.9,37.0,41.0,16.4,41.0,37.0,85.0,8.0,40,,,Westminster,True
https://snobe.co.uk/schools/st-josephs-rc-primary-school,101133,St Joseph's RC Primary School,Westminster,Lanark Road,London,W9 1DF,Primary,Roman Catholic,42.0,157,41.0,34.453782,365,51.52742,-0.182209,St Joseph's RC Primary School,41.0,A+,Ofsted Outstanding,http://www.stjosephsschool.org.uk?utm_source=snobe-co-uk&utm_medium=school-profile&utm_campaign=organic,2026-03-19,16.4,39.9,37.0,41.0,16.4,41.0,37.0,85.0,8.0,43,,,Westminster,True
https://snobe.co.uk/schools/st-vincent-de-paul-catholic-primary-school-0,101144,St Vincent De Paul Catholic Primary School,Westminster,Morpeth Terrace,LONDON,SW1P 1EP,Primary,Roman Catholic,21.0,44,19.0,43.181818,210,51.495314,-0.13959,St Vincent De Paul Catholic Primary School,21.0,A+,Ofsted Good,http://www.svpcatholicprimary.org?utm_source=snobe-co-uk&utm_medium=school-profile&utm_campaign=organic,2026-03-19,28.2,19.95,19.0,20.0,28.2,21.0,19.0,85.0,8.0,21,,,Westminster,True
https://snobe.co.uk/schools/st-vincent-de-paul-catholic-primary-school-0,101144,St Vincent De Paul Catholic Primary School,Westminster,Morpeth Terrace,LONDON,SW1P 1EP,Primary,Roman Catholic,21.0,47,19.0,43.181818,247,51.495314,-0.13959,St Vincent De Paul Catholic Primary School,21.0,A+,Ofsted Good,http://www.svpcatholicprimary.org?utm_source=snobe-co-uk&utm_medium=school-profile&utm_campaign=organic,2026-03-19,28.2,19.95,19.0,20.0,28.2,21.0,19.0,85.0,8.0,19,,,Westminster,True
https://snobe.co.uk/schools/st-vincent-de-paul-catholic-primary-school-0,101144,St Vincent De Paul Catholic Primary School,Westminster,Morpeth Terrace,LONDON,SW1P 1EP,Primary,Roman Catholic,21.0,45,19.0,43.181818,173,51.495314,-0.13959,St Vincent De Paul Catholic Primary School,21.0,A+,Ofsted Good,http://www.svpcatholicprimary.org?utm_source=snobe-co-uk&utm_medium=school-profile&utm_campaign=organic,2026-03-19,28.2,19.95,19.0,20.0,28.2,21.0,19.0,85.0,8.0,26,,,Westminster,True
https://snobe.co.uk/schools/st-vincent-de-paul-catholic-primary-school-0,101144,St Vincent De Paul Catholic Primary School,Westminster,Morpeth Terrace,LONDON,SW1P 1EP,Primary,Roman Catholic,21.0,36,19.0,43.181818,189,51.495314,-0.13959,St Vincent De Paul Catholic Primary School,21.0,A+,Ofsted Good,http://www.svpcatholicprimary.org?utm_source=snobe-co-uk&utm_medium=school-profile&utm_campaign=organic,2026-03-19,28.2,19.95,19.0,20.0,28.2,21.0,19.0,85.0,8.0,19,,,Westminster,True
https://snobe.co.uk/schools/st-vincent-de-paul-catholic-primary-school-0,101144,St Vincent De Paul Catholic Primary School,Westminster,Morpeth Terrace,LONDON,SW1P 1EP,Primary,Roman Catholic,21.0,47,19.0,43.181818,247,51.495314,-0.13959,St Vincent De Paul Catholic Primary School,21.0,A+,Ofsted Good,http://www.svpcatholicprimary.org?utm_source=snobe-co-uk&utm_medium=school-profile&utm_campaign=organic,2026-03-19,28.2,19.95,19.0,20.0,28.2,21.0,19.0,85.0,8.0,19,,,Westminster,True
https://snobe.co.uk/schools/st-vincent-de-paul-catholic-primary-school-0,101144,St Vincent De Paul Catholic Primary School,Westminster,Morpeth Terrace,LONDON,SW1P 1EP,Primary,Roman Catholic,21.0,64,19.0,43.181818,213,51.495314,-0.13959,St Vincent De Paul Catholic Primary School,21.0,A+,Ofsted Good,http://www.svpcatholicprimary.org?utm_source=snobe-co-uk&utm_medium=school-profile&utm_campaign=organic,2026-03-19,28.2,19.95,19.0,20.0,28.2,21.0,19.0,85.0,8.0,30,,,Westminster,True
https://snobe.co.uk/schools/st-vincent-de-paul-catholic-primary-school-0,101144,St Vincent De Paul Catholic Primary School,Westminster,Morpeth Terrace,LONDON,SW1P 1EP,Primary,Roman Catholic,21.0,89,19.0,43.181818,297,51.495314,-0.13959,St Vincent De Paul Catholic Primary School,21.0,A+,Ofsted Good,http://www.svpcatholicprimary.org?utm_source=snobe-co-uk&utm_medium=school-profile&utm_campaign=organic,2026-03-19,28.2,19.95,19.0,20.0,28.2,21.0,19.0,85.0,8.0,30,,,Westminster,True
https://snobe.co.uk/schools/st-vincent-de-paul-catholic-primary-school-0,101144,St Vincent De Paul Catholic Primary School,Westminster,Morpeth Terrace,LONDON,SW1P 1EP,Primary,Roman Catholic,21.0,64,19.0,43.181818,229,51.495314,-0.13959,St Vincent De Paul Catholic Primary School,21.0,A+,Ofsted Good,http://www.svpcatholicprimary.org?utm_source=snobe-co-uk&utm_medium=school-profile&utm_campaign=organic,2026-03-19,28.2,19.95,19.0,20.0,28.2,21.0,19.0,85.0,8.0,28,,,Westminster,True
https://snobe.co.uk/schools/st-vincent-de-paul-catholic-primary-school-0,101144,St Vincent De Paul Catholic Primary School,Westminster,Morpeth Terrace,LONDON,SW1P 1EP,Primary,Roman Catholic,21.0,85,19.0,43.181818,283,51.495314,-0.13959,St Vincent De Paul Catholic Primary School,21.0,A+,Ofsted Good,http://www.svpcatholicprimary.org?utm_source=snobe-co-uk&utm_medium=school-profile&utm_campaign=organic,2026-03-19,28.2,19.95,19.0,20.0,28.2,21.0,19.0,85.0,8.0,30,,,Westminster,True
https://snobe.co.uk/schools/st-vincent-de-paul-catholic-primary-school-0,101144,St Vincent De Paul Catholic Primary School,Westminster,Morpeth Terrace,LONDON,SW1P 1EP,Primary,Roman Catholic,21.0,65,19.0,43.181818,224,51.495314,-0.13959,St Vincent De Paul Catholic Primary School,21.0,A+,Ofsted Good,http://www.svpcatholicprimary.org?utm_source=snobe-co-uk&utm_medium=school-profile&utm_campaign=organic,2026-03-19,28.2,19.95,19.0,20.0,28.2,21.0,19.0,85.0,8.0,29,,,Westminster,True
https://snobe.co.uk/schools/st-vincent-de-paul-catholic-primary-school-0,101144,St Vincent De Paul Catholic Primary School,Westminster,Morpeth Terrace,LONDON,SW1P 1EP,Primary,Roman Catholic,21.0,87,19.0,43.181818,290,51.495314,-0.13959,St Vincent De Paul Catholic Primary School,21.0,A+,Ofsted Good,http://www.svpcatholicprimary.org?utm_source=snobe-co-uk&utm_medium=school-profile&utm_campaign=organic,2026-03-19,28.2,19.95,19.0,20.0,28.2,21.0,19.0,85.0,8.0,30,,,Westminster,True
https://snobe.co.uk/schools/st-vincent-de-paul-catholic-primary-school-0,101144,St Vincent De Paul Catholic Primary School,Westminster,Morpeth Terrace,LONDON,SW1P 1EP,Primary,Roman Catholic,21.0,84,19.0,43.181818,290,51.495314,-0.13959,St Vincent De Paul Catholic Primary School,21.0,A+,Ofsted Good,http://www.svpcatholicprimary.org?utm_source=snobe-co-uk&utm_medium=school-profile&utm_campaign=organic,2026-03-19,28.2,19.95,19.0,20.0,28.2,21.0,19.0,85.0,8.0,29,,,Westminster,True
https://snobe.co.uk/schools/st-vincents-catholic-primary-school-2,101143,St Vincent's Catholic Primary School,Westminster,St Vincent Street,London,W1U 4DF,Primary,Roman Catholic,30.0,91,28.0,30.769231,303,51.518622,-0.152665,St Vincent's Catholic Primary School,30.0,A+,Ofsted Outstanding,http://www.st-vincents.ealing.sch.uk?utm_source=snobe-co-uk&utm_medium=school-profile&utm_campaign=organic,2026-03-19,12.7,28.5,28.0,30.0,12.7,30.0,28.0,85.0,8.0,30,,,Westminster,True
https://snobe.co.uk/schools/st-vincents-catholic-primary-school-2,101143,St Vincent's Catholic Primary School,Westminster,St Vincent Street,London,W1U 4DF,Primary,Roman Catholic,30.0,96,28.0,30.769231,320,51.518622,-0.152665,St Vincent's Catholic Primary School,30.0,A+,Ofsted Outstanding,http://www.st-vincents.ealing.sch.uk?utm_source=snobe-co-uk&utm_medium=school-profile&utm_campaign=organic,2026-03-19,12.7,28.5,28.0,30.0,12.7,30.0,28.0,85.0,8.0,30,,,Westminster,True
https://snobe.co.uk/schools/st-vincents-catholic-primary-school-2,101143,St Vincent's Catholic Primary School,Westminster,St Vincent Street,London,W1U 4DF,Primary,Roman Catholic,30.0,89,28.0,30.769231,297,51.518622,-0.152665,St Vincent's Catholic Primary School,30.0,A+,Ofsted Outstanding,http://www.st-vincents.ealing.sch.uk?utm_source=snobe-co-uk&utm_medium=school-profile&utm_campaign=organic,2026-03-19,12.7,28.5,28.0,30.0,12.7,30.0,28.0,85.0,8.0,30,,,Westminster,True
https://snobe.co.uk/schools/st-vincents-catholic-primary-school-2,101143,St Vincent's Catholic Primary School,Westminster,St Vincent Street,London,W1U 4DF,Primary,Roman Catholic,30.0,90,28.0,30.769231,310,51.518622,-0.152665,St Vincent's Catholic Primary School,30.0,A+,Ofsted Outstanding,http://www.st-vincents.ealing.sch.uk?utm_source=snobe-co-uk&utm_medium=school-profile&utm_campaign=organic,2026-03-19,12.7,28.5,28.0,30.0,12.7,30.0,28.0,85.0,8.0,29,,,Westminster,True
https://snobe.co.uk/schools/st-vincents-catholic-primary-school-2,101143,St Vincent's Catholic Primary School,Westminster,St Vincent Street,London,W1U 4DF,Primary,Roman Catholic,30.0,95,28.0,30.769231,317,51.518622,-0.152665,St Vincent's Catholic Primary School,30.0,A+,Ofsted Outstanding,http://www.st-vincents.ealing.sch.uk?utm_source=snobe-co-uk&utm_medium=school-profile&utm_campaign=organic,2026-03-19,12.7,28.5,28.0,30.0,12.7,30.0,28.0,85.0,8.0,30,,,Westminster,True
https://snobe.co.uk/schools/st-vincents-catholic-primary-school-2,101143,St Vincent's Catholic Primary School,Westminster,St Vincent Street,London,W1U 4DF,Primary,Roman Catholic,30.0,122,28.0,30.769231,407,51.518622,-0.152665,St Vincent's Catholic Primary School,30.0,A+,Ofsted Outstanding,http://www.st-vincents.ealing.sch.uk?utm_source=snobe-co-uk&utm_medium=school-profile&utm_campaign=organic,2026-03-19,12.7,28.5,28.0,30.0,12.7,30.0,28.0,85.0,8.0,30,,,Westminster,True
https://snobe.co.uk/schools/st-vincents-catholic-primary-school-2,101143,St Vincent's Catholic Primary School,Westminster,St Vincent Street,London,W1U 4DF,Primary,Roman Catholic,30.0,103,28.0,30.769231,343,51.518622,-0.152665,St Vincent's Catholic Primary School,30.0,A+,Ofsted Outstanding,http://www.st-vincents.ealing.sch.uk?utm_source=snobe-co-uk&utm_medium=school-profile&utm_campaign=organic,2026-03-19,12.7,28.5,28.0,30.0,12.7,30.0,28.0,85.0,8.0,30,,,Westminster,True
https://snobe.co.uk/schools/st-vincents-catholic-primary-school-2,101143,St Vincent's Catholic Primary School,Westminster,St Vincent Street,London,W1U 4DF,Primary,Roman Catholic,30.0,102,28.0,30.769231,364,51.518622,-0.152665,St Vincent's Catholic Primary School,30.0,A+,Ofsted Outstanding,http://www.st-vincents.ealing.sch.uk?utm_source=snobe-co-uk&utm_medium=school-profile&utm_campaign=organic,2026-03-19,12.7,28.5,28.0,30.0,12.7,30.0,28.0,85.0,8.0,28,,,Westminster,True
https://snobe.co.uk/schools/st-vincents-catholic-primary-school-2,101143,St Vincent's Catholic Primary School,Westminster,St Vincent Street,London,W1U 4DF,Primary,Roman Catholic,30.0,129,28.0,30.769231,430,51.518622,-0.152665,St Vincent's Catholic Primary School,30.0,A+,Ofsted Outstanding,http://www.st-vincents.ealing.sch.uk?utm_source=snobe-co-uk&utm_medium=school-profile&utm_campaign=organic,2026-03-19,12.7,28.5,28.0,30.0,12.7,30.0,28.0,85.0,8.0,30,,,Westminster,True
https://snobe.co.uk/schools/st-vincents-catholic-primary-school-2,101143,St Vincent's Catholic Primary School,Westminster,St Vincent Street,London,W1U 4DF,Primary,Roman Catholic,30.0,118,28.0,30.769231,393,51.518622,-0.152665,St Vincent's Catholic Primary School,30.0,A+,Ofsted Outstanding,http://www.st-vincents.ealing.sch.uk?utm_source=snobe-co-uk&utm_medium=school-profile&utm_campaign=organic,2026-03-19,12.7,28.5,28.0,30.0,12.7,30.0,28.0,85.0,8.0,30,,,Westminster,True
https://snobe.co.uk/schools/st-vincents-catholic-primary-school-2,101143,St Vincent's Catholic Primary School,Westminster,St Vincent Street,London,W1U 4DF,Primary,Roman Catholic,30.0,112,28.0,30.769231,386,51.518622,-0.152665,St Vincent's Catholic Primary School,30.0,A+,Ofsted Outstanding,http://www.st-vincents.ealing.sch.uk?utm_source=snobe-co-uk&utm_medium=school-profile&utm_campaign=organic,2026-03-19,12.7,28.5,28.0,30.0,12.7,30.0,28.0,85.0,8.0,29,,,Westminster,True
https://snobe.co.uk/schools/st-vincents-catholic-primary-school-2,101143,St Vincent's Catholic Primary School,Westminster,St Vincent Street,London,W1U 4DF,Primary,Roman Catholic,30.0,127,28.0,30.769231,423,51.518622,-0.152665,St Vincent's Catholic Primary School,30.0,A+,Ofsted Outstanding,http://www.st-vincents.ealing.sch.uk?utm_source=snobe-co-uk&utm_medium=school-profile&utm_campaign=organic,2026-03-19,12.7,28.5,28.0,30.0,12.7,30.0,28.0,85.0,8.0,30,,,Westminster,True
https://snobe.co.uk/schools/st-mary-angels-catholic-primary-school,101137,St. Mary of the Angels Catholic Primary School,Westminster,Shrewsbury Road,London,W2 5PR,Primary,Roman Catholic,23.0,51,19.0,37.254902,222,51.518438,-0.197485,St. Mary of the Angels Catholic Primary School,23.0,B-,Ofsted Good,http://www.stmaryangels.co.uk/?utm_source=snobe-co-uk&utm_medium=school-profile&utm_campaign=organic,2026-03-19,46.2,21.85,19.0,23.0,46.2,23.0,19.0,85.0,8.0,23,,,Westminster,True
https://snobe.co.uk/schools/st-mary-angels-catholic-primary-school,101137,St. Mary of the Angels Catholic Primary School,Westminster,Shrewsbury Road,London,W2 5PR,Primary,Roman Catholic,23.0,34,19.0,37.254902,148,51.518438,-0.197485,St. Mary of the Angels Catholic Primary School,23.0,B-,Ofsted Good,http://www.stmaryangels.co.uk/?utm_source=snobe-co-uk&utm_medium=school-profile&utm_campaign=organic,2026-03-19,46.2,21.85,19.0,23.0,46.2,23.0,19.0,85.0,8.0,23,,,Westminster,True
https://snobe.co.uk/schools/st-mary-angels-catholic-primary-school,101137,St. Mary of the Angels Catholic Primary School,Westminster,Shrewsbury Road,London,W2 5PR,Primary,Roman Catholic,23.0,47,19.0,37.254902,188,51.518438,-0.197485,St. Mary of the Angels Catholic Primary School,23.0,B-,Ofsted Good,http://www.stmaryangels.co.uk/?utm_source=snobe-co-uk&utm_medium=school-profile&utm_campaign=organic,2026-03-19,46.2,21.85,19.0,23.0,46.2,23.0,19.0,85.0,8.0,25,,,Westminster,True
https://snobe.co.uk/schools/st-mary-angels-catholic-primary-school,101137,St. Mary of the Angels Catholic Primary School,Westminster,Shrewsbury Road,London,W2 5PR,Primary,Roman Catholic,23.0,52,19.0,37.254902,226,51.518438,-0.197485,St. Mary of the Angels Catholic Primary School,23.0,B-,Ofsted Good,http://www.stmaryangels.co.uk/?utm_source=snobe-co-uk&utm_medium=school-profile&utm_campaign=organic,2026-03-19,46.2,21.85,19.0,23.0,46.2,23.0,19.0,85.0,8.0,23,,,Westminster,True
https://snobe.co.uk/schools/st-mary-angels-catholic-primary-school,101137,St. Mary of the Angels Catholic Primary School,Westminster,Shrewsbury Road,London,W2 5PR,Primary,Roman Catholic,23.0,66,19.0,37.254902,150,51.518438,-0.197485,St. Mary of the Angels Catholic Primary School,23.0,B-,Ofsted Good,http://www.stmaryangels.co.uk/?utm_source=snobe-co-uk&utm_medium=school-profile&utm_campaign=organic,2026-03-19,46.2,21.85,19.0,23.0,46.2,23.0,19.0,85.0,8.0,44,,,Westminster,True
https://snobe.co.uk/schools/st-mary-angels-catholic-primary-school,101137,St. Mary of the Angels Catholic Primary School,Westminster,Shrewsbury Road,London,W2 5PR,Primary,Roman Catholic,23.0,62,19.0,37.254902,248,51.518438,-0.197485,St. Mary of the Angels Catholic Primary School,23.0,B-,Ofsted Good,http://www.stmaryangels.co.uk/?utm_source=snobe-co-uk&utm_medium=school-profile&utm_campaign=organic,2026-03-19,46.2,21.85,19.0,23.0,46.2,23.0,19.0,85.0,8.0,25,,,Westminster,True
https://snobe.co.uk/schools/st-mary-angels-catholic-primary-school,101137,St. Mary of the Angels Catholic Primary School,Westminster,Shrewsbury Road,London,W2 5PR,Primary,Roman Catholic,23.0,70,19.0,37.254902,212,51.518438,-0.197485,St. Mary of the Angels Catholic Primary School,23.0,B-,Ofsted Good,http://www.stmaryangels.co.uk/?utm_source=snobe-co-uk&utm_medium=school-profile&utm_campaign=organic,2026-03-19,46.2,21.85,19.0,23.0,46.2,23.0,19.0,85.0,8.0,33,,,Westminster,True
https://snobe.co.uk/schools/st-mary-angels-catholic-primary-school,101137,St. Mary of the Angels Catholic Primary School,Westminster,Shrewsbury Road,London,W2 5PR,Primary,Roman Catholic,23.0,70,19.0,37.254902,219,51.518438,-0.197485,St. Mary of the Angels Catholic Primary School,23.0,B-,Ofsted Good,http://www.stmaryangels.co.uk/?utm_source=snobe-co-uk&utm_medium=school-profile&utm_campaign=organic,2026-03-19,46.2,21.85,19.0,23.0,46.2,23.0,19.0,85.0,8.0,32,,,Westminster,True
https://snobe.co.uk/schools/st-mary-angels-catholic-primary-school,101137,St. Mary of the Angels Catholic Primary School,Westminster,Shrewsbury Road,London,W2 5PR,Primary,Roman Catholic,23.0,91,19.0,37.254902,239,51.518438,-0.197485,St. Mary of the Angels Catholic Primary School,23.0,B-,Ofsted Good,http://www.stmaryangels.co.uk/?utm_source=snobe-co-uk&utm_medium=school-profile&utm_campaign=organic,2026-03-19,46.2,21.85,19.0,23.0,46.2,23.0,19.0,85.0,8.0,38,,,Westminster,True
https://snobe.co.uk/schools/st-mary-angels-catholic-primary-school,101137,St. Mary of the Angels Catholic Primary School,Westminster,Shrewsbury Road,London,W2 5PR,Primary,Roman Catholic,23.0,101,19.0,37.254902,246,51.518438,-0.197485,St. Mary of the Angels Catholic Primary School,23.0,B-,Ofsted Good,http://www.stmaryangels.co.uk/?utm_source=snobe-co-uk&utm_medium=school-profile&utm_campaign=organic,2026-03-19,46.2,21.85,19.0,23.0,46.2,23.0,19.0,85.0,8.0,41,,,Westminster,True
https://snobe.co.uk/schools/st-mary-angels-catholic-primary-school,101137,St. Mary of the Angels Catholic Primary School,Westminster,Shrewsbury Road,London,W2 5PR,Primary,Roman Catholic,23.0,97,19.0,37.254902,216,51.518438,-0.197485,St. Mary of the Angels Catholic Primary School,23.0,B-,Ofsted Good,http://www.stmaryangels.co.uk/?utm_source=snobe-co-uk&utm_medium=school-profile&utm_campaign=organic,2026-03-19,46.2,21.85,19.0,23.0,46.2,23.0,19.0,85.0,8.0,45,,,Westminster,True
https://snobe.co.uk/schools/st-mary-angels-catholic-primary-school,101137,St. Mary of the Angels Catholic Primary School,Westminster,Shrewsbury Road,London,W2 5PR,Primary,Roman Catholic,23.0,98,19.0,37.254902,218,51.518438,-0.197485,St. Mary of the Angels Catholic Primary School,23.0,B-,Ofsted Good,http://www.stmaryangels.co.uk/?utm_source=snobe-co-uk&utm_medium=school-profile&utm_campaign=organic,2026-03-19,46.2,21.85,19.0,23.0,46.2,23.0,19.0,85.0,8.0,45,,,Westminster,True
https://snobe.co.uk/schools/westminster-cathedral-choir-school,101166,Westminster Cathedral Choir School,Westminster,Ambrosden Avenue,London,SW1P 1QH,Not applicable,Roman Catholic,,0,,,0,51.495234,-0.139104,Westminster Cathedral Choir School,210.0,D,Ofsted Outstanding,http://www.choirschool.com?utm_source=snobe-co-uk&utm_medium=school-profile&utm_campaign=organic,2026-03-19,25.0,266.95,0.0,,,,,85.0,8.0,0,,,,False
